[2026-04-05 13:42:59,297] INFO django.utils.autoreload: Watching for file changes with StatReloader
[2026-04-05 13:43:04,461] INFO django.server: "GET / HTTP/1.1" 200 5366
[2026-04-05 13:43:05,119] INFO django.server: "GET /static/css/style.css HTTP/1.1" 304 0
[2026-04-05 13:43:06,825] INFO django.server: "GET /login/ HTTP/1.1" 200 2086
[2026-04-05 13:43:07,820] INFO django.server: "GET /register/ HTTP/1.1" 200 2587
[2026-04-05 13:43:18,798] INFO django.server: "GET /register/ HTTP/1.1" 200 2587
[2026-04-05 13:43:43,666] INFO django.utils.autoreload: C:\Users\Micie456\PycharmProjects\Diplom\diplom\mainapp\views.py changed, reloading.
[2026-04-05 13:43:44,206] INFO django.utils.autoreload: Watching for file changes with StatReloader
[2026-04-05 13:43:52,862] INFO django.server: "GET /register/ HTTP/1.1" 200 2587
[2026-04-05 13:44:25,520] INFO django.utils.autoreload: C:\Users\Micie456\PycharmProjects\Diplom\diplom\mainapp\views.py changed, reloading.
[2026-04-05 13:44:26,003] INFO django.utils.autoreload: Watching for file changes with StatReloader
[2026-04-05 13:44:35,461] INFO django.server: "GET /register/ HTTP/1.1" 200 2587
[2026-04-05 13:45:10,378] INFO django.utils.autoreload: C:\Users\Micie456\PycharmProjects\Diplom\diplom\mainapp\views.py changed, reloading.
[2026-04-05 13:45:10,873] INFO django.utils.autoreload: Watching for file changes with StatReloader
[2026-04-05 13:45:22,185] INFO django.server: "GET /register/ HTTP/1.1" 200 2587
[2026-04-05 13:47:26,088] INFO django.utils.autoreload: Watching for file changes with StatReloader
[2026-04-05 13:47:28,279] INFO django.server: "GET /register/ HTTP/1.1" 200 2503
[2026-04-05 13:47:28,316] INFO django.server: "GET /static/css/style.css HTTP/1.1" 304 0
[2026-04-05 13:47:38,305] INFO django.server: "POST /register/ HTTP/1.1" 302 0
[2026-04-05 13:47:38,354] INFO django.server: "GET / HTTP/1.1" 200 5373
[2026-04-05 13:47:46,635] INFO django.server: "GET /profile/ HTTP/1.1" 200 31
[2026-04-05 13:48:39,007] INFO django.utils.autoreload: C:\Users\Micie456\PycharmProjects\Diplom\diplom\mainapp\views.py changed, reloading.
[2026-04-05 13:48:39,494] INFO django.utils.autoreload: Watching for file changes with StatReloader
[2026-04-05 13:50:02,373] INFO django.utils.autoreload: C:\Users\Micie456\PycharmProjects\Diplom\diplom\mainapp\views.py changed, reloading.
[2026-04-05 13:50:02,858] INFO django.utils.autoreload: Watching for file changes with StatReloader
[2026-04-05 13:50:05,769] INFO django.server: "GET / HTTP/1.1" 200 5373
[2026-04-05 13:50:09,626] INFO django.server: "GET /admin/ HTTP/1.1" 302 0
[2026-04-05 13:50:09,720] INFO django.server: "GET /admin/login/?next=/admin/ HTTP/1.1" 200 3597
[2026-04-05 13:50:09,755] INFO django.server: "GET /static/admin/css/login.css HTTP/1.1" 304 0
[2026-04-05 13:50:15,581] INFO django.server: "POST /admin/login/?next=/admin/ HTTP/1.1" 302 0
[2026-04-05 13:50:15,644] INFO django.server: "GET /admin/ HTTP/1.1" 200 11054
[2026-04-05 13:50:17,896] INFO django.server: "GET /admin/auth/user/ HTTP/1.1" 200 13461
[2026-04-05 13:50:17,936] INFO django.server: "GET /static/admin/css/changelists.css HTTP/1.1" 304 0
[2026-04-05 13:50:17,939] INFO django.server: "GET /static/admin/js/vendor/jquery/jquery.js HTTP/1.1" 304 0
[2026-04-05 13:50:17,940] INFO django.server: "GET /static/admin/js/jquery.init.js HTTP/1.1" 304 0
[2026-04-05 13:50:17,940] INFO django.server: "GET /static/admin/js/core.js HTTP/1.1" 304 0
[2026-04-05 13:50:17,940] INFO django.server: "GET /static/admin/js/actions.js HTTP/1.1" 304 0
[2026-04-05 13:50:17,941] INFO django.server: "GET /static/admin/js/admin/RelatedObjectLookups.js HTTP/1.1" 304 0
[2026-04-05 13:50:17,941] INFO django.server: "GET /static/admin/js/urlify.js HTTP/1.1" 304 0
[2026-04-05 13:50:17,942] INFO django.server: "GET /static/admin/js/prepopulate.js HTTP/1.1" 304 0
[2026-04-05 13:50:17,943] INFO django.server: "GET /static/admin/js/vendor/xregexp/xregexp.js HTTP/1.1" 304 0
[2026-04-05 13:50:17,946] INFO django.server: "GET /static/admin/img/search.svg HTTP/1.1" 304 0
[2026-04-05 13:50:17,946] INFO django.server: "GET /static/admin/img/icon-yes.svg HTTP/1.1" 304 0
[2026-04-05 13:50:17,994] INFO django.server: "GET /static/admin/img/icon-no.svg HTTP/1.1" 200 645
[2026-04-05 13:50:18,014] INFO django.server: "GET /admin/jsi18n/ HTTP/1.1" 200 3342
[2026-04-05 13:50:18,030] INFO django.server: "GET /static/admin/js/filters.js HTTP/1.1" 304 0
[2026-04-05 13:50:18,041] INFO django.server: "GET /static/admin/img/icon-viewlink.svg HTTP/1.1" 304 0
[2026-04-05 13:50:18,042] INFO django.server: "GET /static/admin/img/tooltag-add.svg HTTP/1.1" 304 0
[2026-04-05 13:50:18,042] INFO django.server: "GET /static/admin/img/sorting-icons.svg HTTP/1.1" 304 0
[2026-04-05 13:50:24,936] INFO django.server: "GET /admin/auth/user/2/change/ HTTP/1.1" 200 26409
[2026-04-05 13:50:24,975] INFO django.server: "GET /static/admin/css/forms.css HTTP/1.1" 304 0
[2026-04-05 13:50:24,978] INFO django.server: "GET /static/admin/js/prepopulate_init.js HTTP/1.1" 304 0
[2026-04-05 13:50:24,979] INFO django.server: "GET /static/admin/css/widgets.css HTTP/1.1" 304 0
[2026-04-05 13:50:24,998] INFO django.server: "GET /static/admin/js/SelectFilter2.js HTTP/1.1" 200 16428
[2026-04-05 13:50:24,998] INFO django.server: "GET /static/admin/js/calendar.js HTTP/1.1" 200 9159
[2026-04-05 13:50:24,999] INFO django.server: "GET /static/admin/js/admin/DateTimeShortcuts.js HTTP/1.1" 200 19698
[2026-04-05 13:50:25,001] INFO django.server: "GET /static/admin/js/SelectBox.js HTTP/1.1" 200 4530
[2026-04-05 13:50:25,022] INFO django.server: "GET /admin/jsi18n/ HTTP/1.1" 200 3342
[2026-04-05 13:50:25,058] INFO django.server: "GET /static/admin/js/change_form.js HTTP/1.1" 304 0
[2026-04-05 13:50:25,096] INFO django.server: "GET /static/admin/img/selector-icons.svg HTTP/1.1" 200 2387
[2026-04-05 13:50:25,096] INFO django.server: "GET /static/admin/img/icon-calendar.svg HTTP/1.1" 200 1112
[2026-04-05 13:50:25,098] INFO django.server: "GET /static/admin/img/icon-clock.svg HTTP/1.1" 200 805
[2026-04-05 13:50:28,897] INFO django.server: "GET /admin/auth/user/2/delete/ HTTP/1.1" 200 8599
[2026-04-05 13:50:28,939] INFO django.server: "GET /static/admin/js/cancel.js HTTP/1.1" 200 884
[2026-04-05 13:50:30,012] INFO django.server: "POST /admin/auth/user/2/delete/ HTTP/1.1" 302 0
[2026-04-05 13:50:30,067] INFO django.server: "GET /admin/auth/user/ HTTP/1.1" 200 13145
[2026-04-05 13:50:30,144] INFO django.server: "GET /admin/jsi18n/ HTTP/1.1" 200 3342
[2026-04-05 13:50:30,188] INFO django.server: "GET /static/admin/img/icon-yes-dark.svg HTTP/1.1" 200 558
[2026-04-05 13:50:34,164] INFO django.server: "GET / HTTP/1.1" 200 5373
[2026-04-05 13:50:38,437] INFO django.server: "GET /admin/ HTTP/1.1" 200 11358
[2026-04-05 13:50:40,553] INFO django.server: "POST /admin/logout/ HTTP/1.1" 200 3475
[2026-04-05 13:50:43,631] INFO django.server: "GET / HTTP/1.1" 200 5366
[2026-04-05 13:50:44,664] INFO django.server: "GET /login/ HTTP/1.1" 200 2086
[2026-04-05 13:50:46,722] INFO django.server: "GET /register/ HTTP/1.1" 200 2503
[2026-04-05 13:50:58,688] INFO django.server: "POST /register/ HTTP/1.1" 302 0
[2026-04-05 13:50:58,731] INFO django.server: "GET / HTTP/1.1" 200 5366
[2026-04-05 13:51:12,891] INFO django.utils.autoreload: C:\Users\Micie456\PycharmProjects\Diplom\diplom\mainapp\views.py changed, reloading.
[2026-04-05 13:51:13,430] INFO django.utils.autoreload: Watching for file changes with StatReloader
[2026-04-05 13:51:20,241] INFO django.server: "GET /admin/ HTTP/1.1" 302 0
[2026-04-05 13:51:20,272] INFO django.server: "GET /admin/login/?next=/admin/ HTTP/1.1" 200 4080
[2026-04-05 13:51:22,124] INFO django.server: "POST /admin/login/?next=/admin/ HTTP/1.1" 200 4251
[2026-04-05 13:51:26,159] INFO django.server: "POST /admin/login/?next=/admin/ HTTP/1.1" 302 0
[2026-04-05 13:51:26,218] INFO django.server: "GET /admin/ HTTP/1.1" 200 11358
[2026-04-05 13:51:28,013] INFO django.server: "GET /admin/auth/user/ HTTP/1.1" 200 13461
[2026-04-05 13:51:28,102] INFO django.server: "GET /admin/jsi18n/ HTTP/1.1" 200 3342
[2026-04-05 13:51:29,510] INFO django.server: "GET /admin/auth/user/3/change/ HTTP/1.1" 200 26373
[2026-04-05 13:51:29,593] INFO django.server: "GET /admin/jsi18n/ HTTP/1.1" 200 3342
[2026-04-05 13:51:31,842] INFO django.server: "GET /admin/auth/user/3/delete/ HTTP/1.1" 200 8599
[2026-04-05 13:51:32,752] INFO django.server: "POST /admin/auth/user/3/delete/ HTTP/1.1" 302 0
[2026-04-05 13:51:32,806] INFO django.server: "GET /admin/auth/user/ HTTP/1.1" 200 13145
[2026-04-05 13:51:32,885] INFO django.server: "GET /admin/jsi18n/ HTTP/1.1" 200 3342
[2026-04-05 13:51:35,014] INFO django.server: "GET / HTTP/1.1" 200 5373
[2026-04-05 13:51:35,051] INFO django.server: "GET /static/css/style.css HTTP/1.1" 304 0
[2026-04-05 13:51:38,897] INFO django.server: "GET /admin/ HTTP/1.1" 200 11291
[2026-04-05 13:51:40,585] INFO django.server: "POST /admin/logout/ HTTP/1.1" 200 3475
[2026-04-05 13:51:43,030] INFO django.server: "GET / HTTP/1.1" 200 5366
[2026-04-05 13:51:44,066] INFO django.server: "GET /login/ HTTP/1.1" 200 2086
[2026-04-05 13:51:45,164] INFO django.server: "GET /register/ HTTP/1.1" 200 2503
[2026-04-05 13:51:54,629] INFO django.server: "POST /register/ HTTP/1.1" 302 0
[2026-04-05 13:51:54,637] INFO django.server: "GET /login/ HTTP/1.1" 200 2086
[2026-04-05 13:51:58,163] INFO django.server: "POST /login/ HTTP/1.1" 302 0
[2026-04-05 13:51:58,210] INFO django.server: "GET / HTTP/1.1" 200 5373
[2026-04-05 13:52:02,375] INFO django.server: "GET /profile/ HTTP/1.1" 200 31
[2026-04-05 13:52:33,542] INFO django.utils.autoreload: C:\Users\Micie456\PycharmProjects\Diplom\diplom\mainapp\views.py changed, reloading.
[2026-04-05 13:52:34,049] INFO django.utils.autoreload: Watching for file changes with StatReloader
[2026-04-05 13:52:34,488] ERROR django.request: Internal Server Error: /profile/
Traceback (most recent call last):
  File "C:\Users\Micie456\PycharmProjects\Diplom\.venv\Lib\site-packages\django\core\handlers\exception.py", line 55, in inner
    response = get_response(request)
               ^^^^^^^^^^^^^^^^^^^^^
  File "C:\Users\Micie456\PycharmProjects\Diplom\.venv\Lib\site-packages\django\core\handlers\base.py", line 198, in _get_response
    response = wrapped_callback(request, *callback_args, **callback_kwargs)
               ^^^^^^^^^^^^^^^^^^^^^^^^^^^^^^^^^^^^^^^^^^^^^^^^^^^^^^^^^^^^
TypeError: profile() missing 1 required positional argument: 'user'
[2026-04-05 13:52:34,489] ERROR django.server: "GET /profile/ HTTP/1.1" 500 63502
[2026-04-05 13:53:17,454] INFO django.utils.autoreload: Watching for file changes with StatReloader
[2026-04-05 13:53:29,811] INFO django.server: "GET /login/ HTTP/1.1" 200 2086
[2026-04-05 13:53:35,514] INFO django.server: "GET /admin/ HTTP/1.1" 302 0
[2026-04-05 13:53:35,539] INFO django.server: "GET /admin/login/?next=/admin/ HTTP/1.1" 200 4080
[2026-04-05 13:53:35,651] INFO django.server: "GET /static/admin/css/dark_mode.css HTTP/1.1" 200 3538
[2026-04-05 13:53:35,659] INFO django.server: "GET /static/admin/css/base.css HTTP/1.1" 200 23100
[2026-04-05 13:53:35,673] INFO django.server: "GET /static/admin/css/nav_sidebar.css HTTP/1.1" 200 2810
[2026-04-05 13:53:35,673] INFO django.server: "GET /static/admin/css/login.css HTTP/1.1" 200 951
[2026-04-05 13:53:35,677] INFO django.server: "GET /static/admin/js/theme.js HTTP/1.1" 200 1653
[2026-04-05 13:53:35,681] INFO django.server: "GET /static/admin/js/nav_sidebar.js HTTP/1.1" 200 3063
[2026-04-05 13:53:35,684] INFO django.server: "GET /static/admin/css/responsive.css HTTP/1.1" 200 16273
[2026-04-05 13:53:37,810] INFO django.server: "GET / HTTP/1.1" 200 5366
[2026-04-05 13:53:37,848] INFO django.server: "GET /static/css/style.css HTTP/1.1" 200 6033
[2026-04-05 13:53:37,849] INFO django.server: "GET /static/images/Diplom_2.jpg HTTP/1.1" 200 13406
[2026-04-05 13:53:37,849] INFO django.server: "GET /static/images/diplom_1.jpg HTTP/1.1" 200 21609
[2026-04-05 13:53:37,849] INFO django.server: "GET /static/images/Diplom4.jpg HTTP/1.1" 200 9632
[2026-04-05 13:53:37,849] INFO django.server: "GET /static/images/Diplom_3.jpg HTTP/1.1" 200 16226
[2026-04-05 13:53:37,851] INFO django.server: "GET /static/images/Diplom_5.png HTTP/1.1" 200 175374
[2026-04-05 13:53:39,104] WARNING django.request: Not Found: /favicon.ico
[2026-04-05 13:53:39,105] WARNING django.server: "GET /favicon.ico HTTP/1.1" 404 3204
[2026-04-05 13:53:43,172] INFO django.server: "GET /login/ HTTP/1.1" 200 2086
[2026-04-05 13:53:52,256] INFO django.server: "GET /register/ HTTP/1.1" 200 2503
[2026-04-05 13:53:54,811] INFO django.server: "POST /login/ HTTP/1.1" 302 0
[2026-04-05 13:53:54,856] INFO django.server: "GET / HTTP/1.1" 200 5373
[2026-04-05 13:53:56,907] INFO django.server: "GET /profile/ HTTP/1.1" 200 8
[2026-04-05 13:54:17,313] INFO django.utils.autoreload: C:\Users\Micie456\PycharmProjects\Diplom\diplom\mainapp\views.py changed, reloading.
[2026-04-05 13:54:17,817] INFO django.utils.autoreload: Watching for file changes with StatReloader
[2026-04-05 13:54:18,142] INFO django.server: "GET /profile/ HTTP/1.1" 200 35
[2026-04-05 13:59:17,033] INFO django.server: "GET /profile/ HTTP/1.1" 200 35
[2026-04-05 14:13:16,353] INFO django.server: "GET /profile/ HTTP/1.1" 200 35
[2026-04-05 14:59:25,958] INFO django.server: "GET / HTTP/1.1" 200 6112
[2026-04-05 14:59:25,997] INFO django.server: "GET /static/css/style.css HTTP/1.1" 304 0
[2026-04-05 15:06:39,483] INFO django.server: "GET / HTTP/1.1" 200 4719
[2026-04-05 15:08:01,954] INFO django.utils.autoreload: C:\Users\Micie456\PycharmProjects\Diplom\diplom\mainapp\views.py changed, reloading.
[2026-04-05 15:08:03,260] INFO django.utils.autoreload: Watching for file changes with StatReloader
[2026-04-05 15:08:12,830] INFO django.utils.autoreload: C:\Users\Micie456\PycharmProjects\Diplom\diplom\diplom\urls.py changed, reloading.
[2026-04-05 15:08:13,393] INFO django.utils.autoreload: Watching for file changes with StatReloader
[2026-04-05 15:08:49,758] INFO django.server: "GET /login/ HTTP/1.1" 200 2086
[2026-04-05 15:08:53,514] INFO django.server: "GET /profile/ HTTP/1.1" 200 35
[2026-04-05 15:09:34,919] INFO django.server: "GET / HTTP/1.1" 200 4726
[2026-04-05 15:09:35,042] INFO django.server: "GET /static/css/style.css HTTP/1.1" 200 4488
[2026-04-05 15:09:35,047] INFO django.server: "GET /static/images/diplom_1.jpg HTTP/1.1" 200 21609
[2026-04-05 15:09:35,049] INFO django.server: "GET /static/images/Diplom_2.jpg HTTP/1.1" 200 13406
[2026-04-05 15:09:35,088] INFO django.server: "GET /static/images/Diplom_3.jpg HTTP/1.1" 200 16226
[2026-04-05 15:09:35,088] INFO django.server: "GET /static/images/Diplom4.jpg HTTP/1.1" 200 9632
[2026-04-05 15:09:35,090] INFO django.server: "GET /static/images/Diplom_5.png HTTP/1.1" 200 175374
[2026-04-05 15:09:36,028] WARNING django.request: Not Found: /favicon.ico
[2026-04-05 15:09:36,028] WARNING django.server: "GET /favicon.ico HTTP/1.1" 404 3376
[2026-04-05 15:09:36,986] INFO django.server: "GET /compose/ HTTP/1.1" 200 2688
[2026-04-05 15:15:26,240] INFO django.server: "GET /compose/ HTTP/1.1" 200 2688
[2026-04-05 15:15:26,276] INFO django.server: "GET /static/css/style.css HTTP/1.1" 304 0
[2026-04-05 15:15:34,586] INFO django.server: "GET / HTTP/1.1" 200 4726
[2026-04-05 15:15:35,796] INFO django.server: "GET /compose/ HTTP/1.1" 200 2688
[2026-04-05 15:15:36,653] INFO django.server: "GET /profile/ HTTP/1.1" 200 35
[2026-04-05 15:15:46,676] INFO django.server: "GET /profile/ HTTP/1.1" 200 35
[2026-04-05 15:29:18,823] INFO django.utils.autoreload: Watching for file changes with StatReloader
[2026-04-05 15:29:25,677] INFO django.server: "GET / HTTP/1.1" 200 4726
[2026-04-05 15:29:25,848] INFO django.server: "GET /static/css/style.css HTTP/1.1" 200 4488
[2026-04-05 15:29:26,011] WARNING django.request: Not Found: /favicon.ico
[2026-04-05 15:29:26,011] WARNING django.server: "GET /favicon.ico HTTP/1.1" 404 3376
[2026-04-05 15:29:27,215] INFO django.server: "GET /compose/ HTTP/1.1" 200 2688
[2026-04-05 15:33:55,493] INFO django.server: "GET /compose/ HTTP/1.1" 200 2688
[2026-04-05 15:33:55,527] INFO django.server: "GET /static/css/style.css HTTP/1.1" 200 4894
[2026-04-05 15:34:13,658] INFO django.server: "GET / HTTP/1.1" 200 4726
[2026-04-05 15:34:13,706] INFO django.server: "GET /static/css/style.css HTTP/1.1" 304 0
[2026-04-05 15:34:18,326] WARNING django.request: Not Found: /favicon.ico
[2026-04-05 15:34:18,326] WARNING django.server: "GET /favicon.ico HTTP/1.1" 404 3376
[2026-04-05 15:34:20,218] INFO django.server: "GET /compose/ HTTP/1.1" 200 2688
[2026-04-05 15:34:40,482] INFO django.server: "GET / HTTP/1.1" 200 4726
[2026-04-05 15:34:40,527] INFO django.server: "GET /static/css/style.css HTTP/1.1" 304 0
[2026-04-05 15:34:41,629] INFO django.server: "GET /compose/ HTTP/1.1" 200 2688
[2026-04-05 15:34:47,567] INFO django.server: "GET / HTTP/1.1" 200 4726
[2026-04-05 15:34:49,802] INFO django.server: "GET /compose/ HTTP/1.1" 200 2688
[2026-04-05 15:44:10,838] INFO django.server: "GET / HTTP/1.1" 200 4726
[2026-04-05 15:44:10,876] INFO django.server: "GET /static/css/style.css HTTP/1.1" 304 0
[2026-04-05 15:44:11,772] INFO django.server: "GET /compose/ HTTP/1.1" 200 2688
[2026-04-05 15:44:12,980] INFO django.server: "GET / HTTP/1.1" 200 4726
[2026-04-05 15:44:15,697] INFO django.server: "GET /compose/ HTTP/1.1" 200 2688
[2026-04-05 15:44:35,566] INFO django.server: "GET / HTTP/1.1" 200 4726
[2026-04-05 15:51:11,635] INFO django.server: "GET /compose/ HTTP/1.1" 200 2688
[2026-04-05 15:51:11,682] INFO django.server: "GET /static/css/style.css HTTP/1.1" 304 0
[2026-04-05 16:59:30,739] INFO django.server: "GET /profile/ HTTP/1.1" 200 35
[2026-04-05 16:59:34,119] INFO django.server: "GET / HTTP/1.1" 200 4726
[2026-04-05 16:59:34,152] INFO django.server: "GET /static/css/style.css HTTP/1.1" 304 0
[2026-04-05 16:59:53,714] INFO django.server: "GET /compose/ HTTP/1.1" 200 2688
[2026-04-05 17:07:43,003] INFO django.server: "GET / HTTP/1.1" 200 4726
[2026-04-06 13:02:45,582] INFO django.utils.autoreload: Watching for file changes with StatReloader
[2026-04-06 13:02:55,171] INFO django.server: "GET / HTTP/1.1" 200 4726
[2026-04-06 13:02:55,305] INFO django.server: "GET /static/css/style.css HTTP/1.1" 304 0
[2026-04-06 13:02:55,305] INFO django.server: "GET /static/images/Diplom_2.jpg HTTP/1.1" 304 0
[2026-04-06 13:02:55,306] INFO django.server: "GET /static/images/diplom_1.jpg HTTP/1.1" 304 0
[2026-04-06 13:02:55,316] INFO django.server: "GET /static/images/Diplom_3.jpg HTTP/1.1" 304 0
[2026-04-06 13:02:55,317] INFO django.server: "GET /static/images/Diplom4.jpg HTTP/1.1" 304 0
[2026-04-06 13:02:55,318] INFO django.server: "GET /static/images/Diplom_5.png HTTP/1.1" 304 0
[2026-04-06 13:02:56,987] INFO django.server: "GET /compose/ HTTP/1.1" 200 2688
[2026-04-06 13:06:42,924] INFO django.server: "GET /compose/ HTTP/1.1" 200 2808
[2026-04-06 13:06:46,661] INFO django.server: "GET /compose/ HTTP/1.1" 200 2808
[2026-04-06 13:06:46,749] INFO django.server: "GET /static/css/style.css HTTP/1.1" 200 5285
[2026-04-06 13:06:48,789] WARNING django.request: Not Found: /favicon.ico
[2026-04-06 13:06:48,790] WARNING django.server: "GET /favicon.ico HTTP/1.1" 404 3376
[2026-04-06 13:08:26,130] INFO django.server: "GET / HTTP/1.1" 200 4726
[2026-04-06 13:08:26,170] INFO django.server: "GET /static/css/style.css HTTP/1.1" 304 0
[2026-04-06 13:08:31,820] INFO django.server: "GET /profile/ HTTP/1.1" 200 35
[2026-04-06 13:08:33,709] INFO django.server: "GET /compose/ HTTP/1.1" 200 2808
[2026-04-06 13:08:34,892] INFO django.server: "GET / HTTP/1.1" 200 4726
[2026-04-06 13:08:36,009] INFO django.server: "GET /compose/ HTTP/1.1" 200 2808
[2026-04-06 13:08:47,718] INFO django.server: "GET / HTTP/1.1" 200 4726
[2026-04-06 13:08:47,760] INFO django.server: "GET /static/css/style.css HTTP/1.1" 304 0
[2026-04-06 13:10:38,982] INFO django.server: "GET / HTTP/1.1" 200 4726
[2026-04-06 13:10:39,016] INFO django.server: "GET /static/css/style.css HTTP/1.1" 200 5375
[2026-04-06 13:10:40,785] INFO django.server: "GET /compose/ HTTP/1.1" 200 2796
[2026-04-06 13:14:15,591] INFO django.server: "GET /compose/ HTTP/1.1" 200 2794
[2026-04-06 13:14:15,631] INFO django.server: "GET /static/css/style.css HTTP/1.1" 304 0
[2026-04-06 13:14:16,693] INFO django.server: "GET /compose/ HTTP/1.1" 200 2794
[2026-04-06 13:14:17,284] INFO django.server: "GET /compose/ HTTP/1.1" 200 2794
[2026-04-06 13:14:24,896] INFO django.server: "GET /compose/ HTTP/1.1" 200 2789
[2026-04-06 13:14:30,227] INFO django.server: "GET /compose/ HTTP/1.1" 200 2794
[2026-04-06 13:21:22,360] INFO django.server: "GET /compose/ HTTP/1.1" 200 2792
[2026-04-06 13:21:22,399] INFO django.server: "GET /static/css/style.css HTTP/1.1" 200 5551
[2026-04-06 13:22:17,148] INFO django.server: "GET /compose/ HTTP/1.1" 200 2796
[2026-04-06 13:22:17,187] INFO django.server: "GET /static/css/style.css HTTP/1.1" 304 0
[2026-04-06 13:22:29,955] INFO django.server: "GET /compose/ HTTP/1.1" 200 2796
[2026-04-06 13:22:29,995] INFO django.server: "GET /static/css/style.css HTTP/1.1" 200 5551
[2026-04-06 13:22:32,031] WARNING django.request: Not Found: /favicon.ico
[2026-04-06 13:22:32,032] WARNING django.server: "GET /favicon.ico HTTP/1.1" 404 3376
[2026-04-06 13:22:42,391] INFO django.server: "GET / HTTP/1.1" 200 4726
[2026-04-06 13:22:42,428] INFO django.server: "GET /static/css/style.css HTTP/1.1" 200 5278
[2026-04-06 13:22:43,840] INFO django.server: "GET /compose/ HTTP/1.1" 200 2796
[2026-04-06 13:22:43,877] INFO django.server: "GET /static/css/style.css HTTP/1.1" 304 0
[2026-04-06 13:22:50,136] INFO django.server: "GET /compose/ HTTP/1.1" 200 2796
[2026-04-06 13:22:50,172] INFO django.server: "GET /static/css/style.css HTTP/1.1" 200 5278
[2026-04-06 13:22:52,375] WARNING django.request: Not Found: /favicon.ico
[2026-04-06 13:22:52,375] WARNING django.server: "GET /favicon.ico HTTP/1.1" 404 3376
[2026-04-06 13:24:41,977] INFO django.server: "GET /profile/ HTTP/1.1" 200 35
[2026-04-06 13:24:57,922] INFO django.server: "GET / HTTP/1.1" 200 4726
[2026-04-06 13:24:57,966] INFO django.server: "GET /static/css/style.css HTTP/1.1" 304 0
[2026-04-06 13:25:36,230] INFO django.server: "GET /compose/ HTTP/1.1" 200 2796
[2026-04-06 13:25:36,270] INFO django.server: "GET /static/css/style.css HTTP/1.1" 200 5492
[2026-04-06 13:25:38,767] INFO django.server: "GET /compose/ HTTP/1.1" 200 2796
[2026-04-06 13:25:38,809] INFO django.server: "GET /static/css/style.css HTTP/1.1" 200 5492
[2026-04-06 13:25:41,217] WARNING django.request: Not Found: /favicon.ico
[2026-04-06 13:25:41,218] WARNING django.server: "GET /favicon.ico HTTP/1.1" 404 3376
[2026-04-06 13:26:41,507] INFO django.server: "GET /static/css/style.css HTTP/1.1" 304 0
[2026-04-06 13:26:41,530] WARNING django.request: Not Found: /.well-known/appspecific/com.chrome.devtools.json
[2026-04-06 13:26:41,531] WARNING django.server: "GET /.well-known/appspecific/com.chrome.devtools.json HTTP/1.1" 404 3487
[2026-04-06 13:29:20,260] INFO django.server: "GET /compose/ HTTP/1.1" 200 2796
[2026-04-06 13:29:20,301] INFO django.server: "GET /static/css/style.css HTTP/1.1" 200 5696
[2026-04-06 13:29:22,883] INFO django.server: "GET /compose/ HTTP/1.1" 200 2796
[2026-04-06 13:29:22,918] INFO django.server: "GET /static/css/style.css HTTP/1.1" 200 5696
[2026-04-06 13:29:26,200] WARNING django.request: Not Found: /favicon.ico
[2026-04-06 13:29:26,201] WARNING django.server: "GET /favicon.ico HTTP/1.1" 404 3376
[2026-04-06 13:32:29,133] INFO django.server: "GET /compose/ HTTP/1.1" 200 2796
[2026-04-06 13:32:29,172] INFO django.server: "GET /static/css/style.css HTTP/1.1" 200 5375
[2026-04-06 13:35:49,200] INFO django.server: "GET /compose/ HTTP/1.1" 200 2796
[2026-04-06 13:35:49,240] INFO django.server: "GET /static/css/style.css HTTP/1.1" 200 5274
[2026-04-06 13:39:28,214] INFO django.server: "GET /compose/ HTTP/1.1" 200 2796
[2026-04-06 13:39:28,256] INFO django.server: "GET /static/css/style.css HTTP/1.1" 200 5272
[2026-04-06 13:39:31,903] INFO django.server: "GET /compose/ HTTP/1.1" 200 2796
[2026-04-06 13:39:31,943] INFO django.server: "GET /static/css/style.css HTTP/1.1" 200 5272
[2026-04-06 13:39:36,445] WARNING django.request: Not Found: /favicon.ico
[2026-04-06 13:39:36,445] WARNING django.server: "GET /favicon.ico HTTP/1.1" 404 3376
[2026-04-06 13:40:10,072] INFO django.server: "GET /compose/ HTTP/1.1" 200 2796
[2026-04-06 13:40:10,110] INFO django.server: "GET /static/css/style.css HTTP/1.1" 200 5261
[2026-04-06 13:40:18,381] WARNING django.request: Not Found: /favicon.ico
[2026-04-06 13:40:18,382] WARNING django.server: "GET /favicon.ico HTTP/1.1" 404 3376
[2026-04-06 13:40:20,662] INFO django.server: "GET / HTTP/1.1" 200 4726
[2026-04-06 13:40:20,701] INFO django.server: "GET /static/css/style.css HTTP/1.1" 304 0
[2026-04-06 13:41:09,919] INFO django.server: "GET / HTTP/1.1" 200 4726
[2026-04-06 13:41:09,956] INFO django.server: "GET /static/css/style.css HTTP/1.1" 200 5261
[2026-04-06 13:41:09,959] INFO django.server: "GET /static/images/diplom_1.jpg HTTP/1.1" 200 21609
[2026-04-06 13:41:09,959] INFO django.server: "GET /static/images/Diplom_2.jpg HTTP/1.1" 200 13406
[2026-04-06 13:41:09,961] INFO django.server: "GET /static/images/Diplom_3.jpg HTTP/1.1" 200 16226
[2026-04-06 13:41:09,963] INFO django.server: "GET /static/images/Diplom4.jpg HTTP/1.1" 200 9632
[2026-04-06 13:41:09,964] INFO django.server: "GET /static/images/Diplom_5.png HTTP/1.1" 200 175374
[2026-04-06 13:41:18,210] WARNING django.request: Not Found: /favicon.ico
[2026-04-06 13:41:18,210] WARNING django.server: "GET /favicon.ico HTTP/1.1" 404 3376
[2026-04-06 13:41:43,159] INFO django.server: "GET / HTTP/1.1" 200 4726
[2026-04-06 13:41:43,190] INFO django.server: "GET /static/css/style.css HTTP/1.1" 200 5250
[2026-04-06 13:41:43,193] INFO django.server: "GET /static/images/diplom_1.jpg HTTP/1.1" 200 21609
[2026-04-06 13:41:43,194] INFO django.server: "GET /static/images/Diplom_2.jpg HTTP/1.1" 200 13406
[2026-04-06 13:41:43,194] INFO django.server: "GET /static/images/Diplom4.jpg HTTP/1.1" 200 9632
[2026-04-06 13:41:43,194] INFO django.server: "GET /static/images/Diplom_3.jpg HTTP/1.1" 200 16226
[2026-04-06 13:41:43,196] INFO django.server: "GET /static/images/Diplom_5.png HTTP/1.1" 200 175374
[2026-04-06 13:41:57,558] INFO django.server: "GET / HTTP/1.1" 200 4726
[2026-04-06 13:41:57,690] INFO django.server: "GET /static/css/style.css HTTP/1.1" 304 0
[2026-04-06 13:42:06,059] WARNING django.request: Not Found: /favicon.ico
[2026-04-06 13:42:06,060] WARNING django.server: "GET /favicon.ico HTTP/1.1" 404 3376
[2026-04-06 13:42:14,434] INFO django.server: "GET /compose/ HTTP/1.1" 200 2796
[2026-04-06 13:42:14,470] INFO django.server: "GET /static/css/style.css HTTP/1.1" 304 0
[2026-04-06 13:42:32,568] INFO django.server: "GET /compose/ HTTP/1.1" 200 2796
[2026-04-06 13:42:32,600] INFO django.server: "GET /static/css/style.css HTTP/1.1" 200 5250
[2026-04-06 13:42:40,859] WARNING django.request: Not Found: /favicon.ico
[2026-04-06 13:42:40,860] WARNING django.server: "GET /favicon.ico HTTP/1.1" 404 3376
[2026-04-06 13:52:21,879] INFO django.utils.autoreload: Watching for file changes with StatReloader
[2026-04-06 13:52:22,186] INFO django.server: "GET /compose/ HTTP/1.1" 200 2796
[2026-04-06 13:52:22,258] INFO django.server: "GET /static/css/style.css HTTP/1.1" 200 5371
[2026-04-06 13:52:23,364] INFO django.server: "GET / HTTP/1.1" 200 4726
[2026-04-06 13:52:26,567] INFO django.server: "GET /compose/ HTTP/1.1" 200 2796
[2026-04-06 13:52:26,605] INFO django.server: "GET /static/css/style.css HTTP/1.1" 304 0
[2026-04-06 13:54:09,467] INFO django.server: "GET /compose/ HTTP/1.1" 200 2796
[2026-04-06 13:54:09,504] INFO django.server: "GET /static/css/style.css HTTP/1.1" 200 5272
[2026-04-06 13:54:13,069] WARNING django.request: Not Found: /favicon.ico
[2026-04-06 13:54:13,069] WARNING django.server: "GET /favicon.ico HTTP/1.1" 404 3376
[2026-04-06 13:56:28,146] INFO django.server: "GET /compose/ HTTP/1.1" 200 2796
[2026-04-06 13:56:28,180] INFO django.server: "GET /static/css/style.css HTTP/1.1" 200 5272
[2026-04-06 13:56:33,043] WARNING django.request: Not Found: /favicon.ico
[2026-04-06 13:56:33,043] WARNING django.server: "GET /favicon.ico HTTP/1.1" 404 3376
[2026-04-06 14:00:16,969] INFO django.server: "GET /compose/ HTTP/1.1" 200 2892
[2026-04-06 14:00:17,009] INFO django.server: "GET /static/css/style.css HTTP/1.1" 200 5470
[2026-04-06 14:00:36,216] INFO django.server: "GET /admin/ HTTP/1.1" 302 0
[2026-04-06 14:00:36,368] INFO django.server: "GET /admin/login/?next=/admin/ HTTP/1.1" 200 3597
[2026-04-06 14:00:36,406] INFO django.server: "GET /static/admin/css/base.css HTTP/1.1" 304 0
[2026-04-06 14:00:36,406] INFO django.server: "GET /static/admin/css/dark_mode.css HTTP/1.1" 304 0
[2026-04-06 14:00:36,407] INFO django.server: "GET /static/admin/js/theme.js HTTP/1.1" 304 0
[2026-04-06 14:00:36,409] INFO django.server: "GET /static/admin/css/login.css HTTP/1.1" 304 0
[2026-04-06 14:00:36,409] INFO django.server: "GET /static/admin/css/nav_sidebar.css HTTP/1.1" 304 0
[2026-04-06 14:00:36,409] INFO django.server: "GET /static/admin/css/responsive.css HTTP/1.1" 304 0
[2026-04-06 14:00:36,413] INFO django.server: "GET /static/admin/js/nav_sidebar.js HTTP/1.1" 304 0
[2026-04-06 14:00:41,921] INFO django.server: "POST /admin/login/?next=/admin/ HTTP/1.1" 302 0
[2026-04-06 14:00:42,003] INFO django.server: "GET /admin/ HTTP/1.1" 200 11291
[2026-04-06 14:00:42,039] INFO django.server: "GET /static/admin/css/dashboard.css HTTP/1.1" 304 0
[2026-04-06 14:00:42,044] INFO django.server: "GET /static/admin/img/icon-changelink.svg HTTP/1.1" 304 0
[2026-04-06 14:00:42,044] INFO django.server: "GET /static/admin/img/icon-addlink.svg HTTP/1.1" 304 0
[2026-04-06 14:01:20,685] INFO django.utils.autoreload: C:\Users\Micie456\PycharmProjects\Diplom\diplom\mainapp\models.py changed, reloading.
[2026-04-06 14:01:21,244] INFO django.utils.autoreload: Watching for file changes with StatReloader
[2026-04-06 14:01:33,820] INFO django.utils.autoreload: C:\Users\Micie456\PycharmProjects\Diplom\diplom\mainapp\admin.py changed, reloading.
[2026-04-06 14:01:34,324] INFO django.utils.autoreload: Watching for file changes with StatReloader
[2026-04-06 14:01:34,654] INFO django.server: "GET /admin/ HTTP/1.1" 200 11926
[2026-04-06 14:01:35,969] INFO django.server: "GET /admin/mainapp/ingredients/ HTTP/1.1" 200 9399
[2026-04-06 14:01:36,012] INFO django.server: "GET /static/admin/css/changelists.css HTTP/1.1" 304 0
[2026-04-06 14:01:36,013] INFO django.server: "GET /static/admin/js/jquery.init.js HTTP/1.1" 304 0
[2026-04-06 14:01:36,013] INFO django.server: "GET /static/admin/js/vendor/jquery/jquery.js HTTP/1.1" 304 0
[2026-04-06 14:01:36,015] INFO django.server: "GET /static/admin/js/actions.js HTTP/1.1" 304 0
[2026-04-06 14:01:36,015] INFO django.server: "GET /static/admin/js/core.js HTTP/1.1" 304 0
[2026-04-06 14:01:36,015] INFO django.server: "GET /static/admin/js/admin/RelatedObjectLookups.js HTTP/1.1" 304 0
[2026-04-06 14:01:36,015] INFO django.server: "GET /static/admin/js/prepopulate.js HTTP/1.1" 304 0
[2026-04-06 14:01:36,016] INFO django.server: "GET /static/admin/js/urlify.js HTTP/1.1" 304 0
[2026-04-06 14:01:36,016] INFO django.server: "GET /static/admin/js/vendor/xregexp/xregexp.js HTTP/1.1" 304 0
[2026-04-06 14:01:36,027] INFO django.server: "GET /static/admin/js/filters.js HTTP/1.1" 304 0
[2026-04-06 14:01:36,076] INFO django.server: "GET /admin/jsi18n/ HTTP/1.1" 200 3342
[2026-04-06 14:01:36,123] INFO django.server: "GET /static/admin/img/tooltag-add.svg HTTP/1.1" 304 0
[2026-04-06 14:01:37,288] INFO django.server: "GET /admin/mainapp/ingredients/add/ HTTP/1.1" 200 10640
[2026-04-06 14:01:37,323] INFO django.server: "GET /static/admin/css/forms.css HTTP/1.1" 304 0
[2026-04-06 14:01:37,323] INFO django.server: "GET /static/admin/js/prepopulate_init.js HTTP/1.1" 304 0
[2026-04-06 14:01:37,327] INFO django.server: "GET /static/admin/css/widgets.css HTTP/1.1" 304 0
[2026-04-06 14:01:37,330] INFO django.server: "GET /static/admin/js/change_form.js HTTP/1.1" 304 0
[2026-04-06 14:01:37,367] INFO django.server: "GET /admin/jsi18n/ HTTP/1.1" 200 3342
[2026-04-06 14:02:09,578] INFO django.server: "GET /admin/mainapp/kitchenname/ HTTP/1.1" 200 11603
[2026-04-06 14:02:09,656] INFO django.server: "GET /admin/jsi18n/ HTTP/1.1" 200 3342
[2026-04-06 14:02:10,945] INFO django.server: "GET /admin/mainapp/kitchenname/1/change/ HTTP/1.1" 200 10271
[2026-04-06 14:02:11,017] INFO django.server: "GET /admin/jsi18n/ HTTP/1.1" 200 3342
[2026-04-06 14:02:13,230] INFO django.server: "GET /admin/mainapp/kitchenname/ HTTP/1.1" 200 11603
[2026-04-06 14:02:18,114] INFO django.server: "GET / HTTP/1.1" 200 4726
[2026-04-06 14:02:18,155] INFO django.server: "GET /static/css/style.css HTTP/1.1" 304 0
[2026-04-06 14:02:22,389] INFO django.server: "GET /compose/ HTTP/1.1" 200 2892
[2026-04-06 14:04:51,037] INFO django.server: "GET /admin/ HTTP/1.1" 200 11926
[2026-04-06 14:04:52,655] INFO django.server: "GET /admin/mainapp/ingredients/ HTTP/1.1" 200 9399
[2026-04-06 14:04:52,841] INFO django.server: "GET /admin/jsi18n/ HTTP/1.1" 200 3342
[2026-04-06 14:04:53,851] INFO django.server: "GET /admin/mainapp/ingredients/add/ HTTP/1.1" 200 10640
[2026-04-06 14:04:53,938] INFO django.server: "GET /admin/jsi18n/ HTTP/1.1" 200 3342
[2026-04-06 14:05:03,835] INFO django.server: "POST /admin/mainapp/ingredients/add/ HTTP/1.1" 200 10902
[2026-04-06 14:05:03,913] INFO django.server: "GET /admin/jsi18n/ HTTP/1.1" 200 3342
[2026-04-06 14:05:44,740] INFO django.utils.autoreload: Watching for file changes with StatReloader
[2026-04-06 14:05:47,318] INFO django.server: "POST /admin/mainapp/ingredients/add/ HTTP/1.1" 200 10902
[2026-04-06 14:05:47,409] INFO django.server: "GET /admin/jsi18n/ HTTP/1.1" 200 3342
[2026-04-06 14:05:48,557] INFO django.server: "POST /admin/mainapp/ingredients/add/ HTTP/1.1" 200 10902
[2026-04-06 14:05:48,660] INFO django.server: "GET /admin/jsi18n/ HTTP/1.1" 200 3342
[2026-04-06 14:05:54,248] INFO django.server: "GET /admin/ HTTP/1.1" 200 11926
[2026-04-06 14:05:55,546] INFO django.server: "GET /admin/mainapp/ingredients/ HTTP/1.1" 200 9399
[2026-04-06 14:05:55,627] INFO django.server: "GET /admin/jsi18n/ HTTP/1.1" 200 3342
[2026-04-06 14:05:57,092] INFO django.server: "GET /admin/mainapp/ingredients/add/ HTTP/1.1" 200 10640
[2026-04-06 14:05:57,172] INFO django.server: "GET /admin/jsi18n/ HTTP/1.1" 200 3342
[2026-04-06 14:05:58,575] INFO django.server: "POST /admin/mainapp/ingredients/add/ HTTP/1.1" 200 10902
[2026-04-06 14:05:58,661] INFO django.server: "GET /admin/jsi18n/ HTTP/1.1" 200 3342
[2026-04-06 14:06:00,021] INFO django.server: "POST /admin/mainapp/ingredients/add/ HTTP/1.1" 200 10902
[2026-04-06 14:06:00,100] INFO django.server: "GET /admin/jsi18n/ HTTP/1.1" 200 3342
[2026-04-06 14:06:36,441] INFO django.server: "GET /admin/ HTTP/1.1" 302 0
[2026-04-06 14:06:36,494] INFO django.server: "GET /admin/login/?next=/admin/ HTTP/1.1" 200 3597
[2026-04-06 14:06:36,546] INFO django.server: "GET /static/admin/css/base.css HTTP/1.1" 304 0
[2026-04-06 14:06:36,547] INFO django.server: "GET /static/admin/css/dark_mode.css HTTP/1.1" 304 0
[2026-04-06 14:06:36,547] INFO django.server: "GET /static/admin/css/nav_sidebar.css HTTP/1.1" 304 0
[2026-04-06 14:06:36,548] INFO django.server: "GET /static/admin/css/login.css HTTP/1.1" 304 0
[2026-04-06 14:06:36,549] INFO django.server: "GET /static/admin/css/responsive.css HTTP/1.1" 304 0
[2026-04-06 14:06:36,549] INFO django.server: "GET /static/admin/js/theme.js HTTP/1.1" 304 0
[2026-04-06 14:06:36,554] INFO django.server: "GET /static/admin/js/nav_sidebar.js HTTP/1.1" 304 0
[2026-04-06 14:06:36,660] WARNING django.request: Not Found: /favicon.ico
[2026-04-06 14:06:36,660] WARNING django.server: "GET /favicon.ico HTTP/1.1" 404 3376
[2026-04-06 14:06:40,640] INFO django.server: "POST /admin/login/?next=/admin/ HTTP/1.1" 302 0
[2026-04-06 14:06:40,693] INFO django.server: "GET /admin/ HTTP/1.1" 200 11926
[2026-04-06 14:06:40,777] INFO django.server: "GET /static/admin/css/dashboard.css HTTP/1.1" 200 441
[2026-04-06 14:06:40,829] INFO django.server: "GET /static/admin/img/icon-deletelink.svg HTTP/1.1" 200 689
[2026-04-06 14:06:40,830] INFO django.server: "GET /static/admin/img/icon-addlink.svg HTTP/1.1" 200 593
[2026-04-06 14:06:40,830] INFO django.server: "GET /static/admin/img/icon-changelink.svg HTTP/1.1" 200 978
[2026-04-06 14:06:41,948] INFO django.server: "GET /admin/mainapp/ingredients/ HTTP/1.1" 200 9399
[2026-04-06 14:06:41,996] INFO django.server: "GET /static/admin/css/changelists.css HTTP/1.1" 200 7498
[2026-04-06 14:06:42,002] INFO django.server: "GET /static/admin/js/jquery.init.js HTTP/1.1" 200 347
[2026-04-06 14:06:42,014] INFO django.server: "GET /static/admin/js/core.js HTTP/1.1" 200 6208
[2026-04-06 14:06:42,016] INFO django.server: "GET /static/admin/js/admin/RelatedObjectLookups.js HTTP/1.1" 200 9777
[2026-04-06 14:06:42,022] INFO django.server: "GET /static/admin/js/urlify.js HTTP/1.1" 200 7887
[2026-04-06 14:06:42,023] INFO django.server: "GET /static/admin/js/actions.js HTTP/1.1" 200 8076
[2026-04-06 14:06:42,034] INFO django.server: "GET /admin/jsi18n/ HTTP/1.1" 200 3342
[2026-04-06 14:06:42,073] INFO django.server: "GET /static/admin/js/vendor/jquery/jquery.js HTTP/1.1" 200 285314
[2026-04-06 14:06:42,083] INFO django.server: "GET /static/admin/js/prepopulate.js HTTP/1.1" 200 1531
[2026-04-06 14:06:42,088] INFO django.server: "GET /static/admin/js/filters.js HTTP/1.1" 200 978
[2026-04-06 14:06:42,178] INFO django.server: "GET /static/admin/js/vendor/xregexp/xregexp.js HTTP/1.1" 200 325171
[2026-04-06 14:06:42,201] INFO django.server: "GET /static/admin/img/tooltag-add.svg HTTP/1.1" 200 593
[2026-04-06 14:06:44,039] INFO django.server: "GET /admin/mainapp/ingredients/add/ HTTP/1.1" 200 10640
[2026-04-06 14:06:44,084] INFO django.server: "GET /static/admin/css/forms.css HTTP/1.1" 200 8831
[2026-04-06 14:06:44,088] INFO django.server: "GET /static/admin/js/prepopulate_init.js HTTP/1.1" 200 586
[2026-04-06 14:06:44,095] INFO django.server: "GET /static/admin/css/widgets.css HTTP/1.1" 200 11811
[2026-04-06 14:06:44,114] INFO django.server: "GET /static/admin/js/change_form.js HTTP/1.1" 200 606
[2026-04-06 14:06:44,121] INFO django.server: "GET /admin/jsi18n/ HTTP/1.1" 200 3342
[2026-04-06 14:06:45,462] INFO django.server: "POST /admin/mainapp/ingredients/add/ HTTP/1.1" 200 10902
[2026-04-06 14:06:45,542] INFO django.server: "GET /admin/jsi18n/ HTTP/1.1" 200 3342
[2026-04-06 14:06:52,870] INFO django.server: "POST /admin/mainapp/ingredients/add/ HTTP/1.1" 200 10902
[2026-04-06 14:06:52,950] INFO django.server: "GET /admin/jsi18n/ HTTP/1.1" 200 3342
[2026-04-06 14:06:54,104] INFO django.server: "POST /admin/mainapp/ingredients/add/ HTTP/1.1" 200 10902
[2026-04-06 14:06:54,187] INFO django.server: "GET /admin/jsi18n/ HTTP/1.1" 200 3342
[2026-04-06 14:06:54,807] INFO django.server: "POST /admin/mainapp/ingredients/add/ HTTP/1.1" 200 10902
[2026-04-06 14:06:54,883] INFO django.server: "GET /admin/jsi18n/ HTTP/1.1" 200 3342
[2026-04-06 14:10:39,615] INFO django.utils.autoreload: C:\Users\Micie456\PycharmProjects\Diplom\diplom\mainapp\models.py changed, reloading.
[2026-04-06 14:11:00,046] INFO django.utils.autoreload: Watching for file changes with StatReloader
[2026-04-06 14:11:02,505] INFO django.server: "GET / HTTP/1.1" 200 4726
[2026-04-06 14:11:02,638] INFO django.server: "GET /static/css/style.css HTTP/1.1" 304 0
[2026-04-06 14:11:05,974] INFO django.server: "GET /admin/ HTTP/1.1" 200 11926
[2026-04-06 14:11:07,329] INFO django.server: "GET /admin/mainapp/ingredients/ HTTP/1.1" 200 9399
[2026-04-06 14:11:07,418] INFO django.server: "GET /admin/jsi18n/ HTTP/1.1" 200 3342
[2026-04-06 14:11:08,478] INFO django.server: "GET /admin/mainapp/ingredients/add/ HTTP/1.1" 200 10614
[2026-04-06 14:11:08,556] INFO django.server: "GET /admin/jsi18n/ HTTP/1.1" 200 3342
[2026-04-06 14:11:21,262] INFO django.server: "POST /admin/mainapp/ingredients/add/ HTTP/1.1" 302 0
[2026-04-06 14:11:21,313] INFO django.server: "GET /admin/mainapp/ingredients/add/ HTTP/1.1" 200 10878
[2026-04-06 14:11:21,393] INFO django.server: "GET /admin/jsi18n/ HTTP/1.1" 200 3342
[2026-04-06 14:11:21,441] INFO django.server: "GET /static/admin/img/icon-yes-dark.svg HTTP/1.1" 304 0
[2026-04-06 14:11:40,831] INFO django.server: "POST /admin/mainapp/ingredients/add/ HTTP/1.1" 302 0
[2026-04-06 14:11:40,883] INFO django.server: "GET /admin/mainapp/ingredients/add/ HTTP/1.1" 200 10878
[2026-04-06 14:11:40,961] INFO django.server: "GET /admin/jsi18n/ HTTP/1.1" 200 3342
[2026-04-06 14:11:49,145] INFO django.server: "POST /admin/mainapp/ingredients/add/ HTTP/1.1" 302 0
[2026-04-06 14:11:49,193] INFO django.server: "GET /admin/mainapp/ingredients/add/ HTTP/1.1" 200 10878
[2026-04-06 14:11:49,272] INFO django.server: "GET /admin/jsi18n/ HTTP/1.1" 200 3342
[2026-04-06 14:15:24,012] INFO django.server: "GET /admin/mainapp/ingredients/ HTTP/1.1" 200 11304
[2026-04-06 14:15:24,092] INFO django.server: "GET /admin/jsi18n/ HTTP/1.1" 200 3342
[2026-04-06 14:15:25,343] INFO django.server: "GET /admin/mainapp/ingredients/3/change/ HTTP/1.1" 200 10921
[2026-04-06 14:15:25,435] INFO django.server: "GET /admin/jsi18n/ HTTP/1.1" 200 3342
[2026-04-06 14:15:26,590] INFO django.server: "GET /admin/mainapp/ingredients/ HTTP/1.1" 200 11304
[2026-04-06 14:15:27,292] INFO django.server: "GET /admin/mainapp/ingredients/2/change/ HTTP/1.1" 200 10913
[2026-04-06 14:15:27,375] INFO django.server: "GET /admin/jsi18n/ HTTP/1.1" 200 3342
[2026-04-06 14:15:28,529] INFO django.server: "GET /admin/mainapp/ingredients/ HTTP/1.1" 200 11304
[2026-04-06 14:15:29,424] INFO django.server: "GET /admin/mainapp/ingredients/add/ HTTP/1.1" 200 10614
[2026-04-06 14:15:30,226] INFO django.server: "GET /admin/mainapp/ingredients/ HTTP/1.1" 200 11304
[2026-04-06 14:15:30,822] INFO django.server: "GET /admin/mainapp/ingredients/1/change/ HTTP/1.1" 200 10923
[2026-04-06 14:15:30,906] INFO django.server: "GET /admin/jsi18n/ HTTP/1.1" 200 3342
[2026-04-06 14:15:40,320] INFO django.server: "GET /admin/mainapp/ingredients/ HTTP/1.1" 200 11304
[2026-04-06 14:15:40,393] INFO django.server: "GET /admin/jsi18n/ HTTP/1.1" 200 3342
[2026-04-06 14:15:41,975] INFO django.server: "GET /admin/mainapp/ingredients/add/ HTTP/1.1" 200 10614
[2026-04-06 14:15:42,056] INFO django.server: "GET /admin/jsi18n/ HTTP/1.1" 200 3342
[2026-04-06 14:15:45,904] INFO django.server: "POST /admin/mainapp/ingredients/add/ HTTP/1.1" 302 0
[2026-04-06 14:15:45,954] INFO django.server: "GET /admin/mainapp/ingredients/add/ HTTP/1.1" 200 10878
[2026-04-06 14:15:46,142] INFO django.server: "GET /admin/jsi18n/ HTTP/1.1" 200 3342
[2026-04-06 14:50:40,587] INFO django.utils.autoreload: C:\Users\Micie456\PycharmProjects\Diplom\diplom\mainapp\models.py changed, reloading.
[2026-04-06 14:51:12,116] INFO django.utils.autoreload: Watching for file changes with StatReloader
[2026-04-06 14:51:14,504] INFO django.server: "GET /admin/mainapp/ingredients/add/ HTTP/1.1" 200 11280
[2026-04-06 14:51:14,599] INFO django.server: "GET /admin/jsi18n/ HTTP/1.1" 200 3342
[2026-04-06 14:51:18,118] INFO django.server: "GET /admin/mainapp/ingredients/ HTTP/1.1" 200 11603
[2026-04-06 14:51:18,318] INFO django.server: "GET /admin/jsi18n/ HTTP/1.1" 200 3342
[2026-04-06 14:51:19,083] INFO django.server: "GET /admin/mainapp/ingredients/1/change/ HTTP/1.1" 200 11589
[2026-04-06 14:51:19,164] INFO django.server: "GET /admin/jsi18n/ HTTP/1.1" 200 3342
[2026-04-06 14:54:18,538] INFO django.server: "POST /admin/mainapp/ingredients/1/change/ HTTP/1.1" 302 0
[2026-04-06 14:54:18,592] INFO django.server: "GET /admin/mainapp/ingredients/ HTTP/1.1" 200 11830
[2026-04-06 14:54:18,691] INFO django.server: "GET /admin/jsi18n/ HTTP/1.1" 200 3342
[2026-04-06 14:54:20,214] INFO django.server: "GET /admin/mainapp/ingredients/1/change/ HTTP/1.1" 200 11880
[2026-04-06 14:54:20,300] INFO django.server: "GET /admin/jsi18n/ HTTP/1.1" 200 3342
[2026-04-06 14:54:22,559] INFO django.server: "GET /admin/mainapp/ingredients/ HTTP/1.1" 200 11603
[2026-04-06 14:54:25,057] INFO django.server: "GET / HTTP/1.1" 200 4726
[2026-04-06 14:54:25,096] INFO django.server: "GET /static/css/style.css HTTP/1.1" 304 0
[2026-04-06 14:54:27,075] INFO django.server: "GET /compose/ HTTP/1.1" 200 2892
[2026-04-06 15:22:54,069] INFO django.utils.autoreload: Watching for file changes with StatReloader
[2026-04-06 15:24:33,453] INFO django.server: "GET / HTTP/1.1" 200 4726
[2026-04-06 15:24:33,588] INFO django.server: "GET /static/css/style.css HTTP/1.1" 200 5920
[2026-04-06 15:24:33,758] WARNING django.request: Not Found: /favicon.ico
[2026-04-06 15:24:33,759] WARNING django.server: "GET /favicon.ico HTTP/1.1" 404 3376
[2026-04-06 15:24:34,826] INFO django.server: "GET /compose/ HTTP/1.1" 200 4176
[2026-04-06 15:24:35,936] WARNING django.server: "GET /static/images/eggs.png HTTP/1.1" 404 1972
[2026-04-06 15:24:35,936] WARNING django.server: "GET /static/images/coconut-milk.png HTTP/1.1" 404 1996
[2026-04-06 15:36:05,225] INFO django.utils.autoreload: Watching for file changes with StatReloader
[2026-04-06 15:36:09,416] ERROR django.request: Internal Server Error: /compose/
Traceback (most recent call last):
  File "C:\Users\Micie456\PycharmProjects\Diplom\.venv\Lib\site-packages\django\core\handlers\exception.py", line 55, in inner
    response = get_response(request)
               ^^^^^^^^^^^^^^^^^^^^^
  File "C:\Users\Micie456\PycharmProjects\Diplom\.venv\Lib\site-packages\django\core\handlers\base.py", line 198, in _get_response
    response = wrapped_callback(request, *callback_args, **callback_kwargs)
               ^^^^^^^^^^^^^^^^^^^^^^^^^^^^^^^^^^^^^^^^^^^^^^^^^^^^^^^^^^^^
  File "C:\Users\Micie456\PycharmProjects\Diplom\diplom\mainapp\views.py", line 45, in compose_dish
    ingridients = Ingredients.objects.get()
                  ^^^^^^^^^^^^^^^^^^^^^^^^^
  File "C:\Users\Micie456\PycharmProjects\Diplom\.venv\Lib\site-packages\django\db\models\manager.py", line 87, in manager_method
    return getattr(self.get_queryset(), name)(*args, **kwargs)
           ^^^^^^^^^^^^^^^^^^^^^^^^^^^^^^^^^^^^^^^^^^^^^^^^^^^
  File "C:\Users\Micie456\PycharmProjects\Diplom\.venv\Lib\site-packages\django\db\models\query.py", line 642, in get
    raise self.model.MultipleObjectsReturned(
mainapp.models.Ingredients.MultipleObjectsReturned: get() returned more than one Ingredients -- it returned 4!
[2026-04-06 15:36:09,419] ERROR django.server: "GET /compose/ HTTP/1.1" 500 75465
[2026-04-06 15:36:23,322] INFO django.utils.autoreload: C:\Users\Micie456\PycharmProjects\Diplom\diplom\mainapp\views.py changed, reloading.
[2026-04-06 15:36:23,960] INFO django.utils.autoreload: Watching for file changes with StatReloader
[2026-04-06 15:36:34,499] INFO django.server: "GET / HTTP/1.1" 200 4726
[2026-04-06 15:36:34,648] INFO django.server: "GET /static/css/style.css HTTP/1.1" 304 0
[2026-04-06 15:36:35,839] ERROR django.request: Internal Server Error: /compose/
Traceback (most recent call last):
  File "C:\Users\Micie456\PycharmProjects\Diplom\.venv\Lib\site-packages\django\template\base.py", line 577, in parse
    compile_func = self.tags[command]
                   ~~~~~~~~~^^^^^^^^^
KeyError: 'endfor'

During handling of the above exception, another exception occurred:

Traceback (most recent call last):
  File "C:\Users\Micie456\PycharmProjects\Diplom\.venv\Lib\site-packages\django\core\handlers\exception.py", line 55, in inner
    response = get_response(request)
               ^^^^^^^^^^^^^^^^^^^^^
  File "C:\Users\Micie456\PycharmProjects\Diplom\.venv\Lib\site-packages\django\core\handlers\base.py", line 198, in _get_response
    response = wrapped_callback(request, *callback_args, **callback_kwargs)
               ^^^^^^^^^^^^^^^^^^^^^^^^^^^^^^^^^^^^^^^^^^^^^^^^^^^^^^^^^^^^
  File "C:\Users\Micie456\PycharmProjects\Diplom\diplom\mainapp\views.py", line 46, in compose_dish
    return render(request, 'compose_dish.html', {'ingridients': ingridients})
           ^^^^^^^^^^^^^^^^^^^^^^^^^^^^^^^^^^^^^^^^^^^^^^^^^^^^^^^^^^^^^^^^^^
  File "C:\Users\Micie456\PycharmProjects\Diplom\.venv\Lib\site-packages\django\shortcuts.py", line 25, in render
    content = loader.render_to_string(template_name, context, request, using=using)
              ^^^^^^^^^^^^^^^^^^^^^^^^^^^^^^^^^^^^^^^^^^^^^^^^^^^^^^^^^^^^^^^^^^^^^
  File "C:\Users\Micie456\PycharmProjects\Diplom\.venv\Lib\site-packages\django\template\loader.py", line 61, in render_to_string
    template = get_template(template_name, using=using)
               ^^^^^^^^^^^^^^^^^^^^^^^^^^^^^^^^^^^^^^^^
  File "C:\Users\Micie456\PycharmProjects\Diplom\.venv\Lib\site-packages\django\template\loader.py", line 15, in get_template
    return engine.get_template(template_name)
           ^^^^^^^^^^^^^^^^^^^^^^^^^^^^^^^^^^
  File "C:\Users\Micie456\PycharmProjects\Diplom\.venv\Lib\site-packages\django\template\backends\django.py", line 79, in get_template
    return Template(self.engine.get_template(template_name), self)
                    ^^^^^^^^^^^^^^^^^^^^^^^^^^^^^^^^^^^^^^^
  File "C:\Users\Micie456\PycharmProjects\Diplom\.venv\Lib\site-packages\django\template\engine.py", line 186, in get_template
    template, origin = self.find_template(template_name)
                       ^^^^^^^^^^^^^^^^^^^^^^^^^^^^^^^^^
  File "C:\Users\Micie456\PycharmProjects\Diplom\.venv\Lib\site-packages\django\template\engine.py", line 159, in find_template
    template = loader.get_template(name, skip=skip)
               ^^^^^^^^^^^^^^^^^^^^^^^^^^^^^^^^^^^^
  File "C:\Users\Micie456\PycharmProjects\Diplom\.venv\Lib\site-packages\django\template\loaders\cached.py", line 57, in get_template
    template = super().get_template(template_name, skip)
               ^^^^^^^^^^^^^^^^^^^^^^^^^^^^^^^^^^^^^^^^^
  File "C:\Users\Micie456\PycharmProjects\Diplom\.venv\Lib\site-packages\django\template\loaders\base.py", line 28, in get_template
    return Template(
           ^^^^^^^^^
  File "C:\Users\Micie456\PycharmProjects\Diplom\.venv\Lib\site-packages\django\template\base.py", line 157, in __init__
    self.nodelist = self.compile_nodelist()
                    ^^^^^^^^^^^^^^^^^^^^^^^
  File "C:\Users\Micie456\PycharmProjects\Diplom\.venv\Lib\site-packages\django\template\base.py", line 199, in compile_nodelist
    nodelist = parser.parse()
               ^^^^^^^^^^^^^^
  File "C:\Users\Micie456\PycharmProjects\Diplom\.venv\Lib\site-packages\django\template\base.py", line 585, in parse
    raise self.error(token, e)
  File "C:\Users\Micie456\PycharmProjects\Diplom\.venv\Lib\site-packages\django\template\base.py", line 583, in parse
    compiled_result = compile_func(self, token)
                      ^^^^^^^^^^^^^^^^^^^^^^^^^
  File "C:\Users\Micie456\PycharmProjects\Diplom\.venv\Lib\site-packages\django\template\defaulttags.py", line 894, in do_for
    nodelist_loop = parser.parse(
                    ^^^^^^^^^^^^^
  File "C:\Users\Micie456\PycharmProjects\Diplom\.venv\Lib\site-packages\django\template\base.py", line 585, in parse
    raise self.error(token, e)
  File "C:\Users\Micie456\PycharmProjects\Diplom\.venv\Lib\site-packages\django\template\base.py", line 583, in parse
    compiled_result = compile_func(self, token)
                      ^^^^^^^^^^^^^^^^^^^^^^^^^
  File "C:\Users\Micie456\PycharmProjects\Diplom\.venv\Lib\site-packages\django\template\defaulttags.py", line 994, in do_if
    nodelist = parser.parse(("elif", "else", "endif"))
               ^^^^^^^^^^^^^^^^^^^^^^^^^^^^^^^^^^^^^^^
  File "C:\Users\Micie456\PycharmProjects\Diplom\.venv\Lib\site-packages\django\template\base.py", line 579, in parse
    self.invalid_block_tag(token, command, parse_until)
  File "C:\Users\Micie456\PycharmProjects\Diplom\.venv\Lib\site-packages\django\template\base.py", line 634, in invalid_block_tag
    raise self.error(
django.template.exceptions.TemplateSyntaxError: Template: C:\Users\Micie456\PycharmProjects\Diplom\diplom\mainapp\templates\compose_dish.html, Invalid block tag on line 66: 'endfor', expected 'elif', 'else' or 'endif'. Did you forget to register or load this tag?
[2026-04-06 15:36:35,844] ERROR django.server: "GET /compose/ HTTP/1.1" 500 186879
[2026-04-06 15:37:13,124] INFO django.server: "GET / HTTP/1.1" 200 4726
[2026-04-06 15:37:13,989] INFO django.server: "GET /compose/ HTTP/1.1" 200 4772
[2026-04-06 15:37:14,092] INFO django.server: "GET /media/ingridients/kokososovoe__moloko.png HTTP/1.1" 200 57958
[2026-04-06 15:53:07,107] INFO django.utils.autoreload: Watching for file changes with StatReloader
[2026-04-06 15:53:09,504] INFO django.server: "GET / HTTP/1.1" 200 4726
[2026-04-06 15:53:09,721] INFO django.server: "GET /static/css/style.css HTTP/1.1" 200 6056
[2026-04-06 15:53:11,477] INFO django.server: "GET /compose/ HTTP/1.1" 200 4524
[2026-04-06 15:53:13,949] WARNING django.server: "GET /static/images/coconut-milk.png HTTP/1.1" 404 1996
[2026-04-06 16:04:13,860] INFO django.server: "GET / HTTP/1.1" 200 4726
[2026-04-06 16:04:13,916] INFO django.server: "GET /static/css/style.css HTTP/1.1" 304 0
[2026-04-06 16:04:14,941] INFO django.server: "GET /compose/ HTTP/1.1" 200 3143
[2026-04-06 16:06:07,370] INFO django.utils.autoreload: C:\Users\Micie456\PycharmProjects\Diplom\diplom\mainapp\views.py changed, reloading.
[2026-04-06 16:06:07,888] INFO django.utils.autoreload: Watching for file changes with StatReloader
[2026-04-06 16:09:41,779] INFO django.utils.autoreload: C:\Users\Micie456\PycharmProjects\Diplom\diplom\mainapp\views.py changed, reloading.
[2026-04-06 16:09:42,260] INFO django.utils.autoreload: Watching for file changes with StatReloader
[2026-04-06 16:09:43,340] INFO django.server: "GET / HTTP/1.1" 200 4726
[2026-04-06 16:09:43,517] INFO django.server: "GET /static/css/style.css HTTP/1.1" 304 0
[2026-04-06 16:09:44,575] INFO django.server: "GET /compose/ HTTP/1.1" 200 3813
[2026-04-06 16:09:44,610] INFO django.server: "GET /media/ingridients/kokososovoe__moloko.png HTTP/1.1" 304 0
[2026-04-06 16:11:56,542] INFO django.utils.autoreload: C:\Users\Micie456\PycharmProjects\Diplom\diplom\mainapp\views.py changed, reloading.
[2026-04-06 16:11:57,113] INFO django.utils.autoreload: Watching for file changes with StatReloader
[2026-04-06 16:12:01,537] INFO django.utils.autoreload: C:\Users\Micie456\PycharmProjects\Diplom\diplom\diplom\urls.py changed, reloading.
[2026-04-06 16:12:02,086] INFO django.utils.autoreload: Watching for file changes with StatReloader
[2026-04-06 16:12:22,622] INFO django.server: "GET / HTTP/1.1" 200 4726
[2026-04-06 16:12:22,852] INFO django.server: "GET /static/css/style.css HTTP/1.1" 304 0
[2026-04-06 16:12:26,981] INFO django.server: "GET /compose/ HTTP/1.1" 200 5361
[2026-04-06 16:12:28,050] INFO django.server: "GET /get_ingredients/?kitchen=%D0%90%D0%B7%D0%B8%D0%B0%D1%82%D1%81%D0%BA%D0%B0%D1%8F HTTP/1.1" 200 2
[2026-04-06 16:12:35,738] INFO django.server: "GET /get_ingredients/?kitchen=%D0%95%D0%B2%D1%80%D0%BE%D0%BF%D0%B5%D0%B9%D1%81%D0%BA%D0%B0%D1%8F HTTP/1.1" 200 2
[2026-04-06 16:12:37,438] INFO django.server: "GET /get_ingredients/?kitchen=%D0%90%D0%B7%D0%B8%D0%B0%D1%82%D1%81%D0%BA%D0%B0%D1%8F HTTP/1.1" 200 2
[2026-04-06 16:13:08,144] INFO django.server: "GET /get_ingredients/?kitchen=%D0%92%D0%BE%D1%81%D1%82%D0%BE%D1%87%D0%BD%D0%BE%D0%B5%D0%B2%D1%80%D0%BE%D0%BF%D0%B5%D0%B9%D1%81%D0%BA%D0%B0%D1%8F HTTP/1.1" 200 2
[2026-04-06 16:13:09,349] INFO django.server: "GET /get_ingredients/?kitchen=%D0%90%D0%B7%D0%B8%D0%B0%D1%82%D1%81%D0%BA%D0%B0%D1%8F HTTP/1.1" 200 2
[2026-04-06 16:13:53,844] INFO django.server: "GET /get_ingredients/?kitchen=%D0%95%D0%B2%D1%80%D0%BE%D0%BF%D0%B5%D0%B9%D1%81%D0%BA%D0%B0%D1%8F HTTP/1.1" 200 2
[2026-04-06 16:13:54,452] INFO django.server: "GET /get_ingredients/?kitchen=%D0%90%D0%B7%D0%B8%D0%B0%D1%82%D1%81%D0%BA%D0%B0%D1%8F HTTP/1.1" 200 2
[2026-04-06 16:16:10,831] INFO django.utils.autoreload: C:\Users\Micie456\PycharmProjects\Diplom\diplom\mainapp\views.py changed, reloading.
[2026-04-06 16:16:11,389] INFO django.utils.autoreload: Watching for file changes with StatReloader
[2026-04-06 16:17:23,215] INFO django.utils.autoreload: C:\Users\Micie456\PycharmProjects\Diplom\diplom\mainapp\views.py changed, reloading.
[2026-04-06 16:17:23,696] INFO django.utils.autoreload: Watching for file changes with StatReloader
[2026-04-06 16:18:07,116] INFO django.utils.autoreload: Watching for file changes with StatReloader
[2026-04-06 16:19:18,465] INFO django.utils.autoreload: C:\Users\Micie456\PycharmProjects\Diplom\diplom\diplom\urls.py changed, reloading.
[2026-04-06 16:19:18,920] INFO django.utils.autoreload: Watching for file changes with StatReloader
[2026-04-06 16:19:20,256] INFO django.server: "GET / HTTP/1.1" 200 4726
[2026-04-06 16:19:20,403] INFO django.server: "GET /static/css/style.css HTTP/1.1" 304 0
[2026-04-06 16:19:21,238] INFO django.server: "GET /compose/ HTTP/1.1" 200 4524
[2026-04-06 16:19:22,177] WARNING django.server: "GET /static/images/coconut-milk.png HTTP/1.1" 404 1996
[2026-04-06 16:20:16,798] INFO django.server: "GET / HTTP/1.1" 200 4726
[2026-04-06 16:20:21,095] INFO django.server: "GET /compose/ HTTP/1.1" 200 4493
[2026-04-06 16:22:28,351] INFO django.utils.autoreload: C:\Users\Micie456\PycharmProjects\Diplom\diplom\mainapp\views.py changed, reloading.
[2026-04-06 16:22:28,909] INFO django.utils.autoreload: Watching for file changes with StatReloader
[2026-04-06 16:22:30,037] INFO django.server: "GET /compose/ HTTP/1.1" 200 4493
[2026-04-06 16:22:30,073] INFO django.server: "GET /static/css/style.css HTTP/1.1" 304 0
[2026-04-06 16:22:37,770] INFO django.server: "GET / HTTP/1.1" 200 4726
[2026-04-06 16:22:38,806] INFO django.server: "GET /compose/ HTTP/1.1" 200 4493
[2026-04-06 16:23:44,080] INFO django.server: "GET / HTTP/1.1" 200 4726
[2026-04-06 16:23:45,409] INFO django.server: "GET /compose/ HTTP/1.1" 200 4176
[2026-04-06 16:23:55,924] INFO django.server: "GET /compose/ HTTP/1.1" 200 4493
[2026-04-06 16:24:00,584] INFO django.server: "GET / HTTP/1.1" 200 4726
[2026-04-06 16:24:01,464] INFO django.server: "GET /compose/ HTTP/1.1" 200 4493
[2026-04-06 16:24:36,868] INFO django.server: "GET / HTTP/1.1" 200 4726
[2026-04-06 16:24:38,562] ERROR django.request: Internal Server Error: /compose/
Traceback (most recent call last):
  File "C:\Users\Micie456\PycharmProjects\Diplom\.venv\Lib\site-packages\django\core\handlers\exception.py", line 55, in inner
    response = get_response(request)
               ^^^^^^^^^^^^^^^^^^^^^
  File "C:\Users\Micie456\PycharmProjects\Diplom\.venv\Lib\site-packages\django\core\handlers\base.py", line 198, in _get_response
    response = wrapped_callback(request, *callback_args, **callback_kwargs)
               ^^^^^^^^^^^^^^^^^^^^^^^^^^^^^^^^^^^^^^^^^^^^^^^^^^^^^^^^^^^^
  File "C:\Users\Micie456\PycharmProjects\Diplom\diplom\mainapp\views.py", line 56, in compose_dish
    return render(request, 'compose_dish.html', {
           ^^^^^^^^^^^^^^^^^^^^^^^^^^^^^^^^^^^^^^
  File "C:\Users\Micie456\PycharmProjects\Diplom\.venv\Lib\site-packages\django\shortcuts.py", line 25, in render
    content = loader.render_to_string(template_name, context, request, using=using)
              ^^^^^^^^^^^^^^^^^^^^^^^^^^^^^^^^^^^^^^^^^^^^^^^^^^^^^^^^^^^^^^^^^^^^^
  File "C:\Users\Micie456\PycharmProjects\Diplom\.venv\Lib\site-packages\django\template\loader.py", line 61, in render_to_string
    template = get_template(template_name, using=using)
               ^^^^^^^^^^^^^^^^^^^^^^^^^^^^^^^^^^^^^^^^
  File "C:\Users\Micie456\PycharmProjects\Diplom\.venv\Lib\site-packages\django\template\loader.py", line 15, in get_template
    return engine.get_template(template_name)
           ^^^^^^^^^^^^^^^^^^^^^^^^^^^^^^^^^^
  File "C:\Users\Micie456\PycharmProjects\Diplom\.venv\Lib\site-packages\django\template\backends\django.py", line 79, in get_template
    return Template(self.engine.get_template(template_name), self)
                    ^^^^^^^^^^^^^^^^^^^^^^^^^^^^^^^^^^^^^^^
  File "C:\Users\Micie456\PycharmProjects\Diplom\.venv\Lib\site-packages\django\template\engine.py", line 186, in get_template
    template, origin = self.find_template(template_name)
                       ^^^^^^^^^^^^^^^^^^^^^^^^^^^^^^^^^
  File "C:\Users\Micie456\PycharmProjects\Diplom\.venv\Lib\site-packages\django\template\engine.py", line 159, in find_template
    template = loader.get_template(name, skip=skip)
               ^^^^^^^^^^^^^^^^^^^^^^^^^^^^^^^^^^^^
  File "C:\Users\Micie456\PycharmProjects\Diplom\.venv\Lib\site-packages\django\template\loaders\cached.py", line 57, in get_template
    template = super().get_template(template_name, skip)
               ^^^^^^^^^^^^^^^^^^^^^^^^^^^^^^^^^^^^^^^^^
  File "C:\Users\Micie456\PycharmProjects\Diplom\.venv\Lib\site-packages\django\template\loaders\base.py", line 28, in get_template
    return Template(
           ^^^^^^^^^
  File "C:\Users\Micie456\PycharmProjects\Diplom\.venv\Lib\site-packages\django\template\base.py", line 157, in __init__
    self.nodelist = self.compile_nodelist()
                    ^^^^^^^^^^^^^^^^^^^^^^^
  File "C:\Users\Micie456\PycharmProjects\Diplom\.venv\Lib\site-packages\django\template\base.py", line 199, in compile_nodelist
    nodelist = parser.parse()
               ^^^^^^^^^^^^^^
  File "C:\Users\Micie456\PycharmProjects\Diplom\.venv\Lib\site-packages\django\template\base.py", line 585, in parse
    raise self.error(token, e)
  File "C:\Users\Micie456\PycharmProjects\Diplom\.venv\Lib\site-packages\django\template\base.py", line 583, in parse
    compiled_result = compile_func(self, token)
                      ^^^^^^^^^^^^^^^^^^^^^^^^^
  File "C:\Users\Micie456\PycharmProjects\Diplom\.venv\Lib\site-packages\django\template\defaulttags.py", line 894, in do_for
    nodelist_loop = parser.parse(
                    ^^^^^^^^^^^^^
  File "C:\Users\Micie456\PycharmProjects\Diplom\.venv\Lib\site-packages\django\template\base.py", line 590, in parse
    self.unclosed_block_tag(parse_until)
  File "C:\Users\Micie456\PycharmProjects\Diplom\.venv\Lib\site-packages\django\template\base.py", line 657, in unclosed_block_tag
    raise self.error(token, msg)
django.template.exceptions.TemplateSyntaxError: Template: C:\Users\Micie456\PycharmProjects\Diplom\diplom\mainapp\templates\compose_dish.html, Unclosed tag on line 60: 'for'. Looking for one of: empty, endfor.
[2026-04-06 16:24:38,567] ERROR django.server: "GET /compose/ HTTP/1.1" 500 164311
[2026-04-06 16:25:05,376] ERROR django.request: Internal Server Error: /compose/
Traceback (most recent call last):
  File "C:\Users\Micie456\PycharmProjects\Diplom\.venv\Lib\site-packages\django\template\base.py", line 577, in parse
    compile_func = self.tags[command]
                   ~~~~~~~~~^^^^^^^^^
KeyError: '{%'

During handling of the above exception, another exception occurred:

Traceback (most recent call last):
  File "C:\Users\Micie456\PycharmProjects\Diplom\.venv\Lib\site-packages\django\core\handlers\exception.py", line 55, in inner
    response = get_response(request)
               ^^^^^^^^^^^^^^^^^^^^^
  File "C:\Users\Micie456\PycharmProjects\Diplom\.venv\Lib\site-packages\django\core\handlers\base.py", line 198, in _get_response
    response = wrapped_callback(request, *callback_args, **callback_kwargs)
               ^^^^^^^^^^^^^^^^^^^^^^^^^^^^^^^^^^^^^^^^^^^^^^^^^^^^^^^^^^^^
  File "C:\Users\Micie456\PycharmProjects\Diplom\diplom\mainapp\views.py", line 56, in compose_dish
    return render(request, 'compose_dish.html', {
           ^^^^^^^^^^^^^^^^^^^^^^^^^^^^^^^^^^^^^^
  File "C:\Users\Micie456\PycharmProjects\Diplom\.venv\Lib\site-packages\django\shortcuts.py", line 25, in render
    content = loader.render_to_string(template_name, context, request, using=using)
              ^^^^^^^^^^^^^^^^^^^^^^^^^^^^^^^^^^^^^^^^^^^^^^^^^^^^^^^^^^^^^^^^^^^^^
  File "C:\Users\Micie456\PycharmProjects\Diplom\.venv\Lib\site-packages\django\template\loader.py", line 61, in render_to_string
    template = get_template(template_name, using=using)
               ^^^^^^^^^^^^^^^^^^^^^^^^^^^^^^^^^^^^^^^^
  File "C:\Users\Micie456\PycharmProjects\Diplom\.venv\Lib\site-packages\django\template\loader.py", line 15, in get_template
    return engine.get_template(template_name)
           ^^^^^^^^^^^^^^^^^^^^^^^^^^^^^^^^^^
  File "C:\Users\Micie456\PycharmProjects\Diplom\.venv\Lib\site-packages\django\template\backends\django.py", line 79, in get_template
    return Template(self.engine.get_template(template_name), self)
                    ^^^^^^^^^^^^^^^^^^^^^^^^^^^^^^^^^^^^^^^
  File "C:\Users\Micie456\PycharmProjects\Diplom\.venv\Lib\site-packages\django\template\engine.py", line 186, in get_template
    template, origin = self.find_template(template_name)
                       ^^^^^^^^^^^^^^^^^^^^^^^^^^^^^^^^^
  File "C:\Users\Micie456\PycharmProjects\Diplom\.venv\Lib\site-packages\django\template\engine.py", line 159, in find_template
    template = loader.get_template(name, skip=skip)
               ^^^^^^^^^^^^^^^^^^^^^^^^^^^^^^^^^^^^
  File "C:\Users\Micie456\PycharmProjects\Diplom\.venv\Lib\site-packages\django\template\loaders\cached.py", line 57, in get_template
    template = super().get_template(template_name, skip)
               ^^^^^^^^^^^^^^^^^^^^^^^^^^^^^^^^^^^^^^^^^
  File "C:\Users\Micie456\PycharmProjects\Diplom\.venv\Lib\site-packages\django\template\loaders\base.py", line 28, in get_template
    return Template(
           ^^^^^^^^^
  File "C:\Users\Micie456\PycharmProjects\Diplom\.venv\Lib\site-packages\django\template\base.py", line 157, in __init__
    self.nodelist = self.compile_nodelist()
                    ^^^^^^^^^^^^^^^^^^^^^^^
  File "C:\Users\Micie456\PycharmProjects\Diplom\.venv\Lib\site-packages\django\template\base.py", line 199, in compile_nodelist
    nodelist = parser.parse()
               ^^^^^^^^^^^^^^
  File "C:\Users\Micie456\PycharmProjects\Diplom\.venv\Lib\site-packages\django\template\base.py", line 579, in parse
    self.invalid_block_tag(token, command, parse_until)
  File "C:\Users\Micie456\PycharmProjects\Diplom\.venv\Lib\site-packages\django\template\base.py", line 644, in invalid_block_tag
    raise self.error(
django.template.exceptions.TemplateSyntaxError: Template: C:\Users\Micie456\PycharmProjects\Diplom\diplom\mainapp\templates\compose_dish.html, Invalid block tag on line 1: '{%'. Did you forget to register or load this tag?
[2026-04-06 16:25:05,378] ERROR django.server: "GET /compose/ HTTP/1.1" 500 158094
[2026-04-06 16:25:17,196] ERROR django.request: Internal Server Error: /compose/
Traceback (most recent call last):
  File "C:\Users\Micie456\PycharmProjects\Diplom\.venv\Lib\site-packages\django\template\base.py", line 577, in parse
    compile_func = self.tags[command]
                   ~~~~~~~~~^^^^^^^^^
KeyError: 'endfor'

During handling of the above exception, another exception occurred:

Traceback (most recent call last):
  File "C:\Users\Micie456\PycharmProjects\Diplom\.venv\Lib\site-packages\django\core\handlers\exception.py", line 55, in inner
    response = get_response(request)
               ^^^^^^^^^^^^^^^^^^^^^
  File "C:\Users\Micie456\PycharmProjects\Diplom\.venv\Lib\site-packages\django\core\handlers\base.py", line 198, in _get_response
    response = wrapped_callback(request, *callback_args, **callback_kwargs)
               ^^^^^^^^^^^^^^^^^^^^^^^^^^^^^^^^^^^^^^^^^^^^^^^^^^^^^^^^^^^^
  File "C:\Users\Micie456\PycharmProjects\Diplom\diplom\mainapp\views.py", line 56, in compose_dish
    return render(request, 'compose_dish.html', {
           ^^^^^^^^^^^^^^^^^^^^^^^^^^^^^^^^^^^^^^
  File "C:\Users\Micie456\PycharmProjects\Diplom\.venv\Lib\site-packages\django\shortcuts.py", line 25, in render
    content = loader.render_to_string(template_name, context, request, using=using)
              ^^^^^^^^^^^^^^^^^^^^^^^^^^^^^^^^^^^^^^^^^^^^^^^^^^^^^^^^^^^^^^^^^^^^^
  File "C:\Users\Micie456\PycharmProjects\Diplom\.venv\Lib\site-packages\django\template\loader.py", line 61, in render_to_string
    template = get_template(template_name, using=using)
               ^^^^^^^^^^^^^^^^^^^^^^^^^^^^^^^^^^^^^^^^
  File "C:\Users\Micie456\PycharmProjects\Diplom\.venv\Lib\site-packages\django\template\loader.py", line 15, in get_template
    return engine.get_template(template_name)
           ^^^^^^^^^^^^^^^^^^^^^^^^^^^^^^^^^^
  File "C:\Users\Micie456\PycharmProjects\Diplom\.venv\Lib\site-packages\django\template\backends\django.py", line 79, in get_template
    return Template(self.engine.get_template(template_name), self)
                    ^^^^^^^^^^^^^^^^^^^^^^^^^^^^^^^^^^^^^^^
  File "C:\Users\Micie456\PycharmProjects\Diplom\.venv\Lib\site-packages\django\template\engine.py", line 186, in get_template
    template, origin = self.find_template(template_name)
                       ^^^^^^^^^^^^^^^^^^^^^^^^^^^^^^^^^
  File "C:\Users\Micie456\PycharmProjects\Diplom\.venv\Lib\site-packages\django\template\engine.py", line 159, in find_template
    template = loader.get_template(name, skip=skip)
               ^^^^^^^^^^^^^^^^^^^^^^^^^^^^^^^^^^^^
  File "C:\Users\Micie456\PycharmProjects\Diplom\.venv\Lib\site-packages\django\template\loaders\cached.py", line 57, in get_template
    template = super().get_template(template_name, skip)
               ^^^^^^^^^^^^^^^^^^^^^^^^^^^^^^^^^^^^^^^^^
  File "C:\Users\Micie456\PycharmProjects\Diplom\.venv\Lib\site-packages\django\template\loaders\base.py", line 28, in get_template
    return Template(
           ^^^^^^^^^
  File "C:\Users\Micie456\PycharmProjects\Diplom\.venv\Lib\site-packages\django\template\base.py", line 157, in __init__
    self.nodelist = self.compile_nodelist()
                    ^^^^^^^^^^^^^^^^^^^^^^^
  File "C:\Users\Micie456\PycharmProjects\Diplom\.venv\Lib\site-packages\django\template\base.py", line 199, in compile_nodelist
    nodelist = parser.parse()
               ^^^^^^^^^^^^^^
  File "C:\Users\Micie456\PycharmProjects\Diplom\.venv\Lib\site-packages\django\template\base.py", line 585, in parse
    raise self.error(token, e)
  File "C:\Users\Micie456\PycharmProjects\Diplom\.venv\Lib\site-packages\django\template\base.py", line 583, in parse
    compiled_result = compile_func(self, token)
                      ^^^^^^^^^^^^^^^^^^^^^^^^^
  File "C:\Users\Micie456\PycharmProjects\Diplom\.venv\Lib\site-packages\django\template\defaulttags.py", line 894, in do_for
    nodelist_loop = parser.parse(
                    ^^^^^^^^^^^^^
  File "C:\Users\Micie456\PycharmProjects\Diplom\.venv\Lib\site-packages\django\template\base.py", line 585, in parse
    raise self.error(token, e)
  File "C:\Users\Micie456\PycharmProjects\Diplom\.venv\Lib\site-packages\django\template\base.py", line 583, in parse
    compiled_result = compile_func(self, token)
                      ^^^^^^^^^^^^^^^^^^^^^^^^^
  File "C:\Users\Micie456\PycharmProjects\Diplom\.venv\Lib\site-packages\django\template\defaulttags.py", line 994, in do_if
    nodelist = parser.parse(("elif", "else", "endif"))
               ^^^^^^^^^^^^^^^^^^^^^^^^^^^^^^^^^^^^^^^
  File "C:\Users\Micie456\PycharmProjects\Diplom\.venv\Lib\site-packages\django\template\base.py", line 579, in parse
    self.invalid_block_tag(token, command, parse_until)
  File "C:\Users\Micie456\PycharmProjects\Diplom\.venv\Lib\site-packages\django\template\base.py", line 634, in invalid_block_tag
    raise self.error(
django.template.exceptions.TemplateSyntaxError: Template: C:\Users\Micie456\PycharmProjects\Diplom\diplom\mainapp\templates\compose_dish.html, Invalid block tag on line 66: 'endfor', expected 'elif', 'else' or 'endif'. Did you forget to register or load this tag?
[2026-04-06 16:25:17,197] ERROR django.server: "GET /compose/ HTTP/1.1" 500 189208
[2026-04-06 16:25:36,273] INFO django.server: "GET /compose/ HTTP/1.1" 200 4102
[2026-04-06 16:25:36,306] INFO django.server: "GET /static/css/style.css HTTP/1.1" 304 0
[2026-04-06 16:25:38,006] WARNING django.server: "GET /static/images/eggs.png HTTP/1.1" 404 1972
[2026-04-06 16:25:38,006] WARNING django.server: "GET /static/images/coconut-milk.png HTTP/1.1" 404 1996
[2026-04-06 16:26:14,501] INFO django.server: "GET /compose/ HTTP/1.1" 200 4102
[2026-04-06 16:26:15,845] WARNING django.server: "GET /static/images/eggs.png HTTP/1.1" 404 1972
[2026-04-06 16:26:15,845] WARNING django.server: "GET /static/images/coconut-milk.png HTTP/1.1" 404 1996
[2026-04-06 16:26:44,969] INFO django.utils.autoreload: Watching for file changes with StatReloader
[2026-04-06 16:26:45,909] INFO django.server: "GET / HTTP/1.1" 200 4726
[2026-04-06 16:26:46,994] INFO django.server: "GET /compose/ HTTP/1.1" 200 4524
[2026-04-06 16:26:47,947] WARNING django.server: "GET /static/images/coconut-milk.png HTTP/1.1" 404 1996
[2026-04-06 16:28:24,394] INFO django.utils.autoreload: C:\Users\Micie456\PycharmProjects\Diplom\diplom\mainapp\views.py changed, reloading.
[2026-04-06 16:28:24,943] INFO django.utils.autoreload: Watching for file changes with StatReloader
[2026-04-06 16:29:27,127] INFO django.server: "GET / HTTP/1.1" 200 4726
[2026-04-06 16:29:27,329] INFO django.server: "GET /static/css/style.css HTTP/1.1" 304 0
[2026-04-06 16:29:29,057] INFO django.server: "GET /compose/ HTTP/1.1" 200 5238
[2026-04-06 16:29:30,517] WARNING django.request: Not Found: /get_ingredients/
[2026-04-06 16:29:30,518] WARNING django.server: "GET /get_ingredients/?kitchen=asian HTTP/1.1" 404 3405
[2026-04-06 16:29:31,741] WARNING django.request: Not Found: /get_ingredients/
[2026-04-06 16:29:31,742] WARNING django.server: "GET /get_ingredients/?kitchen=european HTTP/1.1" 404 3408
[2026-04-06 16:29:33,518] WARNING django.request: Not Found: /get_ingredients/
[2026-04-06 16:29:33,518] WARNING django.server: "GET /get_ingredients/?kitchen=chinese HTTP/1.1" 404 3407
[2026-04-06 16:29:34,410] WARNING django.request: Not Found: /get_ingredients/
[2026-04-06 16:29:34,410] WARNING django.server: "GET /get_ingredients/?kitchen=asian HTTP/1.1" 404 3405
[2026-04-06 16:29:36,341] WARNING django.request: Not Found: /get_ingredients/
[2026-04-06 16:29:36,341] WARNING django.server: "GET /get_ingredients/?kitchen=european HTTP/1.1" 404 3408
[2026-04-06 16:29:37,613] WARNING django.request: Not Found: /get_ingredients/
[2026-04-06 16:29:37,613] WARNING django.server: "GET /get_ingredients/?kitchen=eastern_european HTTP/1.1" 404 3416
[2026-04-06 16:29:38,213] WARNING django.request: Not Found: /get_ingredients/
[2026-04-06 16:29:38,214] WARNING django.server: "GET /get_ingredients/?kitchen=chinese HTTP/1.1" 404 3407
[2026-04-06 16:29:39,035] WARNING django.request: Not Found: /get_ingredients/
[2026-04-06 16:29:39,035] WARNING django.server: "GET /get_ingredients/?kitchen=greek HTTP/1.1" 404 3405
[2026-04-06 16:29:40,017] WARNING django.request: Not Found: /get_ingredients/
[2026-04-06 16:29:40,017] WARNING django.server: "GET /get_ingredients/?kitchen=asian HTTP/1.1" 404 3405
[2026-04-06 16:30:39,561] WARNING django.request: Not Found: /get_ingredients/
[2026-04-06 16:30:39,562] WARNING django.server: "GET /get_ingredients/?kitchen=european HTTP/1.1" 404 3408
[2026-04-06 16:30:40,356] WARNING django.request: Not Found: /get_ingredients/
[2026-04-06 16:30:40,357] WARNING django.server: "GET /get_ingredients/?kitchen=asian HTTP/1.1" 404 3405
[2026-04-06 16:30:59,807] WARNING django.request: Not Found: /get_ingredients/
[2026-04-06 16:30:59,808] WARNING django.server: "GET /get_ingredients/?kitchen=asian HTTP/1.1" 404 3405
[2026-04-06 16:31:01,317] WARNING django.request: Not Found: /get_ingredients/
[2026-04-06 16:31:01,317] WARNING django.server: "GET /get_ingredients/?kitchen=european HTTP/1.1" 404 3408
[2026-04-06 16:31:02,424] WARNING django.request: Not Found: /get_ingredients/
[2026-04-06 16:31:02,424] WARNING django.server: "GET /get_ingredients/?kitchen=asian HTTP/1.1" 404 3405
[2026-04-06 16:32:26,080] INFO django.server: "GET / HTTP/1.1" 200 4726
[2026-04-06 16:32:27,012] INFO django.server: "GET /compose/ HTTP/1.1" 200 5801
[2026-04-06 16:32:28,026] WARNING django.request: Not Found: /get_ingredients/
[2026-04-06 16:32:28,026] WARNING django.server: "GET /get_ingredients/?kitchen=%D0%90%D0%B7%D0%B8%D0%B0%D1%82%D1%81%D0%BA%D0%B0%D1%8F HTTP/1.1" 404 3454
[2026-04-06 16:32:29,039] WARNING django.request: Not Found: /get_ingredients/
[2026-04-06 16:32:29,040] WARNING django.server: "GET /get_ingredients/?kitchen=%D0%92%D0%BE%D1%81%D1%82%D0%BE%D1%87%D0%BD%D0%BE%D0%B5%D0%B2%D1%80%D0%BE%D0%BF%D0%B5%D0%B9%D1%81%D0%BA%D0%B0%D1%8F HTTP/1.1" 404 3514
[2026-04-06 16:32:30,414] WARNING django.request: Not Found: /get_ingredients/
[2026-04-06 16:32:30,414] WARNING django.server: "GET /get_ingredients/?kitchen=%D0%95%D0%B2%D1%80%D0%BE%D0%BF%D0%B5%D0%B9%D1%81%D0%BA%D0%B0%D1%8F HTTP/1.1" 404 3466
[2026-04-06 16:32:31,354] WARNING django.request: Not Found: /get_ingredients/
[2026-04-06 16:32:31,354] WARNING django.server: "GET /get_ingredients/?kitchen=%D0%90%D0%B7%D0%B8%D0%B0%D1%82%D1%81%D0%BA%D0%B0%D1%8F HTTP/1.1" 404 3454
[2026-04-06 16:33:32,946] INFO django.utils.autoreload: C:\Users\Micie456\PycharmProjects\Diplom\diplom\mainapp\views.py changed, reloading.
[2026-04-06 16:33:33,393] INFO django.utils.autoreload: Watching for file changes with StatReloader
[2026-04-06 16:33:34,527] INFO django.server: "GET / HTTP/1.1" 200 4726
[2026-04-06 16:33:34,662] INFO django.server: "GET /static/css/style.css HTTP/1.1" 304 0
[2026-04-06 16:33:36,214] ERROR django.request: Internal Server Error: /compose/
Traceback (most recent call last):
  File "C:\Users\Micie456\PycharmProjects\Diplom\.venv\Lib\site-packages\django\core\handlers\exception.py", line 55, in inner
    response = get_response(request)
               ^^^^^^^^^^^^^^^^^^^^^
  File "C:\Users\Micie456\PycharmProjects\Diplom\.venv\Lib\site-packages\django\core\handlers\base.py", line 198, in _get_response
    response = wrapped_callback(request, *callback_args, **callback_kwargs)
               ^^^^^^^^^^^^^^^^^^^^^^^^^^^^^^^^^^^^^^^^^^^^^^^^^^^^^^^^^^^^
  File "C:\Users\Micie456\PycharmProjects\Diplom\diplom\mainapp\views.py", line 52, in compose_dish
    ingridients = Ingredients.objects.get()
                  ^^^^^^^^^^^^^^^^^^^^^^^^^
  File "C:\Users\Micie456\PycharmProjects\Diplom\.venv\Lib\site-packages\django\db\models\manager.py", line 87, in manager_method
    return getattr(self.get_queryset(), name)(*args, **kwargs)
           ^^^^^^^^^^^^^^^^^^^^^^^^^^^^^^^^^^^^^^^^^^^^^^^^^^^
  File "C:\Users\Micie456\PycharmProjects\Diplom\.venv\Lib\site-packages\django\db\models\query.py", line 642, in get
    raise self.model.MultipleObjectsReturned(
mainapp.models.Ingredients.MultipleObjectsReturned: get() returned more than one Ingredients -- it returned 4!
[2026-04-06 16:33:36,216] ERROR django.server: "GET /compose/ HTTP/1.1" 500 75385
[2026-04-06 16:33:44,138] INFO django.utils.autoreload: C:\Users\Micie456\PycharmProjects\Diplom\diplom\mainapp\views.py changed, reloading.
[2026-04-06 16:33:44,725] INFO django.utils.autoreload: Watching for file changes with StatReloader
[2026-04-06 16:33:45,736] ERROR django.request: Internal Server Error: /compose/
Traceback (most recent call last):
  File "C:\Users\Micie456\PycharmProjects\Diplom\.venv\Lib\site-packages\django\template\base.py", line 577, in parse
    compile_func = self.tags[command]
                   ~~~~~~~~~^^^^^^^^^
KeyError: 'endfor'

During handling of the above exception, another exception occurred:

Traceback (most recent call last):
  File "C:\Users\Micie456\PycharmProjects\Diplom\.venv\Lib\site-packages\django\core\handlers\exception.py", line 55, in inner
    response = get_response(request)
               ^^^^^^^^^^^^^^^^^^^^^
  File "C:\Users\Micie456\PycharmProjects\Diplom\.venv\Lib\site-packages\django\core\handlers\base.py", line 198, in _get_response
    response = wrapped_callback(request, *callback_args, **callback_kwargs)
               ^^^^^^^^^^^^^^^^^^^^^^^^^^^^^^^^^^^^^^^^^^^^^^^^^^^^^^^^^^^^
  File "C:\Users\Micie456\PycharmProjects\Diplom\diplom\mainapp\views.py", line 53, in compose_dish
    return render(request, 'compose_dish.html', {'ingridients': ingridients})
           ^^^^^^^^^^^^^^^^^^^^^^^^^^^^^^^^^^^^^^^^^^^^^^^^^^^^^^^^^^^^^^^^^^
  File "C:\Users\Micie456\PycharmProjects\Diplom\.venv\Lib\site-packages\django\shortcuts.py", line 25, in render
    content = loader.render_to_string(template_name, context, request, using=using)
              ^^^^^^^^^^^^^^^^^^^^^^^^^^^^^^^^^^^^^^^^^^^^^^^^^^^^^^^^^^^^^^^^^^^^^
  File "C:\Users\Micie456\PycharmProjects\Diplom\.venv\Lib\site-packages\django\template\loader.py", line 61, in render_to_string
    template = get_template(template_name, using=using)
               ^^^^^^^^^^^^^^^^^^^^^^^^^^^^^^^^^^^^^^^^
  File "C:\Users\Micie456\PycharmProjects\Diplom\.venv\Lib\site-packages\django\template\loader.py", line 15, in get_template
    return engine.get_template(template_name)
           ^^^^^^^^^^^^^^^^^^^^^^^^^^^^^^^^^^
  File "C:\Users\Micie456\PycharmProjects\Diplom\.venv\Lib\site-packages\django\template\backends\django.py", line 79, in get_template
    return Template(self.engine.get_template(template_name), self)
                    ^^^^^^^^^^^^^^^^^^^^^^^^^^^^^^^^^^^^^^^
  File "C:\Users\Micie456\PycharmProjects\Diplom\.venv\Lib\site-packages\django\template\engine.py", line 186, in get_template
    template, origin = self.find_template(template_name)
                       ^^^^^^^^^^^^^^^^^^^^^^^^^^^^^^^^^
  File "C:\Users\Micie456\PycharmProjects\Diplom\.venv\Lib\site-packages\django\template\engine.py", line 159, in find_template
    template = loader.get_template(name, skip=skip)
               ^^^^^^^^^^^^^^^^^^^^^^^^^^^^^^^^^^^^
  File "C:\Users\Micie456\PycharmProjects\Diplom\.venv\Lib\site-packages\django\template\loaders\cached.py", line 57, in get_template
    template = super().get_template(template_name, skip)
               ^^^^^^^^^^^^^^^^^^^^^^^^^^^^^^^^^^^^^^^^^
  File "C:\Users\Micie456\PycharmProjects\Diplom\.venv\Lib\site-packages\django\template\loaders\base.py", line 28, in get_template
    return Template(
           ^^^^^^^^^
  File "C:\Users\Micie456\PycharmProjects\Diplom\.venv\Lib\site-packages\django\template\base.py", line 157, in __init__
    self.nodelist = self.compile_nodelist()
                    ^^^^^^^^^^^^^^^^^^^^^^^
  File "C:\Users\Micie456\PycharmProjects\Diplom\.venv\Lib\site-packages\django\template\base.py", line 199, in compile_nodelist
    nodelist = parser.parse()
               ^^^^^^^^^^^^^^
  File "C:\Users\Micie456\PycharmProjects\Diplom\.venv\Lib\site-packages\django\template\base.py", line 585, in parse
    raise self.error(token, e)
  File "C:\Users\Micie456\PycharmProjects\Diplom\.venv\Lib\site-packages\django\template\base.py", line 583, in parse
    compiled_result = compile_func(self, token)
                      ^^^^^^^^^^^^^^^^^^^^^^^^^
  File "C:\Users\Micie456\PycharmProjects\Diplom\.venv\Lib\site-packages\django\template\defaulttags.py", line 894, in do_for
    nodelist_loop = parser.parse(
                    ^^^^^^^^^^^^^
  File "C:\Users\Micie456\PycharmProjects\Diplom\.venv\Lib\site-packages\django\template\base.py", line 585, in parse
    raise self.error(token, e)
  File "C:\Users\Micie456\PycharmProjects\Diplom\.venv\Lib\site-packages\django\template\base.py", line 583, in parse
    compiled_result = compile_func(self, token)
                      ^^^^^^^^^^^^^^^^^^^^^^^^^
  File "C:\Users\Micie456\PycharmProjects\Diplom\.venv\Lib\site-packages\django\template\defaulttags.py", line 994, in do_if
    nodelist = parser.parse(("elif", "else", "endif"))
               ^^^^^^^^^^^^^^^^^^^^^^^^^^^^^^^^^^^^^^^
  File "C:\Users\Micie456\PycharmProjects\Diplom\.venv\Lib\site-packages\django\template\base.py", line 579, in parse
    self.invalid_block_tag(token, command, parse_until)
  File "C:\Users\Micie456\PycharmProjects\Diplom\.venv\Lib\site-packages\django\template\base.py", line 634, in invalid_block_tag
    raise self.error(
django.template.exceptions.TemplateSyntaxError: Template: C:\Users\Micie456\PycharmProjects\Diplom\diplom\mainapp\templates\compose_dish.html, Invalid block tag on line 66: 'endfor', expected 'elif', 'else' or 'endif'. Did you forget to register or load this tag?
[2026-04-06 16:33:45,739] ERROR django.server: "GET /compose/ HTTP/1.1" 500 187015
[2026-04-06 16:33:57,232] INFO django.server: "GET /compose/ HTTP/1.1" 200 4771
[2026-04-06 16:33:57,261] INFO django.server: "GET /media/ingridients/kokososovoe__moloko.png HTTP/1.1" 304 0
[2026-04-06 16:33:59,516] WARNING django.server: "GET /static/images/coconut-milk.png HTTP/1.1" 404 1996
[2026-04-06 16:33:59,516] WARNING django.server: "GET /static/images/eggs.png HTTP/1.1" 404 1972
[2026-04-06 16:34:05,041] WARNING django.server: "GET /static/images/eggs.png HTTP/1.1" 404 1972
[2026-04-06 16:34:05,041] WARNING django.server: "GET /static/images/coconut-milk.png HTTP/1.1" 404 1996
[2026-04-06 16:34:09,091] WARNING django.server: "GET /static/images/eggs.png HTTP/1.1" 404 1972
[2026-04-06 16:34:09,091] WARNING django.server: "GET /static/images/coconut-milk.png HTTP/1.1" 404 1996
[2026-04-06 16:34:19,564] INFO django.server: "GET / HTTP/1.1" 200 4726
[2026-04-06 16:34:21,326] INFO django.server: "GET /compose/ HTTP/1.1" 200 4771
[2026-04-06 16:35:04,492] WARNING django.server: "GET /static/images/eggs.png HTTP/1.1" 404 1972
[2026-04-06 16:35:04,493] WARNING django.server: "GET /static/images/coconut-milk.png HTTP/1.1" 404 1996
[2026-04-06 16:35:06,142] WARNING django.server: "GET /static/images/coconut-milk.png HTTP/1.1" 404 1996
[2026-04-06 16:35:06,142] WARNING django.server: "GET /static/images/eggs.png HTTP/1.1" 404 1972
[2026-04-06 16:35:10,733] WARNING django.server: "GET /static/images/eggs.png HTTP/1.1" 404 1972
[2026-04-06 16:35:10,733] WARNING django.server: "GET /static/images/coconut-milk.png HTTP/1.1" 404 1996
[2026-04-06 16:37:51,216] INFO django.utils.autoreload: Watching for file changes with StatReloader
[2026-04-06 16:37:52,164] INFO django.server: "GET / HTTP/1.1" 200 4726
[2026-04-06 16:37:52,316] INFO django.server: "GET /static/css/style.css HTTP/1.1" 304 0
[2026-04-06 16:37:53,973] INFO django.server: "GET /compose/ HTTP/1.1" 200 4702
[2026-04-06 16:37:55,385] WARNING django.server: "GET /static/images/kokososovoe__moloko.png HTTP/1.1" 404 2017
[2026-04-06 16:38:26,592] INFO django.utils.autoreload: Watching for file changes with StatReloader
[2026-04-06 16:38:28,298] INFO django.server: "GET / HTTP/1.1" 200 4726
[2026-04-06 16:38:30,664] INFO django.server: "GET /compose/ HTTP/1.1" 200 4700
[2026-04-06 16:38:31,794] WARNING django.server: "GET /static/images/kokososovoemoloko.png HTTP/1.1" 404 2011
[2026-04-06 16:38:55,669] INFO django.utils.autoreload: Watching for file changes with StatReloader
[2026-04-06 16:38:57,185] INFO django.server: "GET / HTTP/1.1" 200 4726
[2026-04-06 16:39:00,250] INFO django.server: "GET /compose/ HTTP/1.1" 200 4700
[2026-04-06 16:39:01,363] INFO django.server: "GET /static/images/kokososovoemoloko.png HTTP/1.1" 200 57958
[2026-04-09 18:51:40,344] INFO django.utils.autoreload: Watching for file changes with StatReloader
[2026-04-09 18:51:42,336] INFO django.server: "GET / HTTP/1.1" 200 4718
[2026-04-09 18:51:42,410] INFO django.server: "GET /static/css/style.css HTTP/1.1" 304 0
[2026-04-09 18:51:42,411] INFO django.server: "GET /static/images/diplom_1.jpg HTTP/1.1" 304 0
[2026-04-09 18:51:42,411] INFO django.server: "GET /static/images/Diplom_2.jpg HTTP/1.1" 304 0
[2026-04-09 18:51:42,418] INFO django.server: "GET /static/images/Diplom_3.jpg HTTP/1.1" 304 0
[2026-04-09 18:51:42,418] INFO django.server: "GET /static/images/Diplom4.jpg HTTP/1.1" 304 0
[2026-04-09 18:51:42,418] INFO django.server: "GET /static/images/Diplom_5.png HTTP/1.1" 304 0
[2026-04-09 18:51:42,560] WARNING django.request: Not Found: /favicon.ico
[2026-04-09 18:51:42,561] WARNING django.server: "GET /favicon.ico HTTP/1.1" 404 3376
[2026-04-09 18:51:49,539] INFO django.server: "GET /compose/ HTTP/1.1" 200 4694
[2026-04-09 18:51:49,616] INFO django.server: "GET /media/ingridients/kokososovoe__moloko.png HTTP/1.1" 200 57958
[2026-04-09 18:51:55,571] INFO django.server: "GET /static/images/kokososovoemoloko.png HTTP/1.1" 200 57958
[2026-04-09 18:53:24,888] INFO django.server: "GET / HTTP/1.1" 200 4718
[2026-04-09 18:53:26,002] INFO django.server: "GET /compose/ HTTP/1.1" 200 4694
[2026-04-09 19:01:27,492] INFO django.server: "GET / HTTP/1.1" 200 4718
[2026-04-09 19:01:29,945] INFO django.server: "GET /compose/ HTTP/1.1" 200 4694
[2026-04-09 19:21:54,737] INFO django.utils.autoreload: Watching for file changes with StatReloader
[2026-04-09 19:21:57,106] INFO django.server: "GET / HTTP/1.1" 200 4718
[2026-04-09 19:21:57,373] WARNING django.request: Not Found: /favicon.ico
[2026-04-09 19:21:57,374] WARNING django.server: "GET /favicon.ico HTTP/1.1" 404 3376
[2026-04-09 19:22:28,097] INFO django.server: "GET /compose/ HTTP/1.1" 200 4694
[2026-04-09 19:39:48,451] INFO django.server: "GET / HTTP/1.1" 200 4718
[2026-04-09 19:39:49,854] INFO django.server: "GET /compose/ HTTP/1.1" 200 4977
[2026-04-09 19:39:51,853] INFO django.server: "GET /static/images/onion.png HTTP/1.1" 200 3842
[2026-04-09 19:39:51,856] INFO django.server: "GET /static/images/kunzhut_maslo.jpg HTTP/1.1" 200 29738
[2026-04-09 19:39:51,859] INFO django.server: "GET /static/images/soevy_souse.jpg HTTP/1.1" 200 11883
[2026-04-09 19:55:13,845] INFO django.server: "GET /compose/ HTTP/1.1" 200 5208
[2026-04-09 19:55:13,981] WARNING django.request: Not Found: /favicon.ico
[2026-04-09 19:55:13,982] WARNING django.server: "GET /favicon.ico HTTP/1.1" 404 3376
[2026-04-09 19:55:15,291] INFO django.server: "GET /static/images/soevy_souse.jpg HTTP/1.1" 304 0
[2026-04-09 19:55:15,293] INFO django.server: "GET /static/images/kunzhut_maslo.jpg HTTP/1.1" 304 0
[2026-04-09 19:55:15,293] INFO django.server: "GET /static/images/onion.png HTTP/1.1" 304 0
[2026-04-09 19:55:15,303] INFO django.server: "GET /static/images/imbir.png HTTP/1.1" 200 8154
[2026-04-09 19:55:15,304] INFO django.server: "GET /static/images/rice.png HTTP/1.1" 200 82304
[2026-04-09 19:55:15,316] INFO django.server: "GET /static/images/lime.jpg HTTP/1.1" 200 2109765
[2026-04-09 19:55:29,386] INFO django.server: "GET / HTTP/1.1" 200 4718
[2026-04-09 19:55:30,394] INFO django.server: "GET /compose/ HTTP/1.1" 200 5208
[2026-04-09 19:59:23,739] INFO django.server: "GET / HTTP/1.1" 200 4718
[2026-04-09 19:59:24,950] INFO django.server: "GET /compose/ HTTP/1.1" 200 5581
[2026-04-09 19:59:27,236] INFO django.server: "GET /static/images/lime.jpg HTTP/1.1" 304 0
[2026-04-09 19:59:27,236] INFO django.server: "GET /static/images/soevy_souse.jpg HTTP/1.1" 304 0
[2026-04-09 19:59:27,236] INFO django.server: "GET /static/images/kunzhut_maslo.jpg HTTP/1.1" 304 0
[2026-04-09 19:59:27,236] INFO django.server: "GET /static/images/rice.png HTTP/1.1" 304 0
[2026-04-09 19:59:27,237] INFO django.server: "GET /static/images/onion.png HTTP/1.1" 304 0
[2026-04-09 19:59:27,237] INFO django.server: "GET /static/images/imbir.png HTTP/1.1" 304 0
[2026-04-09 20:04:20,777] INFO django.utils.autoreload: C:\Users\Micie456\PycharmProjects\Diplom\diplom\diplom\settings.py changed, reloading.
[2026-04-09 20:04:21,307] INFO django.utils.autoreload: Watching for file changes with StatReloader
[2026-04-09 20:04:38,246] INFO django.utils.autoreload: C:\Users\Micie456\PycharmProjects\Diplom\diplom\mainapp\views.py changed, reloading.
[2026-04-09 20:04:38,747] INFO django.utils.autoreload: Watching for file changes with StatReloader
[2026-04-09 20:04:55,232] INFO django.utils.autoreload: C:\Users\Micie456\PycharmProjects\Diplom\diplom\mainapp\views.py changed, reloading.
[2026-04-09 20:04:55,716] INFO django.utils.autoreload: Watching for file changes with StatReloader
[2026-04-09 20:05:03,735] INFO django.utils.autoreload: C:\Users\Micie456\PycharmProjects\Diplom\diplom\diplom\urls.py changed, reloading.
[2026-04-09 20:05:04,218] INFO django.utils.autoreload: Watching for file changes with StatReloader
[2026-04-09 20:06:09,450] INFO django.server: "GET / HTTP/1.1" 200 4718
[2026-04-09 20:06:10,676] INFO django.server: "GET /compose/ HTTP/1.1" 200 9943
[2026-04-09 20:06:12,110] INFO django.server: "GET /static/images/soevy_souse.jpg HTTP/1.1" 304 0
[2026-04-09 20:06:12,111] INFO django.server: "GET /static/images/kunzhut_maslo.jpg HTTP/1.1" 304 0
[2026-04-09 20:06:12,113] INFO django.server: "GET /static/images/onion.png HTTP/1.1" 304 0
[2026-04-09 20:06:12,113] INFO django.server: "GET /static/images/imbir.png HTTP/1.1" 304 0
[2026-04-09 20:06:12,114] INFO django.server: "GET /static/images/lime.jpg HTTP/1.1" 304 0
[2026-04-09 20:06:12,114] INFO django.server: "GET /static/images/rice.png HTTP/1.1" 304 0
[2026-04-09 20:06:30,140] INFO django.server: "GET /api/search_recipes/?ingredients=%D0%BA%D0%BE%D0%BA%D0%BE%D1%81%D0%BE%D0%B2%D0%BE%D0%B5+%D0%BC%D0%BE%D0%BB%D0%BE%D0%BA%D0%BE%2C+%D0%BA%D1%80%D0%B5%D0%B2%D0%B5%D1%82%D0%BA%D0%B8&kitchen=asian HTTP/1.1" 200 26776
[2026-04-09 20:08:38,745] INFO django.utils.autoreload: Watching for file changes with StatReloader
[2026-04-09 20:09:44,626] INFO django.server: "GET / HTTP/1.1" 200 4718
[2026-04-09 20:09:46,846] INFO django.server: "GET /compose/ HTTP/1.1" 200 9943
[2026-04-09 20:09:47,916] INFO django.server: "GET /static/images/soevy_souse.jpg HTTP/1.1" 304 0
[2026-04-09 20:09:47,916] INFO django.server: "GET /static/images/kunzhut_maslo.jpg HTTP/1.1" 304 0
[2026-04-09 20:09:47,919] INFO django.server: "GET /static/images/onion.png HTTP/1.1" 304 0
[2026-04-09 20:09:47,919] INFO django.server: "GET /static/images/imbir.png HTTP/1.1" 304 0
[2026-04-09 20:09:47,919] INFO django.server: "GET /static/images/lime.jpg HTTP/1.1" 304 0
[2026-04-09 20:09:47,919] INFO django.server: "GET /static/images/rice.png HTTP/1.1" 304 0
[2026-04-09 20:09:58,237] INFO django.utils.autoreload: C:\Users\Micie456\PycharmProjects\Diplom\diplom\mainapp\views.py changed, reloading.
[2026-04-09 20:09:58,773] INFO django.utils.autoreload: Watching for file changes with StatReloader
[2026-04-09 20:10:15,671] INFO django.utils.autoreload: C:\Users\Micie456\PycharmProjects\Diplom\diplom\mainapp\views.py changed, reloading.
[2026-04-09 20:10:16,174] INFO django.utils.autoreload: Watching for file changes with StatReloader
[2026-04-09 20:10:58,173] INFO django.server: "GET / HTTP/1.1" 200 4718
[2026-04-09 20:10:59,340] INFO django.server: "GET /compose/ HTTP/1.1" 200 10135
[2026-04-09 20:11:34,128] INFO django.server: "GET /api/search_recipes/?ingredients=%D0%BA%D0%BE%D0%BA%D0%BE%D1%81%D0%BE%D0%B2%D0%BE%D0%B5+%D0%BC%D0%BE%D0%BB%D0%BE%D0%BA%D0%BE%2C+%D0%BA%D1%80%D0%B5%D0%B2%D0%B5%D1%82%D0%BA%D0%B8&kitchen=asian HTTP/1.1" 200 29724
[2026-04-09 20:12:32,246] INFO django.utils.autoreload: C:\Users\Micie456\PycharmProjects\Diplom\diplom\mainapp\views.py changed, reloading.
[2026-04-09 20:12:32,785] INFO django.utils.autoreload: Watching for file changes with StatReloader
[2026-04-09 20:13:22,286] INFO django.server: "GET /api/search_recipes/?ingredients=%D1%80%D1%8B%D0%B1%D0%B0%2C+%D1%80%D0%B8%D1%81&kitchen=japanese HTTP/1.1" 200 29724
[2026-04-09 20:14:53,109] INFO django.server: "GET /static/images/soevy_souse.jpg HTTP/1.1" 304 0
[2026-04-09 20:14:53,110] INFO django.server: "GET /static/images/kunzhut_maslo.jpg HTTP/1.1" 304 0
[2026-04-09 20:14:53,111] INFO django.server: "GET /static/images/onion.png HTTP/1.1" 304 0
[2026-04-09 20:14:53,111] INFO django.server: "GET /static/images/imbir.png HTTP/1.1" 304 0
[2026-04-09 20:14:53,112] INFO django.server: "GET /static/images/rice.png HTTP/1.1" 304 0
[2026-04-09 20:14:53,112] INFO django.server: "GET /static/images/lime.jpg HTTP/1.1"

304 0
[2026-04-09 20:15:17,957] INFO django.utils.autoreload: C:\Users\Micie456\PycharmProjects\Diplom\diplom\mainapp\views.py changed, reloading.
[2026-04-09 20:15:18,594] INFO django.utils.autoreload: Watching for file changes with StatReloader
[2026-04-09 20:16:12,193] INFO django.server: "GET / HTTP/1.1" 200 4718
[2026-04-09 20:16:13,291] INFO django.server: "GET /compose/ HTTP/1.1" 200 10285
[2026-04-09 20:16:29,513] INFO django.server: "GET /api/search_recipes/?ingredients=%D1%80%D1%8B%D0%B1%D0%B0%2C+%D1%80%D0%B8%D1%81&kitchen=japanese HTTP/1.1" 200 29724
[2026-04-09 20:16:44,307] INFO django.server: "GET /api/search_recipes/?ingredients=%D1%80%D1%8B%D0%B1%D0%B0%2C+%D1%80%D0%B8%D1%81&kitchen=japanese HTTP/1.1" 200 29724
[2026-04-09 20:18:13,551] INFO django.server: "GET /api/search_recipes/?ingredients=%D1%80%D1%8B%D0%B1%D0%B0%2C+%D1%80%D0%B8%D1%81&kitchen=eastern_european HTTP/1.1" 200 27455
[2026-04-09 20:18:42,067] INFO django.server: "GET /api/search_recipes/?kitchen=eastern_european HTTP/1.1" 200 27455
[2026-04-09 20:19:11,168] INFO django.server: "GET /static/images/onion.png HTTP/1.1" 304 0
[2026-04-09 20:19:11,169] INFO django.server: "GET /static/images/kunzhut_maslo.jpg HTTP/1.1" 304 0
[2026-04-09 20:19:11,169] INFO django.server: "GET /static/images/imbir.png HTTP/1.1" 304 0
[2026-04-09 20:19:11,169] INFO django.server: "GET /static/images/rice.png HTTP/1.1" 304 0
[2026-04-09 20:19:11,170] INFO django.server: "GET /static/images/lime.jpg HTTP/1.1" 304 0
[2026-04-09 20:19:24,567] INFO django.server: "GET /api/search_recipes/?kitchen=asian HTTP/1.1" 200 29724
[2026-04-09 20:20:26,440] INFO django.utils.autoreload: C:\Users\Micie456\PycharmProjects\Diplom\diplom\mainapp\views.py changed, reloading.
[2026-04-09 20:20:26,941] INFO django.utils.autoreload: Watching for file changes with StatReloader
[2026-04-09 20:21:13,842] INFO django.server: "GET / HTTP/1.1" 200 4718
[2026-04-09 20:21:15,067] INFO django.server: "GET /compose/ HTTP/1.1" 200 10285
[2026-04-09 20:21:30,182] INFO django.server: "GET /api/search_recipes/?ingredients=%D0%BA%D1%83%D1%80%D0%B8%D1%86%D0%B0%2C+%D1%80%D0%B8%D1%81&kitchen=chinese HTTP/1.1" 200 9919
[2026-04-09 20:21:47,305] INFO django.server: "GET /static/images/soevy_souse.jpg HTTP/1.1" 304 0
[2026-04-09 20:21:47,305] INFO django.server: "GET /static/images/imbir.png HTTP/1.1" 304 0
[2026-04-09 20:22:15,588] INFO django.server: "GET /api/search_recipes/?ingredients=%D0%BA%D1%83%D1%80%D0%B8%D1%86%D0%B0%2C+%D1%80%D0%B8%D1%81&kitchen=asian HTTP/1.1" 200 28857
[2026-04-09 20:23:00,775] INFO django.server: "GET /api/search_recipes/?ingredients=%D0%BA%D1%83%D1%80%D0%B8%D1%86%D0%B0%2C+%D0%BA%D0%B0%D1%80%D1%82%D0%BE%D1%88%D0%BA%D0%B0%2C+%D0%BC%D0%BE%D1%80%D0%BA%D0%BE%D0%B2%D1%8C&kitchen=eastern_european HTTP/1.1" 200 61
[2026-04-09 20:23:08,407] INFO django.server: "GET /api/search_recipes/?ingredients=%D0%BA%D1%83%D1%80%D0%B8%D1%86%D0%B0%2C+%D0%BA%D0%B0%D1%80%D1%82%D0%BE%D1%88%D0%BA%D0%B0&kitchen=eastern_european HTTP/1.1" 200 61
[2026-04-09 20:23:23,352] INFO django.server: "GET /api/search_recipes/?ingredients=%D0%BA%D0%B0%D1%80%D1%82%D0%BE%D1%88%D0%BA%D0%B0&kitchen=eastern_european HTTP/1.1" 200 17260
[2026-04-09 20:24:19,514] INFO django.server: "GET / HTTP/1.1" 200 4718
[2026-04-09 20:25:50,268] INFO django.utils.autoreload: C:\Users\Micie456\PycharmProjects\Diplom\diplom\mainapp\views.py changed, reloading.
[2026-04-09 20:25:50,794] INFO django.utils.autoreload: Watching for file changes with StatReloader
[2026-04-09 20:27:14,379] INFO django.server: "GET / HTTP/1.1" 200 4718
[2026-04-09 20:27:16,330] INFO django.server: "GET /compose/ HTTP/1.1" 200 10285
[2026-04-09 20:27:33,467] INFO django.server: "GET /api/search_recipes/?ingredients=%D1%81%D0%B2%D0%B8%D0%BD%D0%B8%D0%BD%D0%B0&kitchen=eastern_european HTTP/1.1" 200 4412
[2026-04-09 20:28:16,077] INFO django.server: "GET /static/images/soevy_souse.jpg HTTP/1.1" 304 0
[2026-04-09 20:28:16,077] INFO django.server: "GET /static/images/kunzhut_maslo.jpg HTTP/1.1" 304 0
[2026-04-09 20:28:16,079] INFO django.server: "GET /static/images/onion.png HTTP/1.1" 304 0
[2026-04-09 20:28:16,079] INFO django.server: "GET /static/images/imbir.png HTTP/1.1" 304 0
[2026-04-09 20:28:16,080] INFO django.server: "GET /static/images/rice.png HTTP/1.1" 304 0
[2026-04-09 20:28:16,080] INFO django.server: "GET /static/images/lime.jpg HTTP/1.1" 304 0
[2026-04-09 20:28:30,242] INFO django.server: "GET /api/search_recipes/?ingredients=%D0%BC%D0%B8%D0%B4%D0%B8%D0%B8&kitchen=asian HTTP/1.1" 200 7187
[2026-04-09 20:28:53,948] INFO django.server: "GET / HTTP/1.1" 200 4718
[2026-04-09 20:29:01,827] INFO django.server: "GET / HTTP/1.1" 200 4718
[2026-04-09 20:29:01,995] INFO django.server: "GET /static/images/Diplom_2.jpg HTTP/1.1" 200 13406
[2026-04-09 20:29:02,005] INFO django.server: "GET /static/images/Diplom_3.jpg HTTP/1.1" 200 16226
[2026-04-09 20:29:02,008] INFO django.server: "GET /static/images/Diplom_5.png HTTP/1.1" 200 175374
[2026-04-09 20:29:02,010] INFO django.server: "GET /static/images/diplom_1.jpg HTTP/1.1" 200 21609
[2026-04-09 20:29:02,011] INFO django.server: "GET /static/images/Diplom4.jpg HTTP/1.1" 200 9632
[2026-04-09 20:29:02,013] INFO django.server: "GET /static/css/style.css HTTP/1.1" 200 6044
[2026-04-09 20:29:02,147] INFO django.server: "GET /static/images/bg-cooking.jpg HTTP/1.1" 200 285125
[2026-04-09 20:29:02,458] WARNING django.request: Not Found: /favicon.ico
[2026-04-09 20:29:02,458] WARNING django.server: "GET /favicon.ico HTTP/1.1" 404 3561
[2026-04-09 20:29:06,054] INFO django.server: "GET /compose/ HTTP/1.1" 200 10285
[2026-04-09 20:29:13,076] INFO django.server: "GET / HTTP/1.1" 200 4718
[2026-04-09 20:29:20,270] INFO django.server: "GET /login/ HTTP/1.1" 200 2086
[2026-04-09 20:29:20,310] INFO django.server: "GET /static/css/style.css HTTP/1.1" 304 0
[2026-04-09 20:29:28,583] INFO django.server: "POST /login/ HTTP/1.1" 302 0
[2026-04-09 20:29:28,629] INFO django.server: "GET / HTTP/1.1" 200 4726
[2026-04-09 20:29:30,235] INFO django.server: "GET /profile/ HTTP/1.1" 200 29
[2026-04-09 20:30:51,919] INFO django.server: "GET /compose/ HTTP/1.1" 200 10291
[2026-04-09 20:30:51,949] INFO django.server: "GET /static/css/style.css HTTP/1.1" 304 0
[2026-04-09 20:30:51,956] INFO django.server: "GET /static/images/bg-cooking.jpg HTTP/1.1" 304 0
[2026-04-09 20:31:23,750] INFO django.server: "GET /api/search_recipes/?ingredients=%D0%BB%D0%B0%D0%B9%D0%BC%2C+%D1%80%D0%B8%D1%81&kitchen=asian HTTP/1.1" 200 29500
[2026-04-09 20:32:44,000] INFO django.server: "GET /api/search_recipes/?ingredients=%D0%BA%D1%83%D1%80%D0%B8%D1%86%D0%B0&kitchen=chinese HTTP/1.1" 200 27597
[2026-04-09 20:33:13,802] INFO django.server: "GET / HTTP/1.1" 200 4726
[2026-04-09 20:33:13,836] INFO django.server: "GET /static/css/style.css HTTP/1.1" 304 0
[2026-04-09 20:33:13,847] INFO django.server: "GET /static/images/bg-cooking.jpg HTTP/1.1" 304 0
[2026-04-09 20:38:57,067] INFO django.utils.autoreload: Watching for file changes with StatReloader
[2026-04-09 20:40:08,899] INFO django.server: "GET / HTTP/1.1" 200 4726
[2026-04-09 20:40:09,076] INFO django.server: "GET /static/css/style.css HTTP/1.1" 304 0
[2026-04-09 20:40:09,119] INFO django.server: "GET /static/images/bg-cooking.jpg HTTP/1.1" 304 0
[2026-04-09 20:52:26,542] INFO django.server: "GET /profile/ HTTP/1.1" 200 29
[2026-04-09 20:52:28,324] INFO django.server: "GET /compose/ HTTP/1.1" 200 10291
[2026-04-09 20:52:28,360] INFO django.server: "GET /static/css/style.css HTTP/1.1" 304 0
[2026-04-09 20:52:28,366] INFO django.server: "GET /static/images/bg-cooking.jpg HTTP/1.1" 304 0
[2026-04-09 20:52:31,460] INFO django.server: "GET / HTTP/1.1" 200 4726
[2026-04-09 20:58:18,698] INFO django.utils.autoreload: Watching for file changes with StatReloader
[2026-04-09 20:58:20,873] INFO django.server: "GET /compose/ HTTP/1.1" 200 10291
[2026-04-09 20:58:20,905] INFO django.server: "GET /static/css/style.css HTTP/1.1" 304 0
[2026-04-09 20:58:20,919] INFO django.server: "GET /static/images/bg-cooking.jpg HTTP/1.1" 304 0
[2026-04-09 20:58:24,077] INFO django.server: "GET /static/images/imbir.png HTTP/1.1" 304 0
[2026-04-09 20:58:24,077] INFO django.server: "GET /static/images/soevy_souse.jpg HTTP/1.1" 304 0
[2026-04-09 20:58:24,080] INFO django.server: "GET /static/images/kunzhut_maslo.jpg HTTP/1.1" 304 0
[2026-04-09 20:58:24,080] INFO django.server: "GET /static/images/rice.png HTTP/1.1" 304 0
[2026-04-09 20:58:24,080] INFO django.server: "GET /static/images/onion.png HTTP/1.1" 304 0
[2026-04-09 20:58:24,080] INFO django.server: "GET /static/images/lime.jpg HTTP/1.1" 304 0
[2026-04-09 21:01:59,176] INFO django.server: "GET /api/search_recipes/?ingredients=%D0%BA%D0%BE%D0%BA%D0%BE%D1%81%D0%BE%D0%B2%D0%BE%D0%B5+%D0%BC%D0%BE%D0%BB%D0%BE%D0%BA%D0%BE%2C+%D0%BA%D1%80%D0%B5%D0%B2%D0%B5%D1%82%D0%BA%D0%B8&kitchen=asian HTTP/1.1" 200 4498
[2026-04-09 21:02:32,940] INFO django.server: "GET /compose/ HTTP/1.1" 200 10291
[2026-04-09 21:02:32,973] INFO django.server: "GET /static/css/style.css HTTP/1.1" 304 0
[2026-04-09 21:02:32,982] INFO django.server: "GET /static/images/bg-cooking.jpg HTTP/1.1" 304 0
[2026-04-09 21:09:18,715] INFO django.server: "GET / HTTP/1.1" 200 4726
[2026-04-09 21:09:18,905] INFO django.server: "GET /static/css/style.css HTTP/1.1" 304 0
[2026-04-09 21:09:18,928] INFO django.server: "GET /static/images/bg-cooking.jpg HTTP/1.1" 304 0
[2026-04-09 21:09:22,361] INFO django.server: "GET /compose/ HTTP/1.1" 200 10291
[2026-04-09 21:09:27,497] INFO django.server: "GET /static/images/kunzhut_maslo.jpg HTTP/1.1" 304 0
[2026-04-09 21:09:27,497] INFO django.server: "GET /static/images/soevy_souse.jpg HTTP/1.1" 304 0
[2026-04-09 21:09:27,500] INFO django.server: "GET /static/images/onion.png HTTP/1.1" 304 0
[2026-04-09 21:09:27,500] INFO django.server: "GET /static/images/rice.png HTTP/1.1" 304 0
[2026-04-09 21:09:27,500] INFO django.server: "GET /static/images/imbir.png HTTP/1.1" 304 0
[2026-04-09 21:09:27,500] INFO django.server: "GET /static/images/lime.jpg HTTP/1.1" 304 0
[2026-04-09 21:10:22,109] INFO django.server: "GET /api/search_recipes/?ingredients=%D0%BA%D0%BE%D0%BA%D0%BE%D1%81%D0%BE%D0%B2%D0%BE%D0%B5+%D0%BC%D0%BE%D0%BB%D0%BE%D0%BA%D0%BE+%D0%BA%D1%80%D0%B5%D0%B2%D0%B5%D1%82%D0%BA%D0%B8&kitchen=asian HTTP/1.1" 200 30338
[2026-04-09 21:11:16,580] INFO django.server: "GET /api/search_recipes/?ingredients=%D0%BA%D0%B0%D1%80%D1%82%D0%BE%D1%84%D0%B5%D0%BB%D1%8C+%D0%BB%D1%83%D0%BA&kitchen=eastern_european HTTP/1.1" 200 17260
[2026-04-09 21:12:03,872] INFO django.server: "GET / HTTP/1.1" 200 4726
[2026-04-09 21:14:18,857] INFO django.server: "GET /compose/ HTTP/1.1" 200 10291
[2026-04-09 21:14:18,891] INFO django.server: "GET /static/css/style.css HTTP/1.1" 304 0
[2026-04-09 21:14:18,896] INFO django.server: "GET /static/images/bg-cooking.jpg HTTP/1.1" 304 0
[2026-04-09 21:15:40,461] INFO django.server: "GET /api/search_recipes/?ingredients=%D1%81%D0%B2%D0%B8%D0%BD%D0%B8%D0%BD%D0%B0&kitchen=eastern_european HTTP/1.1" 200 4412
[2026-04-09 21:20:24,879] INFO django.server: "GET / HTTP/1.1" 200 4726
[2026-04-09 21:20:24,917] INFO django.server: "GET /static/css/style.css HTTP/1.1" 304 0
[2026-04-09 21:20:24,926] INFO django.server: "GET /static/images/bg-cooking.jpg HTTP/1.1" 304 0
[2026-04-09 21:21:17,567] INFO django.server: "GET /compose/ HTTP/1.1" 200 10291
[2026-04-09 21:21:18,345] INFO django.server: "GET / HTTP/1.1" 200 4726
[2026-04-09 21:21:19,877] INFO django.server: "GET /compose/ HTTP/1.1" 200 10291
[2026-04-09 21:21:20,477] INFO django.server: "GET / HTTP/1.1" 200 4726
[2026-04-09 21:22:24,881] INFO django.server: "GET /compose/ HTTP/1.1" 200 10291
[2026-04-09 21:25:36,792] INFO django.server: "GET / HTTP/1.1" 200 4715
[2026-04-09 21:25:48,792] INFO django.server: "GET / HTTP/1.1" 200 4715
[2026-04-09 21:25:48,986] INFO django.server: "GET /static/css/style.css HTTP/1.1" 200 5830
[2026-04-09 21:25:50,020] INFO django.server: "GET / HTTP/1.1" 200 4715
[2026-04-09 21:25:55,554] INFO django.server: "GET / HTTP/1.1" 200 4715
[2026-04-09 21:25:55,586] INFO django.server: "GET /static/css/style.css HTTP/1.1" 200 5830
[2026-04-09 21:25:55,588] INFO django.server: "GET /static/images/Diplom_2.jpg HTTP/1.1" 200 13406
[2026-04-09 21:25:55,589] INFO django.server: "GET /static/images/diplom_1.jpg HTTP/1.1" 200 21609
[2026-04-09 21:25:55,590] INFO django.server: "GET /static/images/Diplom_3.jpg HTTP/1.1" 200 16226
[2026-04-09 21:25:55,591] INFO django.server: "GET /static/images/Diplom4.jpg HTTP/1.1" 200 9632
[2026-04-09 21:25:55,594] INFO django.server: "GET /static/images/Diplom_5.png HTTP/1.1" 200 175374
[2026-04-09 21:25:55,758] INFO django.server: "GET /static/images/bg-cooking.jpg HTTP/1.1" 200 285125
[2026-04-09 21:25:56,276] WARNING django.request: Not Found: /favicon.ico
[2026-04-09 21:25:56,276] WARNING django.server: "GET /favicon.ico HTTP/1.1" 404 3561
[2026-04-09 21:25:58,598] INFO django.server: "GET /compose/ HTTP/1.1" 200 10280
[2026-04-09 21:25:58,627] INFO django.server: "GET /static/css/style.css HTTP/1.1" 304 0
[2026-04-09 21:26:07,949] INFO django.server: "GET /compose/ HTTP/1.1" 200 10280
[2026-04-09 21:26:07,980] INFO django.server: "GET /static/css/style.css HTTP/1.1" 304 0
[2026-04-09 21:26:14,035] INFO django.server: "GET /static/images/imbir.png HTTP/1.1" 304 0
[2026-04-09 21:26:14,035] INFO django.server: "GET /static/images/soevy_souse.jpg HTTP/1.1" 304 0
[2026-04-09 21:26:14,035] INFO django.server: "GET /static/images/kunzhut_maslo.jpg HTTP/1.1" 304 0
[2026-04-09 21:26:14,035] INFO django.server: "GET /static/images/onion.png HTTP/1.1" 304 0
[2026-04-09 21:26:14,036] INFO django.server: "GET /static/images/rice.png HTTP/1.1" 304 0
[2026-04-09 21:26:14,036] INFO django.server: "GET /static/images/lime.jpg HTTP/1.1" 304 0
[2026-04-09 21:26:22,005] INFO django.server: "GET / HTTP/1.1" 200 4715
[2026-04-09 21:26:22,041] INFO django.server: "GET /static/css/style.css HTTP/1.1" 304 0
[2026-04-09 21:29:33,536] INFO django.server: "GET /compose/ HTTP/1.1" 200 10280
[2026-04-09 21:29:33,572] INFO django.server: "GET /static/css/style.css HTTP/1.1" 304 0
[2026-04-09 21:35:28,196] INFO django.utils.autoreload: C:\Users\Micie456\PycharmProjects\Diplom\diplom\mainapp\views.py changed, reloading.
[2026-04-09 21:35:29,257] INFO django.utils.autoreload: Watching for file changes with StatReloader
[2026-04-09 21:36:06,067] INFO django.utils.autoreload: C:\Users\Micie456\PycharmProjects\Diplom\diplom\diplom\urls.py changed, reloading.
[2026-04-09 21:36:06,566] INFO django.utils.autoreload: Watching for file changes with StatReloader
[2026-04-09 21:37:25,962] INFO django.server: "GET / HTTP/1.1" 200 4724
[2026-04-09 21:37:25,996] INFO django.server: "GET /static/css/style.css HTTP/1.1" 304 0
[2026-04-09 21:37:26,012] INFO django.server: "GET /static/images/bg-cooking.jpg HTTP/1.1" 304 0
[2026-04-09 21:37:29,233] INFO django.server: "GET /profile/ HTTP/1.1" 200 29
[2026-04-09 21:37:31,395] INFO django.server: "GET /compose/ HTTP/1.1" 200 10280
[2026-04-09 21:37:32,674] INFO django.server: "GET /static/images/kunzhut_maslo.jpg HTTP/1.1" 304 0
[2026-04-09 21:37:32,675] INFO django.server: "GET /static/images/onion.png HTTP/1.1" 304 0
[2026-04-09 21:37:32,676] INFO django.server: "GET /static/images/imbir.png HTTP/1.1" 304 0
[2026-04-09 21:37:32,676] INFO django.server: "GET /static/images/rice.png HTTP/1.1" 304 0
[2026-04-09 21:37:32,676] INFO django.server: "GET /static/images/lime.jpg HTTP/1.1" 304 0
[2026-04-09 21:38:35,685] INFO django.server: "GET /api/search_recipes/?ingredients=%D0%BA%D1%80%D0%B5%D0%B2%D0%B5%D1%82%D0%BA%D0%B8+%2C+%D0%BA%D0%BE%D0%BA%D0%BE%D1%81%D0%BE%D0%B2%D0%BE%D0%B5+%D0%BC%D0%BE%D0%BB%D0%BE%D0%BA%D0%BE&kitchen=asian HTTP/1.1" 200 4498
[2026-04-09 21:56:21,969] INFO django.server: "GET / HTTP/1.1" 200 4724
[2026-04-09 21:56:22,125] INFO django.server: "GET /static/css/style.css HTTP/1.1" 304 0
[2026-04-09 21:56:22,134] INFO django.server: "GET /static/images/bg-cooking.jpg HTTP/1.1" 304 0
[2026-04-09 21:56:23,608] INFO django.server: "GET /meal-plan/ HTTP/1.1" 200 23232
[2026-04-09 21:56:23,647] INFO django.server: "GET /static/images/rice.png HTTP/1.1" 304 0
[2026-04-09 21:56:23,649] INFO django.server: "GET /static/images/onion.png HTTP/1.1" 304 0
[2026-04-09 21:57:53,847] INFO django.server: "GET /profile/ HTTP/1.1" 200 29
[2026-04-09 21:57:55,808] INFO django.server: "GET / HTTP/1.1" 200 4724
[2026-04-09 21:57:57,717] INFO django.server: "GET /compose/ HTTP/1.1" 200 10280
[2026-04-09 21:58:00,132] INFO django.server: "GET /compose/ HTTP/1.1" 200 10280
[2026-04-09 21:58:04,218] INFO django.server: "GET /static/images/soevy_souse.jpg HTTP/1.1" 304 0
[2026-04-09 21:58:04,218] INFO django.server: "GET /static/images/kunzhut_maslo.jpg HTTP/1.1" 304 0
[2026-04-09 21:58:04,218] INFO django.server: "GET /static/images/imbir.png HTTP/1.1" 304 0
[2026-04-09 21:58:04,219] INFO django.server: "GET /static/images/lime.jpg HTTP/1.1" 304 0
[2026-04-09 21:59:00,190] INFO django.server: "GET /api/search_recipes/?ingredients=%D0%BA%D0%BE%D0%BA%D0%BE%D1%81%D0%BE%D0%B2%D0%BE%D0%B5+%D0%BC%D0%BE%D0%BB%D0%BE%D0%BA%D0%BE%2C+%D1%80%D0%B8%D1%81%2C+%D0%BA%D1%80%D0%B5%D0%B2%D0%B5%D1%82%D0%BA%D0%B8&kitchen=asian HTTP/1.1" 200 61
[2026-04-09 21:59:31,165] INFO django.server: "GET /api/search_recipes/?ingredients=%D1%80%D0%B8%D1%81%2C+%D0%BA%D1%80%D0%B5%D0%B2%D0%B5%D1%82%D0%BA%D0%B8&kitchen=asian HTTP/1.1" 200 24088
[2026-04-09 22:05:10,211] INFO django.server: "GET / HTTP/1.1" 200 4724
[2026-04-09 22:05:10,349] INFO django.server: "GET /static/css/style.css HTTP/1.1" 304 0
[2026-04-09 22:05:11,578] INFO django.server: "GET /compose/ HTTP/1.1" 200 10280
[2026-04-09 22:05:14,198] INFO django.server: "GET / HTTP/1.1" 200 4724
[2026-04-09 22:05:14,700] INFO django.server: "GET /meal-plan/ HTTP/1.1" 200 27293
[2026-04-09 22:05:17,260] INFO django.server: "GET /meal-plan/ HTTP/1.1" 200 27293
[2026-04-09 22:05:17,375] INFO django.server: "GET /static/css/style.css HTTP/1.1" 200 5830
[2026-04-09 22:05:17,383] INFO django.server: "GET /static/images/bg-cooking.jpg HTTP/1.1" 200 285125
[2026-04-09 22:05:17,385] INFO django.server: "GET /static/images/onion.png HTTP/1.1" 200 3842
[2026-04-09 22:05:17,386] INFO django.server: "GET /static/images/rice.png HTTP/1.1" 200 82304
[2026-04-09 22:05:17,862] WARNING django.request: Not Found: /favicon.ico
[2026-04-09 22:05:17,863] WARNING django.server: "GET /favicon.ico HTTP/1.1" 404 3732
[2026-04-09 22:05:29,683] INFO django.server: "GET / HTTP/1.1" 200 4724
[2026-04-09 22:05:30,716] INFO django.server: "GET /compose/ HTTP/1.1" 200 10280
[2026-04-09 22:05:33,452] INFO django.server: "GET /meal-plan/ HTTP/1.1" 200 27293
[2026-04-09 22:07:31,917] INFO django.server: "GET / HTTP/1.1" 200 4724
[2026-04-09 22:07:33,012] INFO django.server: "GET /compose/ HTTP/1.1" 200 10280
[2026-04-09 22:07:50,690] INFO django.server: "GET / HTTP/1.1" 200 4724
[2026-04-09 22:07:51,317] INFO django.server: "GET /meal-plan/ HTTP/1.1" 200 27293
[2026-04-09 22:10:03,947] INFO django.server: "GET / HTTP/1.1" 200 4724
[2026-04-09 22:10:03,984] INFO django.server: "GET /static/css/style.css HTTP/1.1" 304 0
[2026-04-09 22:10:12,068] INFO django.server: "GET /profile/ HTTP/1.1" 200 29
[2026-04-09 22:10:18,647] INFO django.server: "GET /admin/ HTTP/1.1" 200 11938
[2026-04-09 22:10:18,681] INFO django.server: "GET /static/admin/css/dark_mode.css HTTP/1.1" 304 0
[2026-04-09 22:10:18,681] INFO django.server: "GET /static/admin/css/base.css HTTP/1.1" 304 0
[2026-04-09 22:10:18,683] INFO django.server: "GET /static/admin/css/nav_sidebar.css HTTP/1.1" 304 0
[2026-04-09 22:10:18,683] INFO django.server: "GET /static/admin/js/theme.js HTTP/1.1" 304 0
[2026-04-09 22:10:18,683] INFO django.server: "GET /static/admin/css/responsive.css HTTP/1.1" 304 0
[2026-04-09 22:10:18,684] INFO django.server: "GET /static/admin/css/dashboard.css HTTP/1.1" 304 0
[2026-04-09 22:10:18,688] INFO django.server: "GET /static/admin/js/nav_sidebar.js HTTP/1.1" 304 0
[2026-04-09 22:10:18,692] INFO django.server: "GET /static/admin/img/icon-addlink.svg HTTP/1.1" 304 0
[2026-04-09 22:10:18,692] INFO django.server: "GET /static/admin/img/icon-changelink.svg HTTP/1.1" 304 0
[2026-04-09 22:10:18,694] INFO django.server: "GET /static/admin/img/icon-deletelink.svg HTTP/1.1" 200 689
[2026-04-09 22:10:20,470] INFO django.server: "GET /admin/mainapp/kitchenname/ HTTP/1.1" 200 11603
[2026-04-09 22:10:20,507] INFO django.server: "GET /static/admin/css/changelists.css HTTP/1.1" 304 0
[2026-04-09 22:10:20,508] INFO django.server: "GET /static/admin/js/vendor/jquery/jquery.js HTTP/1.1" 304 0
[2026-04-09 22:10:20,508] INFO django.server: "GET /static/admin/js/jquery.init.js HTTP/1.1" 304 0
[2026-04-09 22:10:20,508] INFO django.server: "GET /static/admin/js/admin/RelatedObjectLookups.js HTTP/1.1" 304 0
[2026-04-09 22:10:20,509] INFO django.server: "GET /static/admin/js/core.js HTTP/1.1" 304 0
[2026-04-09 22:10:20,511] INFO django.server: "GET /static/admin/js/actions.js HTTP/1.1" 304 0
[2026-04-09 22:10:20,511] INFO django.server: "GET /static/admin/js/urlify.js HTTP/1.1" 304 0
[2026-04-09 22:10:20,511] INFO django.server: "GET /static/admin/js/vendor/xregexp/xregexp.js HTTP/1.1" 304 0
[2026-04-09 22:10:20,511] INFO django.server: "GET /static/admin/js/prepopulate.js HTTP/1.1" 304 0
[2026-04-09 22:10:20,521] INFO django.server: "GET /static/admin/js/filters.js HTTP/1.1" 304 0
[2026-04-09 22:10:20,574] INFO django.server: "GET /admin/jsi18n/ HTTP/1.1" 200 3342
[2026-04-09 22:10:20,609] INFO django.server: "GET /static/admin/img/tooltag-add.svg HTTP/1.1" 304 0
[2026-04-09 22:10:22,190] INFO django.server: "GET /admin/ HTTP/1.1" 200 11938
[2026-04-09 22:10:23,014] INFO django.server: "GET /admin/mainapp/ingredients/ HTTP/1.1" 200 11603
[2026-04-09 22:10:23,092] INFO django.server: "GET /admin/jsi18n/ HTTP/1.1" 200 3342
[2026-04-09 22:10:23,976] INFO django.server: "GET /admin/mainapp/ingredients/4/change/ HTTP/1.1" 200 11570
[2026-04-09 22:10:24,014] INFO django.server: "GET /static/admin/js/prepopulate_init.js HTTP/1.1" 304 0
[2026-04-09 22:10:24,014] INFO django.server: "GET /static/admin/css/forms.css HTTP/1.1" 304 0
[2026-04-09 22:10:24,018] INFO django.server: "GET /static/admin/js/change_form.js HTTP/1.1" 304 0
[2026-04-09 22:10:24,018] INFO django.server: "GET /static/admin/css/widgets.css HTTP/1.1" 304 0
[2026-04-09 22:10:24,055] INFO django.server: "GET /admin/jsi18n/ HTTP/1.1" 200 3342
[2026-04-09 22:10:25,312] INFO django.server: "GET /admin/mainapp/ingredients/ HTTP/1.1" 200 11603
[2026-04-09 22:10:26,071] INFO django.server: "GET /admin/mainapp/ingredients/3/change/ HTTP/1.1" 200 11587
[2026-04-09 22:10:26,150] INFO django.server: "GET /admin/jsi18n/ HTTP/1.1" 200 3342
[2026-04-09 22:10:28,966] INFO django.server: "GET /admin/mainapp/ingredients/ HTTP/1.1" 200 11603
[2026-04-09 22:10:29,934] INFO django.server: "GET /admin/mainapp/ingredients/2/change/ HTTP/1.1" 200 11579
[2026-04-09 22:10:30,015] INFO django.server: "GET /admin/jsi18n/ HTTP/1.1" 200 3342
[2026-04-09 22:10:31,957] INFO django.server: "GET /admin/mainapp/ingredients/ HTTP/1.1" 200 11603
[2026-04-09 22:10:32,900] INFO django.server: "GET /admin/mainapp/ingredients/1/change/ HTTP/1.1" 200 11880
[2026-04-09 22:10:32,984] INFO django.server: "GET /admin/jsi18n/ HTTP/1.1" 200 3342
[2026-04-09 22:10:35,362] INFO django.server: "GET /admin/mainapp/ingredients/ HTTP/1.1" 200 11603
[2026-04-09 22:10:36,002] INFO django.server: "GET /admin/mainapp/ingredients/3/change/ HTTP/1.1" 200 11587
[2026-04-09 22:10:36,080] INFO django.server: "GET /admin/jsi18n/ HTTP/1.1" 200 3342
[2026-04-09 22:10:39,372] INFO django.server: "GET /admin/mainapp/ingredients/ HTTP/1.1" 200 11603
[2026-04-09 22:10:40,068] INFO django.server: "GET /admin/ HTTP/1.1" 200 11938
[2026-04-09 22:12:19,145] INFO django.utils.autoreload: C:\Users\Micie456\PycharmProjects\Diplom\diplom\mainapp\views.py changed, reloading.
[2026-04-09 22:12:19,735] INFO django.utils.autoreload: Watching for file changes with StatReloader
[2026-04-09 22:13:21,380] INFO django.server: "GET / HTTP/1.1" 200 4724
[2026-04-09 22:13:22,592] INFO django.server: "GET /meal-plan/ HTTP/1.1" 200 27293
[2026-04-10 22:50:40,488] INFO django.utils.autoreload: Watching for file changes with StatReloader
[2026-04-10 22:50:45,070] INFO django.server: "GET / HTTP/1.1" 200 4724
[2026-04-10 22:50:45,345] INFO django.server: "GET /static/css/style.css HTTP/1.1" 200 5830
[2026-04-10 22:50:45,358] INFO django.server: "GET /static/images/bg-cooking.jpg HTTP/1.1" 200 285125
[2026-04-10 22:50:45,378] INFO django.server: "GET /static/images/Diplom_2.jpg HTTP/1.1" 200 13406
[2026-04-10 22:50:45,379] INFO django.server: "GET /static/images/diplom_1.jpg HTTP/1.1" 200 21609
[2026-04-10 22:50:45,381] INFO django.server: "GET /static/images/Diplom_3.jpg HTTP/1.1" 200 16226
[2026-04-10 22:50:45,389] INFO django.server: "GET /static/images/Diplom4.jpg HTTP/1.1" 200 9632
[2026-04-10 22:50:45,391] INFO django.server: "GET /static/images/Diplom_5.png HTTP/1.1" 200 175374
[2026-04-10 22:50:45,612] WARNING django.request: Not Found: /favicon.ico
[2026-04-10 22:50:45,612] WARNING django.server: "GET /favicon.ico HTTP/1.1" 404 3732
[2026-04-10 22:50:50,865] INFO django.server: "GET /compose/ HTTP/1.1" 200 10280
[2026-04-10 22:50:50,907] INFO django.server: "GET /media/ingridients/kokososovoe__moloko.png HTTP/1.1" 200 57958
[2026-04-10 22:50:52,909] INFO django.server: "GET / HTTP/1.1" 200 4724
[2026-04-10 22:50:53,477] INFO django.server: "GET /meal-plan/ HTTP/1.1" 200 27293
[2026-04-10 22:50:53,518] INFO django.server: "GET /static/images/onion.png HTTP/1.1" 200 3842
[2026-04-10 22:50:53,519] INFO django.server: "GET /static/images/rice.png HTTP/1.1" 200 82304
[2026-04-10 22:51:34,702] INFO django.server: "GET /profile/ HTTP/1.1" 200 29
[2026-04-10 22:51:36,755] INFO django.server: "GET /meal-plan/ HTTP/1.1" 200 27293
[2026-04-11 12:10:40,855] INFO django.utils.autoreload: Watching for file changes with StatReloader
[2026-04-11 12:10:45,865] INFO django.server: "GET / HTTP/1.1" 200 4724
[2026-04-11 12:10:45,995] INFO django.server: "GET /static/css/style.css HTTP/1.1" 304 0
[2026-04-11 12:10:46,005] INFO django.server: "GET /static/images/bg-cooking.jpg HTTP/1.1" 304 0
[2026-04-11 12:10:46,271] WARNING django.request: Not Found: /favicon.ico
[2026-04-11 12:10:46,271] WARNING django.server: "GET /favicon.ico HTTP/1.1" 404 3732
[2026-04-11 12:11:25,029] INFO django.server: "GET /compose/ HTTP/1.1" 200 10280
[2026-04-11 12:11:25,103] INFO django.server: "GET /media/ingridients/kokososovoe__moloko.png HTTP/1.1" 200 57958
[2026-04-11 12:11:27,715] INFO django.server: "GET /meal-plan/ HTTP/1.1" 200 27293
[2026-04-11 12:11:27,750] INFO django.server: "GET /static/images/onion.png HTTP/1.1" 304 0
[2026-04-11 12:11:27,751] INFO django.server: "GET /static/images/rice.png HTTP/1.1" 304 0
[2026-04-11 13:33:35,368] INFO django.server: "GET /profile/ HTTP/1.1" 200 29
[2026-04-11 13:36:49,241] INFO django.server: "GET /compose/ HTTP/1.1" 200 10280
[2026-04-11 13:36:53,799] INFO django.server: "GET /meal-plan/ HTTP/1.1" 200 27293
[2026-04-11 14:21:52,942] INFO django.utils.autoreload: Watching for file changes with StatReloader
[2026-04-11 14:22:09,495] ERROR django.request: Internal Server Error: /meal-plan/
Traceback (most recent call last):
  File "C:\Users\Micie456\PycharmProjects\Diplom\.venv\Lib\site-packages\django\core\handlers\exception.py", line 55, in inner
    response = get_response(request)
               ^^^^^^^^^^^^^^^^^^^^^
  File "C:\Users\Micie456\PycharmProjects\Diplom\.venv\Lib\site-packages\django\core\handlers\base.py", line 198, in _get_response
    response = wrapped_callback(request, *callback_args, **callback_kwargs)
               ^^^^^^^^^^^^^^^^^^^^^^^^^^^^^^^^^^^^^^^^^^^^^^^^^^^^^^^^^^^^
  File "C:\Users\Micie456\PycharmProjects\Diplom\diplom\mainapp\views.py", line 160, in meal_plan
    return render(request, 'meal_plan.html', context)
           ^^^^^^^^^^^^^^^^^^^^^^^^^^^^^^^^^^^^^^^^^^
  File "C:\Users\Micie456\PycharmProjects\Diplom\.venv\Lib\site-packages\django\shortcuts.py", line 25, in render
    content = loader.render_to_string(template_name, context, request, using=using)
              ^^^^^^^^^^^^^^^^^^^^^^^^^^^^^^^^^^^^^^^^^^^^^^^^^^^^^^^^^^^^^^^^^^^^^
  File "C:\Users\Micie456\PycharmProjects\Diplom\.venv\Lib\site-packages\django\template\loader.py", line 61, in render_to_string
    template = get_template(template_name, using=using)
               ^^^^^^^^^^^^^^^^^^^^^^^^^^^^^^^^^^^^^^^^
  File "C:\Users\Micie456\PycharmProjects\Diplom\.venv\Lib\site-packages\django\template\loader.py", line 15, in get_template
    return engine.get_template(template_name)
           ^^^^^^^^^^^^^^^^^^^^^^^^^^^^^^^^^^
  File "C:\Users\Micie456\PycharmProjects\Diplom\.venv\Lib\site-packages\django\template\backends\django.py", line 79, in get_template
    return Template(self.engine.get_template(template_name), self)
                    ^^^^^^^^^^^^^^^^^^^^^^^^^^^^^^^^^^^^^^^
  File "C:\Users\Micie456\PycharmProjects\Diplom\.venv\Lib\site-packages\django\template\engine.py", line 186, in get_template
    template, origin = self.find_template(template_name)
                       ^^^^^^^^^^^^^^^^^^^^^^^^^^^^^^^^^
  File "C:\Users\Micie456\PycharmProjects\Diplom\.venv\Lib\site-packages\django\template\engine.py", line 159, in find_template
    template = loader.get_template(name, skip=skip)
               ^^^^^^^^^^^^^^^^^^^^^^^^^^^^^^^^^^^^
  File "C:\Users\Micie456\PycharmProjects\Diplom\.venv\Lib\site-packages\django\template\loaders\cached.py", line 57, in get_template
    template = super().get_template(template_name, skip)
               ^^^^^^^^^^^^^^^^^^^^^^^^^^^^^^^^^^^^^^^^^
  File "C:\Users\Micie456\PycharmProjects\Diplom\.venv\Lib\site-packages\django\template\loaders\base.py", line 28, in get_template
    return Template(
           ^^^^^^^^^
  File "C:\Users\Micie456\PycharmProjects\Diplom\.venv\Lib\site-packages\django\template\base.py", line 157, in __init__
    self.nodelist = self.compile_nodelist()
                    ^^^^^^^^^^^^^^^^^^^^^^^
  File "C:\Users\Micie456\PycharmProjects\Diplom\.venv\Lib\site-packages\django\template\base.py", line 199, in compile_nodelist
    nodelist = parser.parse()
               ^^^^^^^^^^^^^^
  File "C:\Users\Micie456\PycharmProjects\Diplom\.venv\Lib\site-packages\django\template\base.py", line 585, in parse
    raise self.error(token, e)
  File "C:\Users\Micie456\PycharmProjects\Diplom\.venv\Lib\site-packages\django\template\base.py", line 583, in parse
    compiled_result = compile_func(self, token)
                      ^^^^^^^^^^^^^^^^^^^^^^^^^
  File "C:\Users\Micie456\PycharmProjects\Diplom\.venv\Lib\site-packages\django\templatetags\static.py", line 171, in do_static
    return StaticNode.handle_token(parser, token)
           ^^^^^^^^^^^^^^^^^^^^^^^^^^^^^^^^^^^^^^
  File "C:\Users\Micie456\PycharmProjects\Diplom\.venv\Lib\site-packages\django\templatetags\static.py", line 145, in handle_token
    path = parser.compile_filter(bits[1])
           ^^^^^^^^^^^^^^^^^^^^^^^^^^^^^^
  File "C:\Users\Micie456\PycharmProjects\Diplom\.venv\Lib\site-packages\django\template\base.py", line 676, in compile_filter
    return FilterExpression(token, self)
           ^^^^^^^^^^^^^^^^^^^^^^^^^^^^^
  File "C:\Users\Micie456\PycharmProjects\Diplom\.venv\Lib\site-packages\django\template\base.py", line 776, in __init__
    raise TemplateSyntaxError(
django.template.exceptions.TemplateSyntaxError: Template: C:\Users\Micie456\PycharmProjects\Diplom\diplom\mainapp\templates\meal_plan.html, Could not parse the remainder: ''images/rice.png' from ''images/rice.png'
[2026-04-11 14:22:09,498] ERROR django.server: "GET /meal-plan/ HTTP/1.1" 500 175924
[2026-04-11 14:22:31,580] INFO django.server: - Broken pipe from ('127.0.0.1', 51054)
[2026-04-11 14:23:25,237] INFO django.utils.autoreload: Watching for file changes with StatReloader
[2026-04-11 14:23:27,027] INFO django.server: "GET / HTTP/1.1" 200 4724
[2026-04-11 14:23:28,462] INFO django.server: "GET /compose/ HTTP/1.1" 200 10280
[2026-04-11 14:23:31,574] ERROR django.request: Internal Server Error: /meal-plan/
Traceback (most recent call last):
  File "C:\Users\Micie456\PycharmProjects\Diplom\.venv\Lib\site-packages\django\core\handlers\exception.py", line 55, in inner
    response = get_response(request)
               ^^^^^^^^^^^^^^^^^^^^^
  File "C:\Users\Micie456\PycharmProjects\Diplom\.venv\Lib\site-packages\django\core\handlers\base.py", line 198, in _get_response
    response = wrapped_callback(request, *callback_args, **callback_kwargs)
               ^^^^^^^^^^^^^^^^^^^^^^^^^^^^^^^^^^^^^^^^^^^^^^^^^^^^^^^^^^^^
  File "C:\Users\Micie456\PycharmProjects\Diplom\diplom\mainapp\views.py", line 160, in meal_plan
    return render(request, 'meal_plan.html', context)
           ^^^^^^^^^^^^^^^^^^^^^^^^^^^^^^^^^^^^^^^^^^
  File "C:\Users\Micie456\PycharmProjects\Diplom\.venv\Lib\site-packages\django\shortcuts.py", line 25, in render
    content = loader.render_to_string(template_name, context, request, using=using)
              ^^^^^^^^^^^^^^^^^^^^^^^^^^^^^^^^^^^^^^^^^^^^^^^^^^^^^^^^^^^^^^^^^^^^^
  File "C:\Users\Micie456\PycharmProjects\Diplom\.venv\Lib\site-packages\django\template\loader.py", line 61, in render_to_string
    template = get_template(template_name, using=using)
               ^^^^^^^^^^^^^^^^^^^^^^^^^^^^^^^^^^^^^^^^
  File "C:\Users\Micie456\PycharmProjects\Diplom\.venv\Lib\site-packages\django\template\loader.py", line 15, in get_template
    return engine.get_template(template_name)
           ^^^^^^^^^^^^^^^^^^^^^^^^^^^^^^^^^^
  File "C:\Users\Micie456\PycharmProjects\Diplom\.venv\Lib\site-packages\django\template\backends\django.py", line 79, in get_template
    return Template(self.engine.get_template(template_name), self)
                    ^^^^^^^^^^^^^^^^^^^^^^^^^^^^^^^^^^^^^^^
  File "C:\Users\Micie456\PycharmProjects\Diplom\.venv\Lib\site-packages\django\template\engine.py", line 186, in get_template
    template, origin = self.find_template(template_name)
                       ^^^^^^^^^^^^^^^^^^^^^^^^^^^^^^^^^
  File "C:\Users\Micie456\PycharmProjects\Diplom\.venv\Lib\site-packages\django\template\engine.py", line 159, in find_template
    template = loader.get_template(name, skip=skip)
               ^^^^^^^^^^^^^^^^^^^^^^^^^^^^^^^^^^^^
  File "C:\Users\Micie456\PycharmProjects\Diplom\.venv\Lib\site-packages\django\template\loaders\cached.py", line 57, in get_template
    template = super().get_template(template_name, skip)
               ^^^^^^^^^^^^^^^^^^^^^^^^^^^^^^^^^^^^^^^^^
  File "C:\Users\Micie456\PycharmProjects\Diplom\.venv\Lib\site-packages\django\template\loaders\base.py", line 28, in get_template
    return Template(
           ^^^^^^^^^
  File "C:\Users\Micie456\PycharmProjects\Diplom\.venv\Lib\site-packages\django\template\base.py", line 157, in __init__
    self.nodelist = self.compile_nodelist()
                    ^^^^^^^^^^^^^^^^^^^^^^^
  File "C:\Users\Micie456\PycharmProjects\Diplom\.venv\Lib\site-packages\django\template\base.py", line 199, in compile_nodelist
    nodelist = parser.parse()
               ^^^^^^^^^^^^^^
  File "C:\Users\Micie456\PycharmProjects\Diplom\.venv\Lib\site-packages\django\template\base.py", line 585, in parse
    raise self.error(token, e)
  File "C:\Users\Micie456\PycharmProjects\Diplom\.venv\Lib\site-packages\django\template\base.py", line 583, in parse
    compiled_result = compile_func(self, token)
                      ^^^^^^^^^^^^^^^^^^^^^^^^^
  File "C:\Users\Micie456\PycharmProjects\Diplom\.venv\Lib\site-packages\django\templatetags\static.py", line 171, in do_static
    return StaticNode.handle_token(parser, token)
           ^^^^^^^^^^^^^^^^^^^^^^^^^^^^^^^^^^^^^^
  File "C:\Users\Micie456\PycharmProjects\Diplom\.venv\Lib\site-packages\django\templatetags\static.py", line 145, in handle_token
    path = parser.compile_filter(bits[1])
           ^^^^^^^^^^^^^^^^^^^^^^^^^^^^^^
  File "C:\Users\Micie456\PycharmProjects\Diplom\.venv\Lib\site-packages\django\template\base.py", line 676, in compile_filter
    return FilterExpression(token, self)
           ^^^^^^^^^^^^^^^^^^^^^^^^^^^^^
  File "C:\Users\Micie456\PycharmProjects\Diplom\.venv\Lib\site-packages\django\template\base.py", line 776, in __init__
    raise TemplateSyntaxError(
django.template.exceptions.TemplateSyntaxError: Template: C:\Users\Micie456\PycharmProjects\Diplom\diplom\mainapp\templates\meal_plan.html, Could not parse the remainder: ''images/rice.png' from ''images/rice.png'
[2026-04-11 14:23:31,575] ERROR django.server: "GET /meal-plan/ HTTP/1.1" 500 178983
[2026-04-11 14:24:17,253] ERROR django.request: Internal Server Error: /meal-plan/
Traceback (most recent call last):
  File "C:\Users\Micie456\PycharmProjects\Diplom\.venv\Lib\site-packages\django\core\handlers\exception.py", line 55, in inner
    response = get_response(request)
               ^^^^^^^^^^^^^^^^^^^^^
  File "C:\Users\Micie456\PycharmProjects\Diplom\.venv\Lib\site-packages\django\core\handlers\base.py", line 198, in _get_response
    response = wrapped_callback(request, *callback_args, **callback_kwargs)
               ^^^^^^^^^^^^^^^^^^^^^^^^^^^^^^^^^^^^^^^^^^^^^^^^^^^^^^^^^^^^
  File "C:\Users\Micie456\PycharmProjects\Diplom\diplom\mainapp\views.py", line 160, in meal_plan
    return render(request, 'meal_plan.html', context)
           ^^^^^^^^^^^^^^^^^^^^^^^^^^^^^^^^^^^^^^^^^^
  File "C:\Users\Micie456\PycharmProjects\Diplom\.venv\Lib\site-packages\django\shortcuts.py", line 25, in render
    content = loader.render_to_string(template_name, context, request, using=using)
              ^^^^^^^^^^^^^^^^^^^^^^^^^^^^^^^^^^^^^^^^^^^^^^^^^^^^^^^^^^^^^^^^^^^^^
  File "C:\Users\Micie456\PycharmProjects\Diplom\.venv\Lib\site-packages\django\template\loader.py", line 61, in render_to_string
    template = get_template(template_name, using=using)
               ^^^^^^^^^^^^^^^^^^^^^^^^^^^^^^^^^^^^^^^^
  File "C:\Users\Micie456\PycharmProjects\Diplom\.venv\Lib\site-packages\django\template\loader.py", line 15, in get_template
    return engine.get_template(template_name)
           ^^^^^^^^^^^^^^^^^^^^^^^^^^^^^^^^^^
  File "C:\Users\Micie456\PycharmProjects\Diplom\.venv\Lib\site-packages\django\template\backends\django.py", line 79, in get_template
    return Template(self.engine.get_template(template_name), self)
                    ^^^^^^^^^^^^^^^^^^^^^^^^^^^^^^^^^^^^^^^
  File "C:\Users\Micie456\PycharmProjects\Diplom\.venv\Lib\site-packages\django\template\engine.py", line 186, in get_template
    template, origin = self.find_template(template_name)
                       ^^^^^^^^^^^^^^^^^^^^^^^^^^^^^^^^^
  File "C:\Users\Micie456\PycharmProjects\Diplom\.venv\Lib\site-packages\django\template\engine.py", line 159, in find_template
    template = loader.get_template(name, skip=skip)
               ^^^^^^^^^^^^^^^^^^^^^^^^^^^^^^^^^^^^
  File "C:\Users\Micie456\PycharmProjects\Diplom\.venv\Lib\site-packages\django\template\loaders\cached.py", line 57, in get_template
    template = super().get_template(template_name, skip)
               ^^^^^^^^^^^^^^^^^^^^^^^^^^^^^^^^^^^^^^^^^
  File "C:\Users\Micie456\PycharmProjects\Diplom\.venv\Lib\site-packages\django\template\loaders\base.py", line 28, in get_template
    return Template(
           ^^^^^^^^^
  File "C:\Users\Micie456\PycharmProjects\Diplom\.venv\Lib\site-packages\django\template\base.py", line 157, in __init__
    self.nodelist = self.compile_nodelist()
                    ^^^^^^^^^^^^^^^^^^^^^^^
  File "C:\Users\Micie456\PycharmProjects\Diplom\.venv\Lib\site-packages\django\template\base.py", line 199, in compile_nodelist
    nodelist = parser.parse()
               ^^^^^^^^^^^^^^
  File "C:\Users\Micie456\PycharmProjects\Diplom\.venv\Lib\site-packages\django\template\base.py", line 585, in parse
    raise self.error(token, e)
  File "C:\Users\Micie456\PycharmProjects\Diplom\.venv\Lib\site-packages\django\template\base.py", line 583, in parse
    compiled_result = compile_func(self, token)
                      ^^^^^^^^^^^^^^^^^^^^^^^^^
  File "C:\Users\Micie456\PycharmProjects\Diplom\.venv\Lib\site-packages\django\templatetags\static.py", line 171, in do_static
    return StaticNode.handle_token(parser, token)
           ^^^^^^^^^^^^^^^^^^^^^^^^^^^^^^^^^^^^^^
  File "C:\Users\Micie456\PycharmProjects\Diplom\.venv\Lib\site-packages\django\templatetags\static.py", line 145, in handle_token
    path = parser.compile_filter(bits[1])
           ^^^^^^^^^^^^^^^^^^^^^^^^^^^^^^
  File "C:\Users\Micie456\PycharmProjects\Diplom\.venv\Lib\site-packages\django\template\base.py", line 676, in compile_filter
    return FilterExpression(token, self)
           ^^^^^^^^^^^^^^^^^^^^^^^^^^^^^
  File "C:\Users\Micie456\PycharmProjects\Diplom\.venv\Lib\site-packages\django\template\base.py", line 776, in __init__
    raise TemplateSyntaxError(
django.template.exceptions.TemplateSyntaxError: Template: C:\Users\Micie456\PycharmProjects\Diplom\diplom\mainapp\templates\meal_plan.html, Could not parse the remainder: ''images/rice.png' from ''images/rice.png'
[2026-04-11 14:24:17,254] ERROR django.server: "GET /meal-plan/ HTTP/1.1" 500 175924
[2026-04-11 14:24:22,657] INFO django.server: - Broken pipe from ('127.0.0.1', 57975)
[2026-04-11 14:25:02,053] ERROR django.request: Internal Server Error: /meal-plan/
Traceback (most recent call last):
  File "C:\Users\Micie456\PycharmProjects\Diplom\.venv\Lib\site-packages\django\core\handlers\exception.py", line 55, in inner
    response = get_response(request)
               ^^^^^^^^^^^^^^^^^^^^^
  File "C:\Users\Micie456\PycharmProjects\Diplom\.venv\Lib\site-packages\django\core\handlers\base.py", line 198, in _get_response
    response = wrapped_callback(request, *callback_args, **callback_kwargs)
               ^^^^^^^^^^^^^^^^^^^^^^^^^^^^^^^^^^^^^^^^^^^^^^^^^^^^^^^^^^^^
  File "C:\Users\Micie456\PycharmProjects\Diplom\diplom\mainapp\views.py", line 160, in meal_plan
    return render(request, 'meal_plan.html', context)
           ^^^^^^^^^^^^^^^^^^^^^^^^^^^^^^^^^^^^^^^^^^
  File "C:\Users\Micie456\PycharmProjects\Diplom\.venv\Lib\site-packages\django\shortcuts.py", line 25, in render
    content = loader.render_to_string(template_name, context, request, using=using)
              ^^^^^^^^^^^^^^^^^^^^^^^^^^^^^^^^^^^^^^^^^^^^^^^^^^^^^^^^^^^^^^^^^^^^^
  File "C:\Users\Micie456\PycharmProjects\Diplom\.venv\Lib\site-packages\django\template\loader.py", line 61, in render_to_string
    template = get_template(template_name, using=using)
               ^^^^^^^^^^^^^^^^^^^^^^^^^^^^^^^^^^^^^^^^
  File "C:\Users\Micie456\PycharmProjects\Diplom\.venv\Lib\site-packages\django\template\loader.py", line 15, in get_template
    return engine.get_template(template_name)
           ^^^^^^^^^^^^^^^^^^^^^^^^^^^^^^^^^^
  File "C:\Users\Micie456\PycharmProjects\Diplom\.venv\Lib\site-packages\django\template\backends\django.py", line 79, in get_template
    return Template(self.engine.get_template(template_name), self)
                    ^^^^^^^^^^^^^^^^^^^^^^^^^^^^^^^^^^^^^^^
  File "C:\Users\Micie456\PycharmProjects\Diplom\.venv\Lib\site-packages\django\template\engine.py", line 186, in get_template
    template, origin = self.find_template(template_name)
                       ^^^^^^^^^^^^^^^^^^^^^^^^^^^^^^^^^
  File "C:\Users\Micie456\PycharmProjects\Diplom\.venv\Lib\site-packages\django\template\engine.py", line 159, in find_template
    template = loader.get_template(name, skip=skip)
               ^^^^^^^^^^^^^^^^^^^^^^^^^^^^^^^^^^^^
  File "C:\Users\Micie456\PycharmProjects\Diplom\.venv\Lib\site-packages\django\template\loaders\cached.py", line 57, in get_template
    template = super().get_template(template_name, skip)
               ^^^^^^^^^^^^^^^^^^^^^^^^^^^^^^^^^^^^^^^^^
  File "C:\Users\Micie456\PycharmProjects\Diplom\.venv\Lib\site-packages\django\template\loaders\base.py", line 28, in get_template
    return Template(
           ^^^^^^^^^
  File "C:\Users\Micie456\PycharmProjects\Diplom\.venv\Lib\site-packages\django\template\base.py", line 157, in __init__
    self.nodelist = self.compile_nodelist()
                    ^^^^^^^^^^^^^^^^^^^^^^^
  File "C:\Users\Micie456\PycharmProjects\Diplom\.venv\Lib\site-packages\django\template\base.py", line 199, in compile_nodelist
    nodelist = parser.parse()
               ^^^^^^^^^^^^^^
  File "C:\Users\Micie456\PycharmProjects\Diplom\.venv\Lib\site-packages\django\template\base.py", line 585, in parse
    raise self.error(token, e)
  File "C:\Users\Micie456\PycharmProjects\Diplom\.venv\Lib\site-packages\django\template\base.py", line 583, in parse
    compiled_result = compile_func(self, token)
                      ^^^^^^^^^^^^^^^^^^^^^^^^^
  File "C:\Users\Micie456\PycharmProjects\Diplom\.venv\Lib\site-packages\django\templatetags\static.py", line 171, in do_static
    return StaticNode.handle_token(parser, token)
           ^^^^^^^^^^^^^^^^^^^^^^^^^^^^^^^^^^^^^^
  File "C:\Users\Micie456\PycharmProjects\Diplom\.venv\Lib\site-packages\django\templatetags\static.py", line 145, in handle_token
    path = parser.compile_filter(bits[1])
           ^^^^^^^^^^^^^^^^^^^^^^^^^^^^^^
  File "C:\Users\Micie456\PycharmProjects\Diplom\.venv\Lib\site-packages\django\template\base.py", line 676, in compile_filter
    return FilterExpression(token, self)
           ^^^^^^^^^^^^^^^^^^^^^^^^^^^^^
  File "C:\Users\Micie456\PycharmProjects\Diplom\.venv\Lib\site-packages\django\template\base.py", line 776, in __init__
    raise TemplateSyntaxError(
django.template.exceptions.TemplateSyntaxError: Template: C:\Users\Micie456\PycharmProjects\Diplom\diplom\mainapp\templates\meal_plan.html, Could not parse the remainder: ''images/rice.png' from ''images/rice.png'
[2026-04-11 14:25:02,054] ERROR django.server: "GET /meal-plan/ HTTP/1.1" 500 179121
[2026-04-11 14:28:21,372] INFO django.utils.autoreload: Watching for file changes with StatReloader
[2026-04-11 14:28:22,730] INFO django.server: "GET / HTTP/1.1" 200 4724
[2026-04-11 14:28:24,201] ERROR django.request: Internal Server Error: /meal-plan/
Traceback (most recent call last):
  File "C:\Users\Micie456\PycharmProjects\Diplom\.venv\Lib\site-packages\django\core\handlers\exception.py", line 55, in inner
    response = get_response(request)
               ^^^^^^^^^^^^^^^^^^^^^
  File "C:\Users\Micie456\PycharmProjects\Diplom\.venv\Lib\site-packages\django\core\handlers\base.py", line 198, in _get_response
    response = wrapped_callback(request, *callback_args, **callback_kwargs)
               ^^^^^^^^^^^^^^^^^^^^^^^^^^^^^^^^^^^^^^^^^^^^^^^^^^^^^^^^^^^^
  File "C:\Users\Micie456\PycharmProjects\Diplom\diplom\mainapp\views.py", line 160, in meal_plan
    return render(request, 'meal_plan.html', context)
           ^^^^^^^^^^^^^^^^^^^^^^^^^^^^^^^^^^^^^^^^^^
  File "C:\Users\Micie456\PycharmProjects\Diplom\.venv\Lib\site-packages\django\shortcuts.py", line 25, in render
    content = loader.render_to_string(template_name, context, request, using=using)
              ^^^^^^^^^^^^^^^^^^^^^^^^^^^^^^^^^^^^^^^^^^^^^^^^^^^^^^^^^^^^^^^^^^^^^
  File "C:\Users\Micie456\PycharmProjects\Diplom\.venv\Lib\site-packages\django\template\loader.py", line 61, in render_to_string
    template = get_template(template_name, using=using)
               ^^^^^^^^^^^^^^^^^^^^^^^^^^^^^^^^^^^^^^^^
  File "C:\Users\Micie456\PycharmProjects\Diplom\.venv\Lib\site-packages\django\template\loader.py", line 15, in get_template
    return engine.get_template(template_name)
           ^^^^^^^^^^^^^^^^^^^^^^^^^^^^^^^^^^
  File "C:\Users\Micie456\PycharmProjects\Diplom\.venv\Lib\site-packages\django\template\backends\django.py", line 79, in get_template
    return Template(self.engine.get_template(template_name), self)
                    ^^^^^^^^^^^^^^^^^^^^^^^^^^^^^^^^^^^^^^^
  File "C:\Users\Micie456\PycharmProjects\Diplom\.venv\Lib\site-packages\django\template\engine.py", line 186, in get_template
    template, origin = self.find_template(template_name)
                       ^^^^^^^^^^^^^^^^^^^^^^^^^^^^^^^^^
  File "C:\Users\Micie456\PycharmProjects\Diplom\.venv\Lib\site-packages\django\template\engine.py", line 159, in find_template
    template = loader.get_template(name, skip=skip)
               ^^^^^^^^^^^^^^^^^^^^^^^^^^^^^^^^^^^^
  File "C:\Users\Micie456\PycharmProjects\Diplom\.venv\Lib\site-packages\django\template\loaders\cached.py", line 57, in get_template
    template = super().get_template(template_name, skip)
               ^^^^^^^^^^^^^^^^^^^^^^^^^^^^^^^^^^^^^^^^^
  File "C:\Users\Micie456\PycharmProjects\Diplom\.venv\Lib\site-packages\django\template\loaders\base.py", line 28, in get_template
    return Template(
           ^^^^^^^^^
  File "C:\Users\Micie456\PycharmProjects\Diplom\.venv\Lib\site-packages\django\template\base.py", line 157, in __init__
    self.nodelist = self.compile_nodelist()
                    ^^^^^^^^^^^^^^^^^^^^^^^
  File "C:\Users\Micie456\PycharmProjects\Diplom\.venv\Lib\site-packages\django\template\base.py", line 199, in compile_nodelist
    nodelist = parser.parse()
               ^^^^^^^^^^^^^^
  File "C:\Users\Micie456\PycharmProjects\Diplom\.venv\Lib\site-packages\django\template\base.py", line 585, in parse
    raise self.error(token, e)
  File "C:\Users\Micie456\PycharmProjects\Diplom\.venv\Lib\site-packages\django\template\base.py", line 583, in parse
    compiled_result = compile_func(self, token)
                      ^^^^^^^^^^^^^^^^^^^^^^^^^
  File "C:\Users\Micie456\PycharmProjects\Diplom\.venv\Lib\site-packages\django\templatetags\static.py", line 171, in do_static
    return StaticNode.handle_token(parser, token)
           ^^^^^^^^^^^^^^^^^^^^^^^^^^^^^^^^^^^^^^
  File "C:\Users\Micie456\PycharmProjects\Diplom\.venv\Lib\site-packages\django\templatetags\static.py", line 145, in handle_token
    path = parser.compile_filter(bits[1])
           ^^^^^^^^^^^^^^^^^^^^^^^^^^^^^^
  File "C:\Users\Micie456\PycharmProjects\Diplom\.venv\Lib\site-packages\django\template\base.py", line 676, in compile_filter
    return FilterExpression(token, self)
           ^^^^^^^^^^^^^^^^^^^^^^^^^^^^^
  File "C:\Users\Micie456\PycharmProjects\Diplom\.venv\Lib\site-packages\django\template\base.py", line 776, in __init__
    raise TemplateSyntaxError(
django.template.exceptions.TemplateSyntaxError: Template: C:\Users\Micie456\PycharmProjects\Diplom\diplom\mainapp\templates\meal_plan.html, Could not parse the remainder: ''images/rice.png' from ''images/rice.png'
[2026-04-11 14:28:24,202] ERROR django.server: "GET /meal-plan/ HTTP/1.1" 500 178984
[2026-04-11 14:31:19,901] INFO django.server: "GET /meal-plan/ HTTP/1.1" 200 47942
[2026-04-11 14:32:02,415] INFO django.server: "GET /meal-plan/ HTTP/1.1" 200 47228
[2026-04-11 14:32:32,408] INFO django.server: "GET / HTTP/1.1" 200 4724
[2026-04-11 14:32:34,293] INFO django.server: "GET /meal-plan/ HTTP/1.1" 200 47228
[2026-04-11 14:32:35,795] INFO django.server: "GET /profile/ HTTP/1.1" 200 29
[2026-04-11 14:32:43,975] ERROR django.request: Internal Server Error: /api/meal-plan/generate/
Traceback (most recent call last):
  File "C:\Users\Micie456\PycharmProjects\Diplom\.venv\Lib\site-packages\django\core\handlers\exception.py", line 55, in inner
    response = get_response(request)
               ^^^^^^^^^^^^^^^^^^^^^
  File "C:\Users\Micie456\PycharmProjects\Diplom\.venv\Lib\site-packages\django\core\handlers\base.py", line 198, in _get_response
    response = wrapped_callback(request, *callback_args, **callback_kwargs)
               ^^^^^^^^^^^^^^^^^^^^^^^^^^^^^^^^^^^^^^^^^^^^^^^^^^^^^^^^^^^^
  File "C:\Users\Micie456\PycharmProjects\Diplom\.venv\Lib\site-packages\django\views\decorators\http.py", line 64, in inner
    return func(request, *args, **kwargs)
           ^^^^^^^^^^^^^^^^^^^^^^^^^^^^^^
  File "C:\Users\Micie456\PycharmProjects\Diplom\.venv\Lib\site-packages\django\contrib\auth\decorators.py", line 59, in _view_wrapper
    return view_func(request, *args, **kwargs)
           ^^^^^^^^^^^^^^^^^^^^^^^^^^^^^^^^^^^
  File "C:\Users\Micie456\PycharmProjects\Diplom\diplom\mainapp\views.py", line 266, in generate_meal_plan
    return JsonResponse({
           ^^^^^^^^^^^^^^
  File "C:\Users\Micie456\PycharmProjects\Diplom\.venv\Lib\site-packages\django\http\response.py", line 761, in __init__
    data = json.dumps(data, cls=encoder, **json_dumps_params)
           ^^^^^^^^^^^^^^^^^^^^^^^^^^^^^^^^^^^^^^^^^^^^^^^^^^
  File "C:\Users\Micie456\AppData\Local\Programs\Python\Python312\Lib\json\__init__.py", line 238, in dumps
    **kw).encode(obj)
          ^^^^^^^^^^^
  File "C:\Users\Micie456\AppData\Local\Programs\Python\Python312\Lib\json\encoder.py", line 200, in encode
    chunks = self.iterencode(o, _one_shot=True)
             ^^^^^^^^^^^^^^^^^^^^^^^^^^^^^^^^^^
  File "C:\Users\Micie456\AppData\Local\Programs\Python\Python312\Lib\json\encoder.py", line 258, in iterencode
    return _iterencode(o, 0)
           ^^^^^^^^^^^^^^^^^
  File "C:\Users\Micie456\PycharmProjects\Diplom\.venv\Lib\site-packages\django\core\serializers\json.py", line 113, in default
    return super().default(o)
           ^^^^^^^^^^^^^^^^^^
  File "C:\Users\Micie456\AppData\Local\Programs\Python\Python312\Lib\json\encoder.py", line 180, in default
    raise TypeError(f'Object of type {o.__class__.__name__} '
TypeError: Object of type Recipes is not JSON serializable
[2026-04-11 14:32:43,978] INFO django.server: - Broken pipe from ('127.0.0.1', 63431)
[2026-04-11 14:33:10,100] ERROR django.request: Internal Server Error: /api/meal-plan/generate/
Traceback (most recent call last):
  File "C:\Users\Micie456\PycharmProjects\Diplom\.venv\Lib\site-packages\django\core\handlers\exception.py", line 55, in inner
    response = get_response(request)
               ^^^^^^^^^^^^^^^^^^^^^
  File "C:\Users\Micie456\PycharmProjects\Diplom\.venv\Lib\site-packages\django\core\handlers\base.py", line 198, in _get_response
    response = wrapped_callback(request, *callback_args, **callback_kwargs)
               ^^^^^^^^^^^^^^^^^^^^^^^^^^^^^^^^^^^^^^^^^^^^^^^^^^^^^^^^^^^^
  File "C:\Users\Micie456\PycharmProjects\Diplom\.venv\Lib\site-packages\django\views\decorators\http.py", line 64, in inner
    return func(request, *args, **kwargs)
           ^^^^^^^^^^^^^^^^^^^^^^^^^^^^^^
  File "C:\Users\Micie456\PycharmProjects\Diplom\.venv\Lib\site-packages\django\contrib\auth\decorators.py", line 59, in _view_wrapper
    return view_func(request, *args, **kwargs)
           ^^^^^^^^^^^^^^^^^^^^^^^^^^^^^^^^^^^
  File "C:\Users\Micie456\PycharmProjects\Diplom\diplom\mainapp\views.py", line 266, in generate_meal_plan
    return JsonResponse({
           ^^^^^^^^^^^^^^
  File "C:\Users\Micie456\PycharmProjects\Diplom\.venv\Lib\site-packages\django\http\response.py", line 761, in __init__
    data = json.dumps(data, cls=encoder, **json_dumps_params)
           ^^^^^^^^^^^^^^^^^^^^^^^^^^^^^^^^^^^^^^^^^^^^^^^^^^
  File "C:\Users\Micie456\AppData\Local\Programs\Python\Python312\Lib\json\__init__.py", line 238, in dumps
    **kw).encode(obj)
          ^^^^^^^^^^^
  File "C:\Users\Micie456\AppData\Local\Programs\Python\Python312\Lib\json\encoder.py", line 200, in encode
    chunks = self.iterencode(o, _one_shot=True)
             ^^^^^^^^^^^^^^^^^^^^^^^^^^^^^^^^^^
  File "C:\Users\Micie456\AppData\Local\Programs\Python\Python312\Lib\json\encoder.py", line 258, in iterencode
    return _iterencode(o, 0)
           ^^^^^^^^^^^^^^^^^
  File "C:\Users\Micie456\PycharmProjects\Diplom\.venv\Lib\site-packages\django\core\serializers\json.py", line 113, in default
    return super().default(o)
           ^^^^^^^^^^^^^^^^^^
  File "C:\Users\Micie456\AppData\Local\Programs\Python\Python312\Lib\json\encoder.py", line 180, in default
    raise TypeError(f'Object of type {o.__class__.__name__} '
TypeError: Object of type Recipes is not JSON serializable
[2026-04-11 14:33:10,101] ERROR django.server: "POST /api/meal-plan/generate/ HTTP/1.1" 500 119297
[2026-04-11 14:33:16,961] INFO django.server: "GET /profile/ HTTP/1.1" 200 29
[2026-04-11 14:33:40,808] INFO django.server: "POST /api/meal-plan/generate/ HTTP/1.1" 200 12302
[2026-04-11 14:34:29,438] INFO django.server: "GET /profile/ HTTP/1.1" 200 29
[2026-04-11 14:34:35,018] INFO django.server: "GET /admin/ HTTP/1.1" 200 17191
[2026-04-11 14:34:35,175] INFO django.server: "GET /static/admin/css/dark_mode.css HTTP/1.1" 200 3538
[2026-04-11 14:34:35,183] INFO django.server: "GET /static/admin/css/dashboard.css HTTP/1.1" 200 441
[2026-04-11 14:34:35,199] INFO django.server: "GET /static/admin/js/theme.js HTTP/1.1" 200 1653
[2026-04-11 14:34:35,205] INFO django.server: "GET /static/admin/css/nav_sidebar.css HTTP/1.1" 200 2810
[2026-04-11 14:34:35,210] INFO django.server: "GET /static/admin/css/base.css HTTP/1.1" 200 23100
[2026-04-11 14:34:35,210] INFO django.server: "GET /static/admin/css/responsive.css HTTP/1.1" 200 16273
[2026-04-11 14:34:35,214] INFO django.server: "GET /static/admin/js/nav_sidebar.js HTTP/1.1" 200 3063
[2026-04-11 14:34:35,218] INFO django.server: "GET /static/admin/img/icon-addlink.svg HTTP/1.1" 200 593
[2026-04-11 14:34:35,218] INFO django.server: "GET /static/admin/img/icon-deletelink.svg HTTP/1.1" 200 689
[2026-04-11 14:34:35,218] INFO django.server: "GET /static/admin/img/icon-changelink.svg HTTP/1.1" 200 978
[2026-04-11 14:34:36,911] INFO django.server: "GET /admin/mainapp/cookinghistory/ HTTP/1.1" 200 13202
[2026-04-11 14:34:36,953] INFO django.server: "GET /static/admin/js/jquery.init.js HTTP/1.1" 200 347
[2026-04-11 14:34:36,954] INFO django.server: "GET /static/admin/js/core.js HTTP/1.1" 200 6208
[2026-04-11 14:34:36,957] INFO django.server: "GET /static/admin/js/actions.js HTTP/1.1" 200 8076
[2026-04-11 14:34:36,959] INFO django.server: "GET /static/admin/js/urlify.js HTTP/1.1" 200 7887
[2026-04-11 14:34:36,961] INFO django.server: "GET /static/admin/js/prepopulate.js HTTP/1.1" 200 1531
[2026-04-11 14:34:36,962] INFO django.server: "GET /static/admin/css/changelists.css HTTP/1.1" 200 7498
[2026-04-11 14:34:36,980] INFO django.server: "GET /static/admin/js/admin/RelatedObjectLookups.js HTTP/1.1" 200 9777
[2026-04-11 14:34:37,021] INFO django.server: "GET /admin/jsi18n/ HTTP/1.1" 200 3342
[2026-04-11 14:34:37,035] INFO django.server: "GET /static/admin/js/vendor/jquery/jquery.js HTTP/1.1" 200 285314
[2026-04-11 14:34:37,039] INFO django.server: "GET /static/admin/js/vendor/xregexp/xregexp.js HTTP/1.1" 200 325171
[2026-04-11 14:34:37,047] INFO django.server: "GET /static/admin/js/filters.js HTTP/1.1" 200 978
[2026-04-11 14:34:37,059] INFO django.server: "GET /static/admin/img/tooltag-add.svg HTTP/1.1" 200 593
[2026-04-11 14:34:38,082] INFO django.server: "GET /admin/ HTTP/1.1" 200 17191
[2026-04-11 14:34:38,968] INFO django.server: "GET /admin/mainapp/favorite/ HTTP/1.1" 200 13148
[2026-04-11 14:34:39,047] INFO django.server: "GET /admin/jsi18n/ HTTP/1.1" 200 3342
[2026-04-11 14:34:40,078] INFO django.server: "GET /admin/ HTTP/1.1" 200 17191
[2026-04-11 14:34:43,014] INFO django.server: "GET /admin/mainapp/shoppinglist/ HTTP/1.1" 200 13186
[2026-04-11 14:34:43,098] INFO django.server: "GET /admin/jsi18n/ HTTP/1.1" 200 3342
[2026-04-11 14:34:44,001] INFO django.server: "GET /admin/ HTTP/1.1" 200 17191
[2026-04-11 14:34:45,283] INFO django.server: "GET /admin/mainapp/usersettings/ HTTP/1.1" 200 14748
[2026-04-11 14:34:45,361] INFO django.server: "GET /admin/jsi18n/ HTTP/1.1" 200 3342
[2026-04-11 14:34:46,465] INFO django.server: "GET /admin/mainapp/usersettings/1/change/ HTTP/1.1" 200 17239
[2026-04-11 14:34:46,502] INFO django.server: "GET /static/admin/js/prepopulate_init.js HTTP/1.1" 200 586
[2026-04-11 14:34:46,509] INFO django.server: "GET /static/admin/css/forms.css HTTP/1.1" 200 8831
[2026-04-11 14:34:46,514] INFO django.server: "GET /static/admin/img/icon-viewlink.svg HTTP/1.1" 200 928
[2026-04-11 14:34:46,520] INFO django.server: "GET /static/admin/css/widgets.css HTTP/1.1" 200 11811
[2026-04-11 14:34:46,524] INFO django.server: "GET /static/admin/js/change_form.js HTTP/1.1" 200 606
[2026-04-11 14:34:46,544] INFO django.server: "GET /admin/jsi18n/ HTTP/1.1" 200 3342
[2026-04-11 14:34:50,277] INFO django.server: "GET /admin/mainapp/usersettings/ HTTP/1.1" 200 14748
[2026-04-11 14:34:50,742] INFO django.server: "GET /admin/ HTTP/1.1" 200 17191
[2026-04-11 14:34:52,280] INFO django.server: "GET /admin/mainapp/mealplan/ HTTP/1.1" 200 13241
[2026-04-11 14:34:52,355] INFO django.server: "GET /admin/jsi18n/ HTTP/1.1" 200 3342
[2026-04-11 14:34:53,434] INFO django.server: "GET /admin/ HTTP/1.1" 200 17191
[2026-04-11 14:34:54,973] INFO django.server: "GET /admin/mainapp/mealplanitem/ HTTP/1.1" 200 13309
[2026-04-11 14:34:55,051] INFO django.server: "GET /admin/jsi18n/ HTTP/1.1" 200 3342
[2026-04-11 14:34:56,017] INFO django.server: "GET /admin/ HTTP/1.1" 200 17191
[2026-04-11 14:34:56,697] INFO django.server: "GET /admin/mainapp/userpreference/ HTTP/1.1" 200 13409
[2026-04-11 14:34:56,774] INFO django.server: "GET /admin/jsi18n/ HTTP/1.1" 200 3342
[2026-04-11 14:34:57,690] INFO django.server: "GET /admin/ HTTP/1.1" 200 17191
[2026-04-11 14:34:58,508] INFO django.server: "GET /admin/mainapp/mealplan/ HTTP/1.1" 200 13241
[2026-04-11 14:34:58,694] INFO django.server: "GET /admin/jsi18n/ HTTP/1.1" 200 3342
[2026-04-11 14:35:00,485] INFO django.server: "GET /admin/mainapp/usersettings/ HTTP/1.1" 200 14748
[2026-04-11 14:35:00,560] INFO django.server: "GET /admin/jsi18n/ HTTP/1.1" 200 3342
[2026-04-11 14:35:01,579] INFO django.server: "GET /admin/mainapp/usersettings/1/change/ HTTP/1.1" 200 17239
[2026-04-11 14:35:01,654] INFO django.server: "GET /admin/jsi18n/ HTTP/1.1" 200 3342
[2026-04-11 14:35:05,864] INFO django.server: "GET /admin/mainapp/shoppinglist/ HTTP/1.1" 200 13186
[2026-04-11 14:35:05,940] INFO django.server: "GET /admin/jsi18n/ HTTP/1.1" 200 3342
[2026-04-11 14:35:06,817] INFO django.server: "GET /admin/mainapp/recipes/ HTTP/1.1" 200 15575
[2026-04-11 14:35:06,895] INFO django.server: "GET /admin/jsi18n/ HTTP/1.1" 200 3342
[2026-04-11 14:35:08,810] INFO django.server: "GET /admin/mainapp/recipes/5/change/ HTTP/1.1" 200 18475
[2026-04-11 14:35:08,883] INFO django.server: "GET /admin/jsi18n/ HTTP/1.1" 200 3342
[2026-04-11 14:35:10,474] INFO django.server: "GET /admin/mainapp/recipes/ HTTP/1.1" 200 15575
[2026-04-11 14:35:11,286] INFO django.server: "GET /admin/mainapp/recipeingredient/ HTTP/1.1" 200 13218
[2026-04-11 14:35:11,362] INFO django.server: "GET /admin/jsi18n/ HTTP/1.1" 200 3342
[2026-04-11 14:35:12,173] INFO django.server: "GET /admin/mainapp/kitchenname/ HTTP/1.1" 200 15376
[2026-04-11 14:35:12,246] INFO django.server: "GET /admin/jsi18n/ HTTP/1.1" 200 3342
[2026-04-11 14:35:13,428] INFO django.server: "GET /admin/mainapp/ingredients/ HTTP/1.1" 200 15376
[2026-04-11 14:35:13,506] INFO django.server: "GET /admin/jsi18n/ HTTP/1.1" 200 3342
[2026-04-11 14:35:13,982] INFO django.server: "GET /admin/mainapp/favorite/ HTTP/1.1" 200 13148
[2026-04-11 14:35:14,059] INFO django.server: "GET /admin/jsi18n/ HTTP/1.1" 200 3342
[2026-04-11 14:35:14,724] INFO django.server: "GET /admin/mainapp/cookinghistory/ HTTP/1.1" 200 13202
[2026-04-11 14:35:14,794] INFO django.server: "GET /admin/jsi18n/ HTTP/1.1" 200 3342
[2026-04-11 14:35:24,904] INFO django.server: "GET / HTTP/1.1" 200 4724
[2026-04-11 14:35:26,013] INFO django.server: "GET /meal-plan/ HTTP/1.1" 200 47228
[2026-04-11 14:41:18,054] INFO django.utils.autoreload: C:\Users\Micie456\PycharmProjects\Diplom\diplom\mainapp\views.py changed, reloading.
[2026-04-11 14:41:18,082] INFO django.utils.autoreload: C:\Users\Micie456\PycharmProjects\Diplom\diplom\mainapp\views.py changed, reloading.
[2026-04-11 14:41:18,547] INFO django.utils.autoreload: Watching for file changes with StatReloader
[2026-04-11 14:41:18,586] INFO django.utils.autoreload: Watching for file changes with StatReloader
[2026-04-11 14:42:43,548] INFO django.server: "GET /meal-plan/ HTTP/1.1" 200 47960
[2026-04-11 14:43:56,151] INFO django.server: "GET / HTTP/1.1" 200 21170
[2026-04-11 14:43:56,323] WARNING django.server: "GET /static/images/ HTTP/1.1" 404 1949
[2026-04-11 14:43:57,057] INFO django.server: "GET /meal-plan/ HTTP/1.1" 200 47246
[2026-04-11 14:44:02,834] ERROR django.request: Internal Server Error: /api/meal-plan/generate/
Traceback (most recent call last):
  File "C:\Users\Micie456\PycharmProjects\Diplom\.venv\Lib\site-packages\django\core\handlers\exception.py", line 55, in inner
    response = get_response(request)
               ^^^^^^^^^^^^^^^^^^^^^
  File "C:\Users\Micie456\PycharmProjects\Diplom\.venv\Lib\site-packages\django\core\handlers\base.py", line 198, in _get_response
    response = wrapped_callback(request, *callback_args, **callback_kwargs)
               ^^^^^^^^^^^^^^^^^^^^^^^^^^^^^^^^^^^^^^^^^^^^^^^^^^^^^^^^^^^^
  File "C:\Users\Micie456\PycharmProjects\Diplom\.venv\Lib\site-packages\django\views\decorators\http.py", line 64, in inner
    return func(request, *args, **kwargs)
           ^^^^^^^^^^^^^^^^^^^^^^^^^^^^^^
  File "C:\Users\Micie456\PycharmProjects\Diplom\.venv\Lib\site-packages\django\contrib\auth\decorators.py", line 59, in _view_wrapper
    return view_func(request, *args, **kwargs)
           ^^^^^^^^^^^^^^^^^^^^^^^^^^^^^^^^^^^
  File "C:\Users\Micie456\PycharmProjects\Diplom\diplom\mainapp\views.py", line 266, in generate_meal_plan
    'target_calories': target_calories,
       ^^^^^^^^^^^^^^^^^^^^^^^^^^^^^^^^
  File "C:\Users\Micie456\PycharmProjects\Diplom\.venv\Lib\site-packages\django\http\response.py", line 761, in __init__
    data = json.dumps(data, cls=encoder, **json_dumps_params)
           ^^^^^^^^^^^^^^^^^^^^^^^^^^^^^^^^^^^^^^^^^^^^^^^^^^
  File "C:\Users\Micie456\AppData\Local\Programs\Python\Python312\Lib\json\__init__.py", line 238, in dumps
    **kw).encode(obj)
          ^^^^^^^^^^^
  File "C:\Users\Micie456\AppData\Local\Programs\Python\Python312\Lib\json\encoder.py", line 200, in encode
    chunks = self.iterencode(o, _one_shot=True)
             ^^^^^^^^^^^^^^^^^^^^^^^^^^^^^^^^^^
  File "C:\Users\Micie456\AppData\Local\Programs\Python\Python312\Lib\json\encoder.py", line 258, in iterencode
    return _iterencode(o, 0)
           ^^^^^^^^^^^^^^^^^
  File "C:\Users\Micie456\PycharmProjects\Diplom\.venv\Lib\site-packages\django\core\serializers\json.py", line 113, in default
    return super().default(o)
           ^^^^^^^^^^^^^^^^^^
  File "C:\Users\Micie456\AppData\Local\Programs\Python\Python312\Lib\json\encoder.py", line 180, in default
    raise TypeError(f'Object of type {o.__class__.__name__} '
TypeError: Object of type Recipes is not JSON serializable
[2026-04-11 14:44:02,837] ERROR django.server: "POST /api/meal-plan/generate/ HTTP/1.1" 500 127217
[2026-04-11 14:44:04,392] ERROR django.request: Internal Server Error: /api/meal-plan/generate/
Traceback (most recent call last):
  File "C:\Users\Micie456\PycharmProjects\Diplom\.venv\Lib\site-packages\django\core\handlers\exception.py", line 55, in inner
    response = get_response(request)
               ^^^^^^^^^^^^^^^^^^^^^
  File "C:\Users\Micie456\PycharmProjects\Diplom\.venv\Lib\site-packages\django\core\handlers\base.py", line 198, in _get_response
    response = wrapped_callback(request, *callback_args, **callback_kwargs)
               ^^^^^^^^^^^^^^^^^^^^^^^^^^^^^^^^^^^^^^^^^^^^^^^^^^^^^^^^^^^^
  File "C:\Users\Micie456\PycharmProjects\Diplom\.venv\Lib\site-packages\django\views\decorators\http.py", line 64, in inner
    return func(request, *args, **kwargs)
           ^^^^^^^^^^^^^^^^^^^^^^^^^^^^^^
  File "C:\Users\Micie456\PycharmProjects\Diplom\.venv\Lib\site-packages\django\contrib\auth\decorators.py", line 59, in _view_wrapper
    return view_func(request, *args, **kwargs)
           ^^^^^^^^^^^^^^^^^^^^^^^^^^^^^^^^^^^
  File "C:\Users\Micie456\PycharmProjects\Diplom\diplom\mainapp\views.py", line 266, in generate_meal_plan
    'target_calories': target_calories,
       ^^^^^^^^^^^^^^^^^^^^^^^^^^^^^^^^
  File "C:\Users\Micie456\PycharmProjects\Diplom\.venv\Lib\site-packages\django\http\response.py", line 761, in __init__
    data = json.dumps(data, cls=encoder, **json_dumps_params)
           ^^^^^^^^^^^^^^^^^^^^^^^^^^^^^^^^^^^^^^^^^^^^^^^^^^
  File "C:\Users\Micie456\AppData\Local\Programs\Python\Python312\Lib\json\__init__.py", line 238, in dumps
    **kw).encode(obj)
          ^^^^^^^^^^^
  File "C:\Users\Micie456\AppData\Local\Programs\Python\Python312\Lib\json\encoder.py", line 200, in encode
    chunks = self.iterencode(o, _one_shot=True)
             ^^^^^^^^^^^^^^^^^^^^^^^^^^^^^^^^^^
  File "C:\Users\Micie456\AppData\Local\Programs\Python\Python312\Lib\json\encoder.py", line 258, in iterencode
    return _iterencode(o, 0)
           ^^^^^^^^^^^^^^^^^
  File "C:\Users\Micie456\PycharmProjects\Diplom\.venv\Lib\site-packages\django\core\serializers\json.py", line 113, in default
    return super().default(o)
           ^^^^^^^^^^^^^^^^^^
  File "C:\Users\Micie456\AppData\Local\Programs\Python\Python312\Lib\json\encoder.py", line 180, in default
    raise TypeError(f'Object of type {o.__class__.__name__} '
TypeError: Object of type Recipes is not JSON serializable
[2026-04-11 14:44:04,393] ERROR django.server: "POST /api/meal-plan/generate/ HTTP/1.1" 500 126291
[2026-04-11 14:44:04,942] ERROR django.request: Internal Server Error: /api/meal-plan/generate/
Traceback (most recent call last):
  File "C:\Users\Micie456\PycharmProjects\Diplom\.venv\Lib\site-packages\django\core\handlers\exception.py", line 55, in inner
    response = get_response(request)
               ^^^^^^^^^^^^^^^^^^^^^
  File "C:\Users\Micie456\PycharmProjects\Diplom\.venv\Lib\site-packages\django\core\handlers\base.py", line 198, in _get_response
    response = wrapped_callback(request, *callback_args, **callback_kwargs)
               ^^^^^^^^^^^^^^^^^^^^^^^^^^^^^^^^^^^^^^^^^^^^^^^^^^^^^^^^^^^^
  File "C:\Users\Micie456\PycharmProjects\Diplom\.venv\Lib\site-packages\django\views\decorators\http.py", line 64, in inner
    return func(request, *args, **kwargs)
           ^^^^^^^^^^^^^^^^^^^^^^^^^^^^^^
  File "C:\Users\Micie456\PycharmProjects\Diplom\.venv\Lib\site-packages\django\contrib\auth\decorators.py", line 59, in _view_wrapper
    return view_func(request, *args, **kwargs)
           ^^^^^^^^^^^^^^^^^^^^^^^^^^^^^^^^^^^
  File "C:\Users\Micie456\PycharmProjects\Diplom\diplom\mainapp\views.py", line 266, in generate_meal_plan
    'target_calories': target_calories,
       ^^^^^^^^^^^^^^^^^^^^^^^^^^^^^^^^
  File "C:\Users\Micie456\PycharmProjects\Diplom\.venv\Lib\site-packages\django\http\response.py", line 761, in __init__
    data = json.dumps(data, cls=encoder, **json_dumps_params)
           ^^^^^^^^^^^^^^^^^^^^^^^^^^^^^^^^^^^^^^^^^^^^^^^^^^
  File "C:\Users\Micie456\AppData\Local\Programs\Python\Python312\Lib\json\__init__.py", line 238, in dumps
    **kw).encode(obj)
          ^^^^^^^^^^^
  File "C:\Users\Micie456\AppData\Local\Programs\Python\Python312\Lib\json\encoder.py", line 200, in encode
    chunks = self.iterencode(o, _one_shot=True)
             ^^^^^^^^^^^^^^^^^^^^^^^^^^^^^^^^^^
  File "C:\Users\Micie456\AppData\Local\Programs\Python\Python312\Lib\json\encoder.py", line 258, in iterencode
    return _iterencode(o, 0)
           ^^^^^^^^^^^^^^^^^
  File "C:\Users\Micie456\PycharmProjects\Diplom\.venv\Lib\site-packages\django\core\serializers\json.py", line 113, in default
    return super().default(o)
           ^^^^^^^^^^^^^^^^^^
  File "C:\Users\Micie456\AppData\Local\Programs\Python\Python312\Lib\json\encoder.py", line 180, in default
    raise TypeError(f'Object of type {o.__class__.__name__} '
TypeError: Object of type Recipes is not JSON serializable
[2026-04-11 14:44:04,943] ERROR django.server: "POST /api/meal-plan/generate/ HTTP/1.1" 500 127144
[2026-04-11 14:44:05,341] ERROR django.request: Internal Server Error: /api/meal-plan/generate/
Traceback (most recent call last):
  File "C:\Users\Micie456\PycharmProjects\Diplom\.venv\Lib\site-packages\django\core\handlers\exception.py", line 55, in inner
    response = get_response(request)
               ^^^^^^^^^^^^^^^^^^^^^
  File "C:\Users\Micie456\PycharmProjects\Diplom\.venv\Lib\site-packages\django\core\handlers\base.py", line 198, in _get_response
    response = wrapped_callback(request, *callback_args, **callback_kwargs)
               ^^^^^^^^^^^^^^^^^^^^^^^^^^^^^^^^^^^^^^^^^^^^^^^^^^^^^^^^^^^^
  File "C:\Users\Micie456\PycharmProjects\Diplom\.venv\Lib\site-packages\django\views\decorators\http.py", line 64, in inner
    return func(request, *args, **kwargs)
           ^^^^^^^^^^^^^^^^^^^^^^^^^^^^^^
  File "C:\Users\Micie456\PycharmProjects\Diplom\.venv\Lib\site-packages\django\contrib\auth\decorators.py", line 59, in _view_wrapper
    return view_func(request, *args, **kwargs)
           ^^^^^^^^^^^^^^^^^^^^^^^^^^^^^^^^^^^
  File "C:\Users\Micie456\PycharmProjects\Diplom\diplom\mainapp\views.py", line 266, in generate_meal_plan
    'target_calories': target_calories,
       ^^^^^^^^^^^^^^^^^^^^^^^^^^^^^^^^
  File "C:\Users\Micie456\PycharmProjects\Diplom\.venv\Lib\site-packages\django\http\response.py", line 761, in __init__
    data = json.dumps(data, cls=encoder, **json_dumps_params)
           ^^^^^^^^^^^^^^^^^^^^^^^^^^^^^^^^^^^^^^^^^^^^^^^^^^
  File "C:\Users\Micie456\AppData\Local\Programs\Python\Python312\Lib\json\__init__.py", line 238, in dumps
    **kw).encode(obj)
          ^^^^^^^^^^^
  File "C:\Users\Micie456\AppData\Local\Programs\Python\Python312\Lib\json\encoder.py", line 200, in encode
    chunks = self.iterencode(o, _one_shot=True)
             ^^^^^^^^^^^^^^^^^^^^^^^^^^^^^^^^^^
  File "C:\Users\Micie456\AppData\Local\Programs\Python\Python312\Lib\json\encoder.py", line 258, in iterencode
    return _iterencode(o, 0)
           ^^^^^^^^^^^^^^^^^
  File "C:\Users\Micie456\PycharmProjects\Diplom\.venv\Lib\site-packages\django\core\serializers\json.py", line 113, in default
    return super().default(o)
           ^^^^^^^^^^^^^^^^^^
  File "C:\Users\Micie456\AppData\Local\Programs\Python\Python312\Lib\json\encoder.py", line 180, in default
    raise TypeError(f'Object of type {o.__class__.__name__} '
TypeError: Object of type Recipes is not JSON serializable
[2026-04-11 14:44:05,343] ERROR django.server: "POST /api/meal-plan/generate/ HTTP/1.1" 500 127896
[2026-04-11 14:44:05,560] ERROR django.request: Internal Server Error: /api/meal-plan/generate/
Traceback (most recent call last):
  File "C:\Users\Micie456\PycharmProjects\Diplom\.venv\Lib\site-packages\django\core\handlers\exception.py", line 55, in inner
    response = get_response(request)
               ^^^^^^^^^^^^^^^^^^^^^
  File "C:\Users\Micie456\PycharmProjects\Diplom\.venv\Lib\site-packages\django\core\handlers\base.py", line 198, in _get_response
    response = wrapped_callback(request, *callback_args, **callback_kwargs)
               ^^^^^^^^^^^^^^^^^^^^^^^^^^^^^^^^^^^^^^^^^^^^^^^^^^^^^^^^^^^^
  File "C:\Users\Micie456\PycharmProjects\Diplom\.venv\Lib\site-packages\django\views\decorators\http.py", line 64, in inner
    return func(request, *args, **kwargs)
           ^^^^^^^^^^^^^^^^^^^^^^^^^^^^^^
  File "C:\Users\Micie456\PycharmProjects\Diplom\.venv\Lib\site-packages\django\contrib\auth\decorators.py", line 59, in _view_wrapper
    return view_func(request, *args, **kwargs)
           ^^^^^^^^^^^^^^^^^^^^^^^^^^^^^^^^^^^
  File "C:\Users\Micie456\PycharmProjects\Diplom\diplom\mainapp\views.py", line 266, in generate_meal_plan
    'target_calories': target_calories,
       ^^^^^^^^^^^^^^^^^^^^^^^^^^^^^^^^
  File "C:\Users\Micie456\PycharmProjects\Diplom\.venv\Lib\site-packages\django\http\response.py", line 761, in __init__
    data = json.dumps(data, cls=encoder, **json_dumps_params)
           ^^^^^^^^^^^^^^^^^^^^^^^^^^^^^^^^^^^^^^^^^^^^^^^^^^
  File "C:\Users\Micie456\AppData\Local\Programs\Python\Python312\Lib\json\__init__.py", line 238, in dumps
    **kw).encode(obj)
          ^^^^^^^^^^^
  File "C:\Users\Micie456\AppData\Local\Programs\Python\Python312\Lib\json\encoder.py", line 200, in encode
    chunks = self.iterencode(o, _one_shot=True)
             ^^^^^^^^^^^^^^^^^^^^^^^^^^^^^^^^^^
  File "C:\Users\Micie456\AppData\Local\Programs\Python\Python312\Lib\json\encoder.py", line 258, in iterencode
    return _iterencode(o, 0)
           ^^^^^^^^^^^^^^^^^
  File "C:\Users\Micie456\PycharmProjects\Diplom\.venv\Lib\site-packages\django\core\serializers\json.py", line 113, in default
    return super().default(o)
           ^^^^^^^^^^^^^^^^^^
  File "C:\Users\Micie456\AppData\Local\Programs\Python\Python312\Lib\json\encoder.py", line 180, in default
    raise TypeError(f'Object of type {o.__class__.__name__} '
TypeError: Object of type Recipes is not JSON serializable
[2026-04-11 14:44:05,561] ERROR django.server: "POST /api/meal-plan/generate/ HTTP/1.1" 500 127017
[2026-04-11 14:44:05,873] ERROR django.request: Internal Server Error: /api/meal-plan/generate/
Traceback (most recent call last):
  File "C:\Users\Micie456\PycharmProjects\Diplom\.venv\Lib\site-packages\django\core\handlers\exception.py", line 55, in inner
    response = get_response(request)
               ^^^^^^^^^^^^^^^^^^^^^
  File "C:\Users\Micie456\PycharmProjects\Diplom\.venv\Lib\site-packages\django\core\handlers\base.py", line 198, in _get_response
    response = wrapped_callback(request, *callback_args, **callback_kwargs)
               ^^^^^^^^^^^^^^^^^^^^^^^^^^^^^^^^^^^^^^^^^^^^^^^^^^^^^^^^^^^^
  File "C:\Users\Micie456\PycharmProjects\Diplom\.venv\Lib\site-packages\django\views\decorators\http.py", line 64, in inner
    return func(request, *args, **kwargs)
           ^^^^^^^^^^^^^^^^^^^^^^^^^^^^^^
  File "C:\Users\Micie456\PycharmProjects\Diplom\.venv\Lib\site-packages\django\contrib\auth\decorators.py", line 59, in _view_wrapper
    return view_func(request, *args, **kwargs)
           ^^^^^^^^^^^^^^^^^^^^^^^^^^^^^^^^^^^
  File "C:\Users\Micie456\PycharmProjects\Diplom\diplom\mainapp\views.py", line 266, in generate_meal_plan
    'target_calories': target_calories,
       ^^^^^^^^^^^^^^^^^^^^^^^^^^^^^^^^
  File "C:\Users\Micie456\PycharmProjects\Diplom\.venv\Lib\site-packages\django\http\response.py", line 761, in __init__
    data = json.dumps(data, cls=encoder, **json_dumps_params)
           ^^^^^^^^^^^^^^^^^^^^^^^^^^^^^^^^^^^^^^^^^^^^^^^^^^
  File "C:\Users\Micie456\AppData\Local\Programs\Python\Python312\Lib\json\__init__.py", line 238, in dumps
    **kw).encode(obj)
          ^^^^^^^^^^^
  File "C:\Users\Micie456\AppData\Local\Programs\Python\Python312\Lib\json\encoder.py", line 200, in encode
    chunks = self.iterencode(o, _one_shot=True)
             ^^^^^^^^^^^^^^^^^^^^^^^^^^^^^^^^^^
  File "C:\Users\Micie456\AppData\Local\Programs\Python\Python312\Lib\json\encoder.py", line 258, in iterencode
    return _iterencode(o, 0)
           ^^^^^^^^^^^^^^^^^
  File "C:\Users\Micie456\PycharmProjects\Diplom\.venv\Lib\site-packages\django\core\serializers\json.py", line 113, in default
    return super().default(o)
           ^^^^^^^^^^^^^^^^^^
  File "C:\Users\Micie456\AppData\Local\Programs\Python\Python312\Lib\json\encoder.py", line 180, in default
    raise TypeError(f'Object of type {o.__class__.__name__} '
TypeError: Object of type Recipes is not JSON serializable
[2026-04-11 14:44:05,874] ERROR django.server: "POST /api/meal-plan/generate/ HTTP/1.1" 500 127091
[2026-04-11 14:44:06,024] ERROR django.request: Internal Server Error: /api/meal-plan/generate/
Traceback (most recent call last):
  File "C:\Users\Micie456\PycharmProjects\Diplom\.venv\Lib\site-packages\django\core\handlers\exception.py", line 55, in inner
    response = get_response(request)
               ^^^^^^^^^^^^^^^^^^^^^
  File "C:\Users\Micie456\PycharmProjects\Diplom\.venv\Lib\site-packages\django\core\handlers\base.py", line 198, in _get_response
    response = wrapped_callback(request, *callback_args, **callback_kwargs)
               ^^^^^^^^^^^^^^^^^^^^^^^^^^^^^^^^^^^^^^^^^^^^^^^^^^^^^^^^^^^^
  File "C:\Users\Micie456\PycharmProjects\Diplom\.venv\Lib\site-packages\django\views\decorators\http.py", line 64, in inner
    return func(request, *args, **kwargs)
           ^^^^^^^^^^^^^^^^^^^^^^^^^^^^^^
  File "C:\Users\Micie456\PycharmProjects\Diplom\.venv\Lib\site-packages\django\contrib\auth\decorators.py", line 59, in _view_wrapper
    return view_func(request, *args, **kwargs)
           ^^^^^^^^^^^^^^^^^^^^^^^^^^^^^^^^^^^
  File "C:\Users\Micie456\PycharmProjects\Diplom\diplom\mainapp\views.py", line 266, in generate_meal_plan
    'target_calories': target_calories,
       ^^^^^^^^^^^^^^^^^^^^^^^^^^^^^^^^
  File "C:\Users\Micie456\PycharmProjects\Diplom\.venv\Lib\site-packages\django\http\response.py", line 761, in __init__
    data = json.dumps(data, cls=encoder, **json_dumps_params)
           ^^^^^^^^^^^^^^^^^^^^^^^^^^^^^^^^^^^^^^^^^^^^^^^^^^
  File "C:\Users\Micie456\AppData\Local\Programs\Python\Python312\Lib\json\__init__.py", line 238, in dumps
    **kw).encode(obj)
          ^^^^^^^^^^^
  File "C:\Users\Micie456\AppData\Local\Programs\Python\Python312\Lib\json\encoder.py", line 200, in encode
    chunks = self.iterencode(o, _one_shot=True)
             ^^^^^^^^^^^^^^^^^^^^^^^^^^^^^^^^^^
  File "C:\Users\Micie456\AppData\Local\Programs\Python\Python312\Lib\json\encoder.py", line 258, in iterencode
    return _iterencode(o, 0)
           ^^^^^^^^^^^^^^^^^
  File "C:\Users\Micie456\PycharmProjects\Diplom\.venv\Lib\site-packages\django\core\serializers\json.py", line 113, in default
    return super().default(o)
           ^^^^^^^^^^^^^^^^^^
  File "C:\Users\Micie456\AppData\Local\Programs\Python\Python312\Lib\json\encoder.py", line 180, in default
    raise TypeError(f'Object of type {o.__class__.__name__} '
TypeError: Object of type Recipes is not JSON serializable
[2026-04-11 14:44:06,025] ERROR django.server: "POST /api/meal-plan/generate/ HTTP/1.1" 500 127751
[2026-04-11 14:44:06,960] ERROR django.request: Internal Server Error: /api/meal-plan/generate/
Traceback (most recent call last):
  File "C:\Users\Micie456\PycharmProjects\Diplom\.venv\Lib\site-packages\django\core\handlers\exception.py", line 55, in inner
    response = get_response(request)
               ^^^^^^^^^^^^^^^^^^^^^
  File "C:\Users\Micie456\PycharmProjects\Diplom\.venv\Lib\site-packages\django\core\handlers\base.py", line 198, in _get_response
    response = wrapped_callback(request, *callback_args, **callback_kwargs)
               ^^^^^^^^^^^^^^^^^^^^^^^^^^^^^^^^^^^^^^^^^^^^^^^^^^^^^^^^^^^^
  File "C:\Users\Micie456\PycharmProjects\Diplom\.venv\Lib\site-packages\django\views\decorators\http.py", line 64, in inner
    return func(request, *args, **kwargs)
           ^^^^^^^^^^^^^^^^^^^^^^^^^^^^^^
  File "C:\Users\Micie456\PycharmProjects\Diplom\.venv\Lib\site-packages\django\contrib\auth\decorators.py", line 59, in _view_wrapper
    return view_func(request, *args, **kwargs)
           ^^^^^^^^^^^^^^^^^^^^^^^^^^^^^^^^^^^
  File "C:\Users\Micie456\PycharmProjects\Diplom\diplom\mainapp\views.py", line 266, in generate_meal_plan
    'target_calories': target_calories,
       ^^^^^^^^^^^^^^^^^^^^^^^^^^^^^^^^
  File "C:\Users\Micie456\PycharmProjects\Diplom\.venv\Lib\site-packages\django\http\response.py", line 761, in __init__
    data = json.dumps(data, cls=encoder, **json_dumps_params)
           ^^^^^^^^^^^^^^^^^^^^^^^^^^^^^^^^^^^^^^^^^^^^^^^^^^
  File "C:\Users\Micie456\AppData\Local\Programs\Python\Python312\Lib\json\__init__.py", line 238, in dumps
    **kw).encode(obj)
          ^^^^^^^^^^^
  File "C:\Users\Micie456\AppData\Local\Programs\Python\Python312\Lib\json\encoder.py", line 200, in encode
    chunks = self.iterencode(o, _one_shot=True)
             ^^^^^^^^^^^^^^^^^^^^^^^^^^^^^^^^^^
  File "C:\Users\Micie456\AppData\Local\Programs\Python\Python312\Lib\json\encoder.py", line 258, in iterencode
    return _iterencode(o, 0)
           ^^^^^^^^^^^^^^^^^
  File "C:\Users\Micie456\PycharmProjects\Diplom\.venv\Lib\site-packages\django\core\serializers\json.py", line 113, in default
    return super().default(o)
           ^^^^^^^^^^^^^^^^^^
  File "C:\Users\Micie456\AppData\Local\Programs\Python\Python312\Lib\json\encoder.py", line 180, in default
    raise TypeError(f'Object of type {o.__class__.__name__} '
TypeError: Object of type Recipes is not JSON serializable
[2026-04-11 14:44:06,961] ERROR django.server: "POST /api/meal-plan/generate/ HTTP/1.1" 500 126995
[2026-04-11 14:44:07,480] ERROR django.request: Internal Server Error: /api/meal-plan/generate/
Traceback (most recent call last):
  File "C:\Users\Micie456\PycharmProjects\Diplom\.venv\Lib\site-packages\django\core\handlers\exception.py", line 55, in inner
    response = get_response(request)
               ^^^^^^^^^^^^^^^^^^^^^
  File "C:\Users\Micie456\PycharmProjects\Diplom\.venv\Lib\site-packages\django\core\handlers\base.py", line 198, in _get_response
    response = wrapped_callback(request, *callback_args, **callback_kwargs)
               ^^^^^^^^^^^^^^^^^^^^^^^^^^^^^^^^^^^^^^^^^^^^^^^^^^^^^^^^^^^^
  File "C:\Users\Micie456\PycharmProjects\Diplom\.venv\Lib\site-packages\django\views\decorators\http.py", line 64, in inner
    return func(request, *args, **kwargs)
           ^^^^^^^^^^^^^^^^^^^^^^^^^^^^^^
  File "C:\Users\Micie456\PycharmProjects\Diplom\.venv\Lib\site-packages\django\contrib\auth\decorators.py", line 59, in _view_wrapper
    return view_func(request, *args, **kwargs)
           ^^^^^^^^^^^^^^^^^^^^^^^^^^^^^^^^^^^
  File "C:\Users\Micie456\PycharmProjects\Diplom\diplom\mainapp\views.py", line 266, in generate_meal_plan
    'target_calories': target_calories,
       ^^^^^^^^^^^^^^^^^^^^^^^^^^^^^^^^
  File "C:\Users\Micie456\PycharmProjects\Diplom\.venv\Lib\site-packages\django\http\response.py", line 761, in __init__
    data = json.dumps(data, cls=encoder, **json_dumps_params)
           ^^^^^^^^^^^^^^^^^^^^^^^^^^^^^^^^^^^^^^^^^^^^^^^^^^
  File "C:\Users\Micie456\AppData\Local\Programs\Python\Python312\Lib\json\__init__.py", line 238, in dumps
    **kw).encode(obj)
          ^^^^^^^^^^^
  File "C:\Users\Micie456\AppData\Local\Programs\Python\Python312\Lib\json\encoder.py", line 200, in encode
    chunks = self.iterencode(o, _one_shot=True)
             ^^^^^^^^^^^^^^^^^^^^^^^^^^^^^^^^^^
  File "C:\Users\Micie456\AppData\Local\Programs\Python\Python312\Lib\json\encoder.py", line 258, in iterencode
    return _iterencode(o, 0)
           ^^^^^^^^^^^^^^^^^
  File "C:\Users\Micie456\PycharmProjects\Diplom\.venv\Lib\site-packages\django\core\serializers\json.py", line 113, in default
    return super().default(o)
           ^^^^^^^^^^^^^^^^^^
  File "C:\Users\Micie456\AppData\Local\Programs\Python\Python312\Lib\json\encoder.py", line 180, in default
    raise TypeError(f'Object of type {o.__class__.__name__} '
TypeError: Object of type Recipes is not JSON serializable
[2026-04-11 14:44:07,481] ERROR django.server: "POST /api/meal-plan/generate/ HTTP/1.1" 500 127843
[2026-04-11 14:44:08,104] ERROR django.request: Internal Server Error: /api/meal-plan/generate/
Traceback (most recent call last):
  File "C:\Users\Micie456\PycharmProjects\Diplom\.venv\Lib\site-packages\django\core\handlers\exception.py", line 55, in inner
    response = get_response(request)
               ^^^^^^^^^^^^^^^^^^^^^
  File "C:\Users\Micie456\PycharmProjects\Diplom\.venv\Lib\site-packages\django\core\handlers\base.py", line 198, in _get_response
    response = wrapped_callback(request, *callback_args, **callback_kwargs)
               ^^^^^^^^^^^^^^^^^^^^^^^^^^^^^^^^^^^^^^^^^^^^^^^^^^^^^^^^^^^^
  File "C:\Users\Micie456\PycharmProjects\Diplom\.venv\Lib\site-packages\django\views\decorators\http.py", line 64, in inner
    return func(request, *args, **kwargs)
           ^^^^^^^^^^^^^^^^^^^^^^^^^^^^^^
  File "C:\Users\Micie456\PycharmProjects\Diplom\.venv\Lib\site-packages\django\contrib\auth\decorators.py", line 59, in _view_wrapper
    return view_func(request, *args, **kwargs)
           ^^^^^^^^^^^^^^^^^^^^^^^^^^^^^^^^^^^
  File "C:\Users\Micie456\PycharmProjects\Diplom\diplom\mainapp\views.py", line 266, in generate_meal_plan
    'target_calories': target_calories,
       ^^^^^^^^^^^^^^^^^^^^^^^^^^^^^^^^
  File "C:\Users\Micie456\PycharmProjects\Diplom\.venv\Lib\site-packages\django\http\response.py", line 761, in __init__
    data = json.dumps(data, cls=encoder, **json_dumps_params)
           ^^^^^^^^^^^^^^^^^^^^^^^^^^^^^^^^^^^^^^^^^^^^^^^^^^
  File "C:\Users\Micie456\AppData\Local\Programs\Python\Python312\Lib\json\__init__.py", line 238, in dumps
    **kw).encode(obj)
          ^^^^^^^^^^^
  File "C:\Users\Micie456\AppData\Local\Programs\Python\Python312\Lib\json\encoder.py", line 200, in encode
    chunks = self.iterencode(o, _one_shot=True)
             ^^^^^^^^^^^^^^^^^^^^^^^^^^^^^^^^^^
  File "C:\Users\Micie456\AppData\Local\Programs\Python\Python312\Lib\json\encoder.py", line 258, in iterencode
    return _iterencode(o, 0)
           ^^^^^^^^^^^^^^^^^
  File "C:\Users\Micie456\PycharmProjects\Diplom\.venv\Lib\site-packages\django\core\serializers\json.py", line 113, in default
    return super().default(o)
           ^^^^^^^^^^^^^^^^^^
  File "C:\Users\Micie456\AppData\Local\Programs\Python\Python312\Lib\json\encoder.py", line 180, in default
    raise TypeError(f'Object of type {o.__class__.__name__} '
TypeError: Object of type Recipes is not JSON serializable
[2026-04-11 14:44:08,105] ERROR django.server: "POST /api/meal-plan/generate/ HTTP/1.1" 500 127063
[2026-04-11 14:44:08,835] ERROR django.request: Internal Server Error: /api/meal-plan/generate/
Traceback (most recent call last):
  File "C:\Users\Micie456\PycharmProjects\Diplom\.venv\Lib\site-packages\django\core\handlers\exception.py", line 55, in inner
    response = get_response(request)
               ^^^^^^^^^^^^^^^^^^^^^
  File "C:\Users\Micie456\PycharmProjects\Diplom\.venv\Lib\site-packages\django\core\handlers\base.py", line 198, in _get_response
    response = wrapped_callback(request, *callback_args, **callback_kwargs)
               ^^^^^^^^^^^^^^^^^^^^^^^^^^^^^^^^^^^^^^^^^^^^^^^^^^^^^^^^^^^^
  File "C:\Users\Micie456\PycharmProjects\Diplom\.venv\Lib\site-packages\django\views\decorators\http.py", line 64, in inner
    return func(request, *args, **kwargs)
           ^^^^^^^^^^^^^^^^^^^^^^^^^^^^^^
  File "C:\Users\Micie456\PycharmProjects\Diplom\.venv\Lib\site-packages\django\contrib\auth\decorators.py", line 59, in _view_wrapper
    return view_func(request, *args, **kwargs)
           ^^^^^^^^^^^^^^^^^^^^^^^^^^^^^^^^^^^
  File "C:\Users\Micie456\PycharmProjects\Diplom\diplom\mainapp\views.py", line 266, in generate_meal_plan
    'target_calories': target_calories,
       ^^^^^^^^^^^^^^^^^^^^^^^^^^^^^^^^
  File "C:\Users\Micie456\PycharmProjects\Diplom\.venv\Lib\site-packages\django\http\response.py", line 761, in __init__
    data = json.dumps(data, cls=encoder, **json_dumps_params)
           ^^^^^^^^^^^^^^^^^^^^^^^^^^^^^^^^^^^^^^^^^^^^^^^^^^
  File "C:\Users\Micie456\AppData\Local\Programs\Python\Python312\Lib\json\__init__.py", line 238, in dumps
    **kw).encode(obj)
          ^^^^^^^^^^^
  File "C:\Users\Micie456\AppData\Local\Programs\Python\Python312\Lib\json\encoder.py", line 200, in encode
    chunks = self.iterencode(o, _one_shot=True)
             ^^^^^^^^^^^^^^^^^^^^^^^^^^^^^^^^^^
  File "C:\Users\Micie456\AppData\Local\Programs\Python\Python312\Lib\json\encoder.py", line 258, in iterencode
    return _iterencode(o, 0)
           ^^^^^^^^^^^^^^^^^
  File "C:\Users\Micie456\PycharmProjects\Diplom\.venv\Lib\site-packages\django\core\serializers\json.py", line 113, in default
    return super().default(o)
           ^^^^^^^^^^^^^^^^^^
  File "C:\Users\Micie456\AppData\Local\Programs\Python\Python312\Lib\json\encoder.py", line 180, in default
    raise TypeError(f'Object of type {o.__class__.__name__} '
TypeError: Object of type Recipes is not JSON serializable
[2026-04-11 14:44:08,836] ERROR django.server: "POST /api/meal-plan/generate/ HTTP/1.1" 500 124940
[2026-04-11 14:44:09,342] ERROR django.request: Internal Server Error: /api/meal-plan/generate/
Traceback (most recent call last):
  File "C:\Users\Micie456\PycharmProjects\Diplom\.venv\Lib\site-packages\django\core\handlers\exception.py", line 55, in inner
    response = get_response(request)
               ^^^^^^^^^^^^^^^^^^^^^
  File "C:\Users\Micie456\PycharmProjects\Diplom\.venv\Lib\site-packages\django\core\handlers\base.py", line 198, in _get_response
    response = wrapped_callback(request, *callback_args, **callback_kwargs)
               ^^^^^^^^^^^^^^^^^^^^^^^^^^^^^^^^^^^^^^^^^^^^^^^^^^^^^^^^^^^^
  File "C:\Users\Micie456\PycharmProjects\Diplom\.venv\Lib\site-packages\django\views\decorators\http.py", line 64, in inner
    return func(request, *args, **kwargs)
           ^^^^^^^^^^^^^^^^^^^^^^^^^^^^^^
  File "C:\Users\Micie456\PycharmProjects\Diplom\.venv\Lib\site-packages\django\contrib\auth\decorators.py", line 59, in _view_wrapper
    return view_func(request, *args, **kwargs)
           ^^^^^^^^^^^^^^^^^^^^^^^^^^^^^^^^^^^
  File "C:\Users\Micie456\PycharmProjects\Diplom\diplom\mainapp\views.py", line 266, in generate_meal_plan
    'target_calories': target_calories,
       ^^^^^^^^^^^^^^^^^^^^^^^^^^^^^^^^
  File "C:\Users\Micie456\PycharmProjects\Diplom\.venv\Lib\site-packages\django\http\response.py", line 761, in __init__
    data = json.dumps(data, cls=encoder, **json_dumps_params)
           ^^^^^^^^^^^^^^^^^^^^^^^^^^^^^^^^^^^^^^^^^^^^^^^^^^
  File "C:\Users\Micie456\AppData\Local\Programs\Python\Python312\Lib\json\__init__.py", line 238, in dumps
    **kw).encode(obj)
          ^^^^^^^^^^^
  File "C:\Users\Micie456\AppData\Local\Programs\Python\Python312\Lib\json\encoder.py", line 200, in encode
    chunks = self.iterencode(o, _one_shot=True)
             ^^^^^^^^^^^^^^^^^^^^^^^^^^^^^^^^^^
  File "C:\Users\Micie456\AppData\Local\Programs\Python\Python312\Lib\json\encoder.py", line 258, in iterencode
    return _iterencode(o, 0)
           ^^^^^^^^^^^^^^^^^
  File "C:\Users\Micie456\PycharmProjects\Diplom\.venv\Lib\site-packages\django\core\serializers\json.py", line 113, in default
    return super().default(o)
           ^^^^^^^^^^^^^^^^^^
  File "C:\Users\Micie456\AppData\Local\Programs\Python\Python312\Lib\json\encoder.py", line 180, in default
    raise TypeError(f'Object of type {o.__class__.__name__} '
TypeError: Object of type Recipes is not JSON serializable
[2026-04-11 14:44:09,343] ERROR django.server: "POST /api/meal-plan/generate/ HTTP/1.1" 500 127792
[2026-04-11 14:44:12,820] ERROR django.request: Internal Server Error: /api/meal-plan/generate/
Traceback (most recent call last):
  File "C:\Users\Micie456\PycharmProjects\Diplom\.venv\Lib\site-packages\django\core\handlers\exception.py", line 55, in inner
    response = get_response(request)
               ^^^^^^^^^^^^^^^^^^^^^
  File "C:\Users\Micie456\PycharmProjects\Diplom\.venv\Lib\site-packages\django\core\handlers\base.py", line 198, in _get_response
    response = wrapped_callback(request, *callback_args, **callback_kwargs)
               ^^^^^^^^^^^^^^^^^^^^^^^^^^^^^^^^^^^^^^^^^^^^^^^^^^^^^^^^^^^^
  File "C:\Users\Micie456\PycharmProjects\Diplom\.venv\Lib\site-packages\django\views\decorators\http.py", line 64, in inner
    return func(request, *args, **kwargs)
           ^^^^^^^^^^^^^^^^^^^^^^^^^^^^^^
  File "C:\Users\Micie456\PycharmProjects\Diplom\.venv\Lib\site-packages\django\contrib\auth\decorators.py", line 59, in _view_wrapper
    return view_func(request, *args, **kwargs)
           ^^^^^^^^^^^^^^^^^^^^^^^^^^^^^^^^^^^
  File "C:\Users\Micie456\PycharmProjects\Diplom\diplom\mainapp\views.py", line 266, in generate_meal_plan
    'target_calories': target_calories,
       ^^^^^^^^^^^^^^^^^^^^^^^^^^^^^^^^
  File "C:\Users\Micie456\PycharmProjects\Diplom\.venv\Lib\site-packages\django\http\response.py", line 761, in __init__
    data = json.dumps(data, cls=encoder, **json_dumps_params)
           ^^^^^^^^^^^^^^^^^^^^^^^^^^^^^^^^^^^^^^^^^^^^^^^^^^
  File "C:\Users\Micie456\AppData\Local\Programs\Python\Python312\Lib\json\__init__.py", line 238, in dumps
    **kw).encode(obj)
          ^^^^^^^^^^^
  File "C:\Users\Micie456\AppData\Local\Programs\Python\Python312\Lib\json\encoder.py", line 200, in encode
    chunks = self.iterencode(o, _one_shot=True)
             ^^^^^^^^^^^^^^^^^^^^^^^^^^^^^^^^^^
  File "C:\Users\Micie456\AppData\Local\Programs\Python\Python312\Lib\json\encoder.py", line 258, in iterencode
    return _iterencode(o, 0)
           ^^^^^^^^^^^^^^^^^
  File "C:\Users\Micie456\PycharmProjects\Diplom\.venv\Lib\site-packages\django\core\serializers\json.py", line 113, in default
    return super().default(o)
           ^^^^^^^^^^^^^^^^^^
  File "C:\Users\Micie456\AppData\Local\Programs\Python\Python312\Lib\json\encoder.py", line 180, in default
    raise TypeError(f'Object of type {o.__class__.__name__} '
TypeError: Object of type Recipes is not JSON serializable
[2026-04-11 14:44:12,821] ERROR django.server: "POST /api/meal-plan/generate/ HTTP/1.1" 500 127189
[2026-04-11 14:44:16,828] ERROR django.request: Internal Server Error: /api/meal-plan/generate/
Traceback (most recent call last):
  File "C:\Users\Micie456\PycharmProjects\Diplom\.venv\Lib\site-packages\django\core\handlers\exception.py", line 55, in inner
    response = get_response(request)
               ^^^^^^^^^^^^^^^^^^^^^
  File "C:\Users\Micie456\PycharmProjects\Diplom\.venv\Lib\site-packages\django\core\handlers\base.py", line 198, in _get_response
    response = wrapped_callback(request, *callback_args, **callback_kwargs)
               ^^^^^^^^^^^^^^^^^^^^^^^^^^^^^^^^^^^^^^^^^^^^^^^^^^^^^^^^^^^^
  File "C:\Users\Micie456\PycharmProjects\Diplom\.venv\Lib\site-packages\django\views\decorators\http.py", line 64, in inner
    return func(request, *args, **kwargs)
           ^^^^^^^^^^^^^^^^^^^^^^^^^^^^^^
  File "C:\Users\Micie456\PycharmProjects\Diplom\.venv\Lib\site-packages\django\contrib\auth\decorators.py", line 59, in _view_wrapper
    return view_func(request, *args, **kwargs)
           ^^^^^^^^^^^^^^^^^^^^^^^^^^^^^^^^^^^
  File "C:\Users\Micie456\PycharmProjects\Diplom\diplom\mainapp\views.py", line 266, in generate_meal_plan
    'target_calories': target_calories,
       ^^^^^^^^^^^^^^^^^^^^^^^^^^^^^^^^
  File "C:\Users\Micie456\PycharmProjects\Diplom\.venv\Lib\site-packages\django\http\response.py", line 761, in __init__
    data = json.dumps(data, cls=encoder, **json_dumps_params)
           ^^^^^^^^^^^^^^^^^^^^^^^^^^^^^^^^^^^^^^^^^^^^^^^^^^
  File "C:\Users\Micie456\AppData\Local\Programs\Python\Python312\Lib\json\__init__.py", line 238, in dumps
    **kw).encode(obj)
          ^^^^^^^^^^^
  File "C:\Users\Micie456\AppData\Local\Programs\Python\Python312\Lib\json\encoder.py", line 200, in encode
    chunks = self.iterencode(o, _one_shot=True)
             ^^^^^^^^^^^^^^^^^^^^^^^^^^^^^^^^^^
  File "C:\Users\Micie456\AppData\Local\Programs\Python\Python312\Lib\json\encoder.py", line 258, in iterencode
    return _iterencode(o, 0)
           ^^^^^^^^^^^^^^^^^
  File "C:\Users\Micie456\PycharmProjects\Diplom\.venv\Lib\site-packages\django\core\serializers\json.py", line 113, in default
    return super().default(o)
           ^^^^^^^^^^^^^^^^^^
  File "C:\Users\Micie456\AppData\Local\Programs\Python\Python312\Lib\json\encoder.py", line 180, in default
    raise TypeError(f'Object of type {o.__class__.__name__} '
TypeError: Object of type Recipes is not JSON serializable
[2026-04-11 14:44:16,829] ERROR django.server: "POST /api/meal-plan/generate/ HTTP/1.1" 500 127751
[2026-04-11 14:44:17,770] ERROR django.request: Internal Server Error: /api/meal-plan/generate/
Traceback (most recent call last):
  File "C:\Users\Micie456\PycharmProjects\Diplom\.venv\Lib\site-packages\django\core\handlers\exception.py", line 55, in inner
    response = get_response(request)
               ^^^^^^^^^^^^^^^^^^^^^
  File "C:\Users\Micie456\PycharmProjects\Diplom\.venv\Lib\site-packages\django\core\handlers\base.py", line 198, in _get_response
    response = wrapped_callback(request, *callback_args, **callback_kwargs)
               ^^^^^^^^^^^^^^^^^^^^^^^^^^^^^^^^^^^^^^^^^^^^^^^^^^^^^^^^^^^^
  File "C:\Users\Micie456\PycharmProjects\Diplom\.venv\Lib\site-packages\django\views\decorators\http.py", line 64, in inner
    return func(request, *args, **kwargs)
           ^^^^^^^^^^^^^^^^^^^^^^^^^^^^^^
  File "C:\Users\Micie456\PycharmProjects\Diplom\.venv\Lib\site-packages\django\contrib\auth\decorators.py", line 59, in _view_wrapper
    return view_func(request, *args, **kwargs)
           ^^^^^^^^^^^^^^^^^^^^^^^^^^^^^^^^^^^
  File "C:\Users\Micie456\PycharmProjects\Diplom\diplom\mainapp\views.py", line 266, in generate_meal_plan
    'target_calories': target_calories,
       ^^^^^^^^^^^^^^^^^^^^^^^^^^^^^^^^
  File "C:\Users\Micie456\PycharmProjects\Diplom\.venv\Lib\site-packages\django\http\response.py", line 761, in __init__
    data = json.dumps(data, cls=encoder, **json_dumps_params)
           ^^^^^^^^^^^^^^^^^^^^^^^^^^^^^^^^^^^^^^^^^^^^^^^^^^
  File "C:\Users\Micie456\AppData\Local\Programs\Python\Python312\Lib\json\__init__.py", line 238, in dumps
    **kw).encode(obj)
          ^^^^^^^^^^^
  File "C:\Users\Micie456\AppData\Local\Programs\Python\Python312\Lib\json\encoder.py", line 200, in encode
    chunks = self.iterencode(o, _one_shot=True)
             ^^^^^^^^^^^^^^^^^^^^^^^^^^^^^^^^^^
  File "C:\Users\Micie456\AppData\Local\Programs\Python\Python312\Lib\json\encoder.py", line 258, in iterencode
    return _iterencode(o, 0)
           ^^^^^^^^^^^^^^^^^
  File "C:\Users\Micie456\PycharmProjects\Diplom\.venv\Lib\site-packages\django\core\serializers\json.py", line 113, in default
    return super().default(o)
           ^^^^^^^^^^^^^^^^^^
  File "C:\Users\Micie456\AppData\Local\Programs\Python\Python312\Lib\json\encoder.py", line 180, in default
    raise TypeError(f'Object of type {o.__class__.__name__} '
TypeError: Object of type Recipes is not JSON serializable
[2026-04-11 14:44:17,771] ERROR django.server: "POST /api/meal-plan/generate/ HTTP/1.1" 500 127061
[2026-04-11 14:44:18,368] ERROR django.request: Internal Server Error: /api/meal-plan/generate/
Traceback (most recent call last):
  File "C:\Users\Micie456\PycharmProjects\Diplom\.venv\Lib\site-packages\django\core\handlers\exception.py", line 55, in inner
    response = get_response(request)
               ^^^^^^^^^^^^^^^^^^^^^
  File "C:\Users\Micie456\PycharmProjects\Diplom\.venv\Lib\site-packages\django\core\handlers\base.py", line 198, in _get_response
    response = wrapped_callback(request, *callback_args, **callback_kwargs)
               ^^^^^^^^^^^^^^^^^^^^^^^^^^^^^^^^^^^^^^^^^^^^^^^^^^^^^^^^^^^^
  File "C:\Users\Micie456\PycharmProjects\Diplom\.venv\Lib\site-packages\django\views\decorators\http.py", line 64, in inner
    return func(request, *args, **kwargs)
           ^^^^^^^^^^^^^^^^^^^^^^^^^^^^^^
  File "C:\Users\Micie456\PycharmProjects\Diplom\.venv\Lib\site-packages\django\contrib\auth\decorators.py", line 59, in _view_wrapper
    return view_func(request, *args, **kwargs)
           ^^^^^^^^^^^^^^^^^^^^^^^^^^^^^^^^^^^
  File "C:\Users\Micie456\PycharmProjects\Diplom\diplom\mainapp\views.py", line 266, in generate_meal_plan
    'target_calories': target_calories,
       ^^^^^^^^^^^^^^^^^^^^^^^^^^^^^^^^
  File "C:\Users\Micie456\PycharmProjects\Diplom\.venv\Lib\site-packages\django\http\response.py", line 761, in __init__
    data = json.dumps(data, cls=encoder, **json_dumps_params)
           ^^^^^^^^^^^^^^^^^^^^^^^^^^^^^^^^^^^^^^^^^^^^^^^^^^
  File "C:\Users\Micie456\AppData\Local\Programs\Python\Python312\Lib\json\__init__.py", line 238, in dumps
    **kw).encode(obj)
          ^^^^^^^^^^^
  File "C:\Users\Micie456\AppData\Local\Programs\Python\Python312\Lib\json\encoder.py", line 200, in encode
    chunks = self.iterencode(o, _one_shot=True)
             ^^^^^^^^^^^^^^^^^^^^^^^^^^^^^^^^^^
  File "C:\Users\Micie456\AppData\Local\Programs\Python\Python312\Lib\json\encoder.py", line 258, in iterencode
    return _iterencode(o, 0)
           ^^^^^^^^^^^^^^^^^
  File "C:\Users\Micie456\PycharmProjects\Diplom\.venv\Lib\site-packages\django\core\serializers\json.py", line 113, in default
    return super().default(o)
           ^^^^^^^^^^^^^^^^^^
  File "C:\Users\Micie456\AppData\Local\Programs\Python\Python312\Lib\json\encoder.py", line 180, in default
    raise TypeError(f'Object of type {o.__class__.__name__} '
TypeError: Object of type Recipes is not JSON serializable
[2026-04-11 14:44:18,369] ERROR django.server: "POST /api/meal-plan/generate/ HTTP/1.1" 500 126455
[2026-04-11 14:44:18,762] ERROR django.request: Internal Server Error: /api/meal-plan/generate/
Traceback (most recent call last):
  File "C:\Users\Micie456\PycharmProjects\Diplom\.venv\Lib\site-packages\django\core\handlers\exception.py", line 55, in inner
    response = get_response(request)
               ^^^^^^^^^^^^^^^^^^^^^
  File "C:\Users\Micie456\PycharmProjects\Diplom\.venv\Lib\site-packages\django\core\handlers\base.py", line 198, in _get_response
    response = wrapped_callback(request, *callback_args, **callback_kwargs)
               ^^^^^^^^^^^^^^^^^^^^^^^^^^^^^^^^^^^^^^^^^^^^^^^^^^^^^^^^^^^^
  File "C:\Users\Micie456\PycharmProjects\Diplom\.venv\Lib\site-packages\django\views\decorators\http.py", line 64, in inner
    return func(request, *args, **kwargs)
           ^^^^^^^^^^^^^^^^^^^^^^^^^^^^^^
  File "C:\Users\Micie456\PycharmProjects\Diplom\.venv\Lib\site-packages\django\contrib\auth\decorators.py", line 59, in _view_wrapper
    return view_func(request, *args, **kwargs)
           ^^^^^^^^^^^^^^^^^^^^^^^^^^^^^^^^^^^
  File "C:\Users\Micie456\PycharmProjects\Diplom\diplom\mainapp\views.py", line 266, in generate_meal_plan
    'target_calories': target_calories,
       ^^^^^^^^^^^^^^^^^^^^^^^^^^^^^^^^
  File "C:\Users\Micie456\PycharmProjects\Diplom\.venv\Lib\site-packages\django\http\response.py", line 761, in __init__
    data = json.dumps(data, cls=encoder, **json_dumps_params)
           ^^^^^^^^^^^^^^^^^^^^^^^^^^^^^^^^^^^^^^^^^^^^^^^^^^
  File "C:\Users\Micie456\AppData\Local\Programs\Python\Python312\Lib\json\__init__.py", line 238, in dumps
    **kw).encode(obj)
          ^^^^^^^^^^^
  File "C:\Users\Micie456\AppData\Local\Programs\Python\Python312\Lib\json\encoder.py", line 200, in encode
    chunks = self.iterencode(o, _one_shot=True)
             ^^^^^^^^^^^^^^^^^^^^^^^^^^^^^^^^^^
  File "C:\Users\Micie456\AppData\Local\Programs\Python\Python312\Lib\json\encoder.py", line 258, in iterencode
    return _iterencode(o, 0)
           ^^^^^^^^^^^^^^^^^
  File "C:\Users\Micie456\PycharmProjects\Diplom\.venv\Lib\site-packages\django\core\serializers\json.py", line 113, in default
    return super().default(o)
           ^^^^^^^^^^^^^^^^^^
  File "C:\Users\Micie456\AppData\Local\Programs\Python\Python312\Lib\json\encoder.py", line 180, in default
    raise TypeError(f'Object of type {o.__class__.__name__} '
TypeError: Object of type Recipes is not JSON serializable
[2026-04-11 14:44:18,763] ERROR django.server: "POST /api/meal-plan/generate/ HTTP/1.1" 500 127109
[2026-04-11 14:44:19,051] ERROR django.request: Internal Server Error: /api/meal-plan/generate/
Traceback (most recent call last):
  File "C:\Users\Micie456\PycharmProjects\Diplom\.venv\Lib\site-packages\django\core\handlers\exception.py", line 55, in inner
    response = get_response(request)
               ^^^^^^^^^^^^^^^^^^^^^
  File "C:\Users\Micie456\PycharmProjects\Diplom\.venv\Lib\site-packages\django\core\handlers\base.py", line 198, in _get_response
    response = wrapped_callback(request, *callback_args, **callback_kwargs)
               ^^^^^^^^^^^^^^^^^^^^^^^^^^^^^^^^^^^^^^^^^^^^^^^^^^^^^^^^^^^^
  File "C:\Users\Micie456\PycharmProjects\Diplom\.venv\Lib\site-packages\django\views\decorators\http.py", line 64, in inner
    return func(request, *args, **kwargs)
           ^^^^^^^^^^^^^^^^^^^^^^^^^^^^^^
  File "C:\Users\Micie456\PycharmProjects\Diplom\.venv\Lib\site-packages\django\contrib\auth\decorators.py", line 59, in _view_wrapper
    return view_func(request, *args, **kwargs)
           ^^^^^^^^^^^^^^^^^^^^^^^^^^^^^^^^^^^
  File "C:\Users\Micie456\PycharmProjects\Diplom\diplom\mainapp\views.py", line 266, in generate_meal_plan
    'target_calories': target_calories,
       ^^^^^^^^^^^^^^^^^^^^^^^^^^^^^^^^
  File "C:\Users\Micie456\PycharmProjects\Diplom\.venv\Lib\site-packages\django\http\response.py", line 761, in __init__
    data = json.dumps(data, cls=encoder, **json_dumps_params)
           ^^^^^^^^^^^^^^^^^^^^^^^^^^^^^^^^^^^^^^^^^^^^^^^^^^
  File "C:\Users\Micie456\AppData\Local\Programs\Python\Python312\Lib\json\__init__.py", line 238, in dumps
    **kw).encode(obj)
          ^^^^^^^^^^^
  File "C:\Users\Micie456\AppData\Local\Programs\Python\Python312\Lib\json\encoder.py", line 200, in encode
    chunks = self.iterencode(o, _one_shot=True)
             ^^^^^^^^^^^^^^^^^^^^^^^^^^^^^^^^^^
  File "C:\Users\Micie456\AppData\Local\Programs\Python\Python312\Lib\json\encoder.py", line 258, in iterencode
    return _iterencode(o, 0)
           ^^^^^^^^^^^^^^^^^
  File "C:\Users\Micie456\PycharmProjects\Diplom\.venv\Lib\site-packages\django\core\serializers\json.py", line 113, in default
    return super().default(o)
           ^^^^^^^^^^^^^^^^^^
  File "C:\Users\Micie456\AppData\Local\Programs\Python\Python312\Lib\json\encoder.py", line 180, in default
    raise TypeError(f'Object of type {o.__class__.__name__} '
TypeError: Object of type Recipes is not JSON serializable
[2026-04-11 14:44:19,052] ERROR django.server: "POST /api/meal-plan/generate/ HTTP/1.1" 500 127897
[2026-04-11 14:44:19,540] ERROR django.request: Internal Server Error: /api/meal-plan/generate/
Traceback (most recent call last):
  File "C:\Users\Micie456\PycharmProjects\Diplom\.venv\Lib\site-packages\django\core\handlers\exception.py", line 55, in inner
    response = get_response(request)
               ^^^^^^^^^^^^^^^^^^^^^
  File "C:\Users\Micie456\PycharmProjects\Diplom\.venv\Lib\site-packages\django\core\handlers\base.py", line 198, in _get_response
    response = wrapped_callback(request, *callback_args, **callback_kwargs)
               ^^^^^^^^^^^^^^^^^^^^^^^^^^^^^^^^^^^^^^^^^^^^^^^^^^^^^^^^^^^^
  File "C:\Users\Micie456\PycharmProjects\Diplom\.venv\Lib\site-packages\django\views\decorators\http.py", line 64, in inner
    return func(request, *args, **kwargs)
           ^^^^^^^^^^^^^^^^^^^^^^^^^^^^^^
  File "C:\Users\Micie456\PycharmProjects\Diplom\.venv\Lib\site-packages\django\contrib\auth\decorators.py", line 59, in _view_wrapper
    return view_func(request, *args, **kwargs)
           ^^^^^^^^^^^^^^^^^^^^^^^^^^^^^^^^^^^
  File "C:\Users\Micie456\PycharmProjects\Diplom\diplom\mainapp\views.py", line 266, in generate_meal_plan
    'target_calories': target_calories,
       ^^^^^^^^^^^^^^^^^^^^^^^^^^^^^^^^
  File "C:\Users\Micie456\PycharmProjects\Diplom\.venv\Lib\site-packages\django\http\response.py", line 761, in __init__
    data = json.dumps(data, cls=encoder, **json_dumps_params)
           ^^^^^^^^^^^^^^^^^^^^^^^^^^^^^^^^^^^^^^^^^^^^^^^^^^
  File "C:\Users\Micie456\AppData\Local\Programs\Python\Python312\Lib\json\__init__.py", line 238, in dumps
    **kw).encode(obj)
          ^^^^^^^^^^^
  File "C:\Users\Micie456\AppData\Local\Programs\Python\Python312\Lib\json\encoder.py", line 200, in encode
    chunks = self.iterencode(o, _one_shot=True)
             ^^^^^^^^^^^^^^^^^^^^^^^^^^^^^^^^^^
  File "C:\Users\Micie456\AppData\Local\Programs\Python\Python312\Lib\json\encoder.py", line 258, in iterencode
    return _iterencode(o, 0)
           ^^^^^^^^^^^^^^^^^
  File "C:\Users\Micie456\PycharmProjects\Diplom\.venv\Lib\site-packages\django\core\serializers\json.py", line 113, in default
    return super().default(o)
           ^^^^^^^^^^^^^^^^^^
  File "C:\Users\Micie456\AppData\Local\Programs\Python\Python312\Lib\json\encoder.py", line 180, in default
    raise TypeError(f'Object of type {o.__class__.__name__} '
TypeError: Object of type Recipes is not JSON serializable
[2026-04-11 14:44:19,541] ERROR django.server: "POST /api/meal-plan/generate/ HTTP/1.1" 500 127189
[2026-04-11 14:44:20,022] ERROR django.request: Internal Server Error: /api/meal-plan/generate/
Traceback (most recent call last):
  File "C:\Users\Micie456\PycharmProjects\Diplom\.venv\Lib\site-packages\django\core\handlers\exception.py", line 55, in inner
    response = get_response(request)
               ^^^^^^^^^^^^^^^^^^^^^
  File "C:\Users\Micie456\PycharmProjects\Diplom\.venv\Lib\site-packages\django\core\handlers\base.py", line 198, in _get_response
    response = wrapped_callback(request, *callback_args, **callback_kwargs)
               ^^^^^^^^^^^^^^^^^^^^^^^^^^^^^^^^^^^^^^^^^^^^^^^^^^^^^^^^^^^^
  File "C:\Users\Micie456\PycharmProjects\Diplom\.venv\Lib\site-packages\django\views\decorators\http.py", line 64, in inner
    return func(request, *args, **kwargs)
           ^^^^^^^^^^^^^^^^^^^^^^^^^^^^^^
  File "C:\Users\Micie456\PycharmProjects\Diplom\.venv\Lib\site-packages\django\contrib\auth\decorators.py", line 59, in _view_wrapper
    return view_func(request, *args, **kwargs)
           ^^^^^^^^^^^^^^^^^^^^^^^^^^^^^^^^^^^
  File "C:\Users\Micie456\PycharmProjects\Diplom\diplom\mainapp\views.py", line 266, in generate_meal_plan
    'target_calories': target_calories,
       ^^^^^^^^^^^^^^^^^^^^^^^^^^^^^^^^
  File "C:\Users\Micie456\PycharmProjects\Diplom\.venv\Lib\site-packages\django\http\response.py", line 761, in __init__
    data = json.dumps(data, cls=encoder, **json_dumps_params)
           ^^^^^^^^^^^^^^^^^^^^^^^^^^^^^^^^^^^^^^^^^^^^^^^^^^
  File "C:\Users\Micie456\AppData\Local\Programs\Python\Python312\Lib\json\__init__.py", line 238, in dumps
    **kw).encode(obj)
          ^^^^^^^^^^^
  File "C:\Users\Micie456\AppData\Local\Programs\Python\Python312\Lib\json\encoder.py", line 200, in encode
    chunks = self.iterencode(o, _one_shot=True)
             ^^^^^^^^^^^^^^^^^^^^^^^^^^^^^^^^^^
  File "C:\Users\Micie456\AppData\Local\Programs\Python\Python312\Lib\json\encoder.py", line 258, in iterencode
    return _iterencode(o, 0)
           ^^^^^^^^^^^^^^^^^
  File "C:\Users\Micie456\PycharmProjects\Diplom\.venv\Lib\site-packages\django\core\serializers\json.py", line 113, in default
    return super().default(o)
           ^^^^^^^^^^^^^^^^^^
  File "C:\Users\Micie456\AppData\Local\Programs\Python\Python312\Lib\json\encoder.py", line 180, in default
    raise TypeError(f'Object of type {o.__class__.__name__} '
TypeError: Object of type Recipes is not JSON serializable
[2026-04-11 14:44:20,023] ERROR django.server: "POST /api/meal-plan/generate/ HTTP/1.1" 500 126409
[2026-04-11 14:44:20,487] ERROR django.request: Internal Server Error: /api/meal-plan/generate/
Traceback (most recent call last):
  File "C:\Users\Micie456\PycharmProjects\Diplom\.venv\Lib\site-packages\django\core\handlers\exception.py", line 55, in inner
    response = get_response(request)
               ^^^^^^^^^^^^^^^^^^^^^
  File "C:\Users\Micie456\PycharmProjects\Diplom\.venv\Lib\site-packages\django\core\handlers\base.py", line 198, in _get_response
    response = wrapped_callback(request, *callback_args, **callback_kwargs)
               ^^^^^^^^^^^^^^^^^^^^^^^^^^^^^^^^^^^^^^^^^^^^^^^^^^^^^^^^^^^^
  File "C:\Users\Micie456\PycharmProjects\Diplom\.venv\Lib\site-packages\django\views\decorators\http.py", line 64, in inner
    return func(request, *args, **kwargs)
           ^^^^^^^^^^^^^^^^^^^^^^^^^^^^^^
  File "C:\Users\Micie456\PycharmProjects\Diplom\.venv\Lib\site-packages\django\contrib\auth\decorators.py", line 59, in _view_wrapper
    return view_func(request, *args, **kwargs)
           ^^^^^^^^^^^^^^^^^^^^^^^^^^^^^^^^^^^
  File "C:\Users\Micie456\PycharmProjects\Diplom\diplom\mainapp\views.py", line 266, in generate_meal_plan
    'target_calories': target_calories,
       ^^^^^^^^^^^^^^^^^^^^^^^^^^^^^^^^
  File "C:\Users\Micie456\PycharmProjects\Diplom\.venv\Lib\site-packages\django\http\response.py", line 761, in __init__
    data = json.dumps(data, cls=encoder, **json_dumps_params)
           ^^^^^^^^^^^^^^^^^^^^^^^^^^^^^^^^^^^^^^^^^^^^^^^^^^
  File "C:\Users\Micie456\AppData\Local\Programs\Python\Python312\Lib\json\__init__.py", line 238, in dumps
    **kw).encode(obj)
          ^^^^^^^^^^^
  File "C:\Users\Micie456\AppData\Local\Programs\Python\Python312\Lib\json\encoder.py", line 200, in encode
    chunks = self.iterencode(o, _one_shot=True)
             ^^^^^^^^^^^^^^^^^^^^^^^^^^^^^^^^^^
  File "C:\Users\Micie456\AppData\Local\Programs\Python\Python312\Lib\json\encoder.py", line 258, in iterencode
    return _iterencode(o, 0)
           ^^^^^^^^^^^^^^^^^
  File "C:\Users\Micie456\PycharmProjects\Diplom\.venv\Lib\site-packages\django\core\serializers\json.py", line 113, in default
    return super().default(o)
           ^^^^^^^^^^^^^^^^^^
  File "C:\Users\Micie456\AppData\Local\Programs\Python\Python312\Lib\json\encoder.py", line 180, in default
    raise TypeError(f'Object of type {o.__class__.__name__} '
TypeError: Object of type Recipes is not JSON serializable
[2026-04-11 14:44:20,488] ERROR django.server: "POST /api/meal-plan/generate/ HTTP/1.1" 500 127170
[2026-04-11 14:44:26,859] ERROR django.request: Internal Server Error: /api/meal-plan/generate/
Traceback (most recent call last):
  File "C:\Users\Micie456\PycharmProjects\Diplom\.venv\Lib\site-packages\django\core\handlers\exception.py", line 55, in inner
    response = get_response(request)
               ^^^^^^^^^^^^^^^^^^^^^
  File "C:\Users\Micie456\PycharmProjects\Diplom\.venv\Lib\site-packages\django\core\handlers\base.py", line 198, in _get_response
    response = wrapped_callback(request, *callback_args, **callback_kwargs)
               ^^^^^^^^^^^^^^^^^^^^^^^^^^^^^^^^^^^^^^^^^^^^^^^^^^^^^^^^^^^^
  File "C:\Users\Micie456\PycharmProjects\Diplom\.venv\Lib\site-packages\django\views\decorators\http.py", line 64, in inner
    return func(request, *args, **kwargs)
           ^^^^^^^^^^^^^^^^^^^^^^^^^^^^^^
  File "C:\Users\Micie456\PycharmProjects\Diplom\.venv\Lib\site-packages\django\contrib\auth\decorators.py", line 59, in _view_wrapper
    return view_func(request, *args, **kwargs)
           ^^^^^^^^^^^^^^^^^^^^^^^^^^^^^^^^^^^
  File "C:\Users\Micie456\PycharmProjects\Diplom\diplom\mainapp\views.py", line 266, in generate_meal_plan
    'target_calories': target_calories,
       ^^^^^^^^^^^^^^^^^^^^^^^^^^^^^^^^
  File "C:\Users\Micie456\PycharmProjects\Diplom\.venv\Lib\site-packages\django\http\response.py", line 761, in __init__
    data = json.dumps(data, cls=encoder, **json_dumps_params)
           ^^^^^^^^^^^^^^^^^^^^^^^^^^^^^^^^^^^^^^^^^^^^^^^^^^
  File "C:\Users\Micie456\AppData\Local\Programs\Python\Python312\Lib\json\__init__.py", line 238, in dumps
    **kw).encode(obj)
          ^^^^^^^^^^^
  File "C:\Users\Micie456\AppData\Local\Programs\Python\Python312\Lib\json\encoder.py", line 200, in encode
    chunks = self.iterencode(o, _one_shot=True)
             ^^^^^^^^^^^^^^^^^^^^^^^^^^^^^^^^^^
  File "C:\Users\Micie456\AppData\Local\Programs\Python\Python312\Lib\json\encoder.py", line 258, in iterencode
    return _iterencode(o, 0)
           ^^^^^^^^^^^^^^^^^
  File "C:\Users\Micie456\PycharmProjects\Diplom\.venv\Lib\site-packages\django\core\serializers\json.py", line 113, in default
    return super().default(o)
           ^^^^^^^^^^^^^^^^^^
  File "C:\Users\Micie456\AppData\Local\Programs\Python\Python312\Lib\json\encoder.py", line 180, in default
    raise TypeError(f'Object of type {o.__class__.__name__} '
TypeError: Object of type Recipes is not JSON serializable
[2026-04-11 14:44:26,860] ERROR django.server: "POST /api/meal-plan/generate/ HTTP/1.1" 500 127134
[2026-04-11 14:44:27,854] ERROR django.request: Internal Server Error: /api/meal-plan/generate/
Traceback (most recent call last):
  File "C:\Users\Micie456\PycharmProjects\Diplom\.venv\Lib\site-packages\django\core\handlers\exception.py", line 55, in inner
    response = get_response(request)
               ^^^^^^^^^^^^^^^^^^^^^
  File "C:\Users\Micie456\PycharmProjects\Diplom\.venv\Lib\site-packages\django\core\handlers\base.py", line 198, in _get_response
    response = wrapped_callback(request, *callback_args, **callback_kwargs)
               ^^^^^^^^^^^^^^^^^^^^^^^^^^^^^^^^^^^^^^^^^^^^^^^^^^^^^^^^^^^^
  File "C:\Users\Micie456\PycharmProjects\Diplom\.venv\Lib\site-packages\django\views\decorators\http.py", line 64, in inner
    return func(request, *args, **kwargs)
           ^^^^^^^^^^^^^^^^^^^^^^^^^^^^^^
  File "C:\Users\Micie456\PycharmProjects\Diplom\.venv\Lib\site-packages\django\contrib\auth\decorators.py", line 59, in _view_wrapper
    return view_func(request, *args, **kwargs)
           ^^^^^^^^^^^^^^^^^^^^^^^^^^^^^^^^^^^
  File "C:\Users\Micie456\PycharmProjects\Diplom\diplom\mainapp\views.py", line 266, in generate_meal_plan
    'target_calories': target_calories,
       ^^^^^^^^^^^^^^^^^^^^^^^^^^^^^^^^
  File "C:\Users\Micie456\PycharmProjects\Diplom\.venv\Lib\site-packages\django\http\response.py", line 761, in __init__
    data = json.dumps(data, cls=encoder, **json_dumps_params)
           ^^^^^^^^^^^^^^^^^^^^^^^^^^^^^^^^^^^^^^^^^^^^^^^^^^
  File "C:\Users\Micie456\AppData\Local\Programs\Python\Python312\Lib\json\__init__.py", line 238, in dumps
    **kw).encode(obj)
          ^^^^^^^^^^^
  File "C:\Users\Micie456\AppData\Local\Programs\Python\Python312\Lib\json\encoder.py", line 200, in encode
    chunks = self.iterencode(o, _one_shot=True)
             ^^^^^^^^^^^^^^^^^^^^^^^^^^^^^^^^^^
  File "C:\Users\Micie456\AppData\Local\Programs\Python\Python312\Lib\json\encoder.py", line 258, in iterencode
    return _iterencode(o, 0)
           ^^^^^^^^^^^^^^^^^
  File "C:\Users\Micie456\PycharmProjects\Diplom\.venv\Lib\site-packages\django\core\serializers\json.py", line 113, in default
    return super().default(o)
           ^^^^^^^^^^^^^^^^^^
  File "C:\Users\Micie456\AppData\Local\Programs\Python\Python312\Lib\json\encoder.py", line 180, in default
    raise TypeError(f'Object of type {o.__class__.__name__} '
TypeError: Object of type Recipes is not JSON serializable
[2026-04-11 14:44:27,855] ERROR django.server: "POST /api/meal-plan/generate/ HTTP/1.1" 500 127854
[2026-04-11 14:44:33,732] INFO django.utils.autoreload: Watching for file changes with StatReloader
[2026-04-11 14:44:35,089] INFO django.server: "GET / HTTP/1.1" 200 21170
[2026-04-11 14:44:35,259] WARNING django.server: "GET /static/images/ HTTP/1.1" 404 1949
[2026-04-11 14:44:36,502] INFO django.server: "GET /meal-plan/ HTTP/1.1" 200 47246
[2026-04-11 14:44:39,125] ERROR django.request: Internal Server Error: /api/meal-plan/generate/
Traceback (most recent call last):
  File "C:\Users\Micie456\PycharmProjects\Diplom\.venv\Lib\site-packages\django\core\handlers\exception.py", line 55, in inner
    response = get_response(request)
               ^^^^^^^^^^^^^^^^^^^^^
  File "C:\Users\Micie456\PycharmProjects\Diplom\.venv\Lib\site-packages\django\core\handlers\base.py", line 198, in _get_response
    response = wrapped_callback(request, *callback_args, **callback_kwargs)
               ^^^^^^^^^^^^^^^^^^^^^^^^^^^^^^^^^^^^^^^^^^^^^^^^^^^^^^^^^^^^
  File "C:\Users\Micie456\PycharmProjects\Diplom\.venv\Lib\site-packages\django\views\decorators\http.py", line 64, in inner
    return func(request, *args, **kwargs)
           ^^^^^^^^^^^^^^^^^^^^^^^^^^^^^^
  File "C:\Users\Micie456\PycharmProjects\Diplom\.venv\Lib\site-packages\django\contrib\auth\decorators.py", line 59, in _view_wrapper
    return view_func(request, *args, **kwargs)
           ^^^^^^^^^^^^^^^^^^^^^^^^^^^^^^^^^^^
  File "C:\Users\Micie456\PycharmProjects\Diplom\diplom\mainapp\views.py", line 266, in generate_meal_plan
    'target_calories': target_calories,
       ^^^^^^^^^^^^^^^^^^^^^^^^^^^^^^^^
  File "C:\Users\Micie456\PycharmProjects\Diplom\.venv\Lib\site-packages\django\http\response.py", line 761, in __init__
    data = json.dumps(data, cls=encoder, **json_dumps_params)
           ^^^^^^^^^^^^^^^^^^^^^^^^^^^^^^^^^^^^^^^^^^^^^^^^^^
  File "C:\Users\Micie456\AppData\Local\Programs\Python\Python312\Lib\json\__init__.py", line 238, in dumps
    **kw).encode(obj)
          ^^^^^^^^^^^
  File "C:\Users\Micie456\AppData\Local\Programs\Python\Python312\Lib\json\encoder.py", line 200, in encode
    chunks = self.iterencode(o, _one_shot=True)
             ^^^^^^^^^^^^^^^^^^^^^^^^^^^^^^^^^^
  File "C:\Users\Micie456\AppData\Local\Programs\Python\Python312\Lib\json\encoder.py", line 258, in iterencode
    return _iterencode(o, 0)
           ^^^^^^^^^^^^^^^^^
  File "C:\Users\Micie456\PycharmProjects\Diplom\.venv\Lib\site-packages\django\core\serializers\json.py", line 113, in default
    return super().default(o)
           ^^^^^^^^^^^^^^^^^^
  File "C:\Users\Micie456\AppData\Local\Programs\Python\Python312\Lib\json\encoder.py", line 180, in default
    raise TypeError(f'Object of type {o.__class__.__name__} '
TypeError: Object of type Recipes is not JSON serializable
[2026-04-11 14:44:39,126] ERROR django.server: "POST /api/meal-plan/generate/ HTTP/1.1" 500 127203
[2026-04-11 14:45:01,700] INFO django.server: "GET /admin/ HTTP/1.1" 200 17191
[2026-04-11 14:45:03,584] INFO django.server: "GET /admin/mainapp/ingredients/ HTTP/1.1" 200 25055
[2026-04-11 14:45:03,664] INFO django.server: "GET /admin/jsi18n/ HTTP/1.1" 200 3342
[2026-04-11 14:45:06,753] INFO django.server: "GET /admin/mainapp/ingredients/35/change/ HTTP/1.1" 200 15364
[2026-04-11 14:45:06,830] INFO django.server: "GET /admin/jsi18n/ HTTP/1.1" 200 3342
[2026-04-11 14:45:09,317] INFO django.server: "GET /admin/mainapp/ingredients/ HTTP/1.1" 200 25055
[2026-04-11 14:46:03,334] INFO django.server: "GET /admin/ HTTP/1.1" 200 17191
[2026-04-11 14:46:13,261] ERROR django.security.DisallowedHost: Invalid HTTP_HOST header: 'testserver'. You may need to add 'testserver' to ALLOWED_HOSTS.
Traceback (most recent call last):
  File "C:\Users\Micie456\PycharmProjects\Diplom\.venv\Lib\site-packages\django\core\handlers\exception.py", line 55, in inner
    response = get_response(request)
               ^^^^^^^^^^^^^^^^^^^^^
  File "C:\Users\Micie456\PycharmProjects\Diplom\.venv\Lib\site-packages\django\utils\deprecation.py", line 308, in __call__
    response = self.process_request(request)
               ^^^^^^^^^^^^^^^^^^^^^^^^^^^^^
  File "C:\Users\Micie456\PycharmProjects\Diplom\.venv\Lib\site-packages\django\middleware\common.py", line 48, in process_request
    host = request.get_host()
           ^^^^^^^^^^^^^^^^^^
  File "C:\Users\Micie456\PycharmProjects\Diplom\.venv\Lib\site-packages\django\http\request.py", line 205, in get_host
    raise DisallowedHost(msg)
django.core.exceptions.DisallowedHost: Invalid HTTP_HOST header: 'testserver'. You may need to add 'testserver' to ALLOWED_HOSTS.
[2026-04-11 14:47:54,771] ERROR django.security.DisallowedHost: Invalid HTTP_HOST header: 'testserver'. You may need to add 'testserver' to ALLOWED_HOSTS.
Traceback (most recent call last):
  File "C:\Users\Micie456\PycharmProjects\Diplom\.venv\Lib\site-packages\django\core\handlers\exception.py", line 55, in inner
    response = get_response(request)
               ^^^^^^^^^^^^^^^^^^^^^
  File "C:\Users\Micie456\PycharmProjects\Diplom\.venv\Lib\site-packages\django\utils\deprecation.py", line 308, in __call__
    response = self.process_request(request)
               ^^^^^^^^^^^^^^^^^^^^^^^^^^^^^
  File "C:\Users\Micie456\PycharmProjects\Diplom\.venv\Lib\site-packages\django\middleware\common.py", line 48, in process_request
    host = request.get_host()
           ^^^^^^^^^^^^^^^^^^
  File "C:\Users\Micie456\PycharmProjects\Diplom\.venv\Lib\site-packages\django\http\request.py", line 205, in get_host
    raise DisallowedHost(msg)
django.core.exceptions.DisallowedHost: Invalid HTTP_HOST header: 'testserver'. You may need to add 'testserver' to ALLOWED_HOSTS.
[2026-04-11 14:49:25,251] INFO django.utils.autoreload: Watching for file changes with StatReloader
[2026-04-11 14:49:26,998] INFO django.server: "GET / HTTP/1.1" 200 21170
[2026-04-11 14:49:27,145] WARNING django.server: "GET /static/images/ HTTP/1.1" 404 1949
[2026-04-11 14:49:28,259] INFO django.server: "GET /meal-plan/ HTTP/1.1" 200 47246
[2026-04-11 14:49:29,098] ERROR django.request: Internal Server Error: /api/meal-plan/generate/
Traceback (most recent call last):
  File "C:\Users\Micie456\PycharmProjects\Diplom\.venv\Lib\site-packages\django\core\handlers\exception.py", line 55, in inner
    response = get_response(request)
               ^^^^^^^^^^^^^^^^^^^^^
  File "C:\Users\Micie456\PycharmProjects\Diplom\.venv\Lib\site-packages\django\core\handlers\base.py", line 198, in _get_response
    response = wrapped_callback(request, *callback_args, **callback_kwargs)
               ^^^^^^^^^^^^^^^^^^^^^^^^^^^^^^^^^^^^^^^^^^^^^^^^^^^^^^^^^^^^
  File "C:\Users\Micie456\PycharmProjects\Diplom\.venv\Lib\site-packages\django\views\decorators\http.py", line 64, in inner
    return func(request, *args, **kwargs)
           ^^^^^^^^^^^^^^^^^^^^^^^^^^^^^^
  File "C:\Users\Micie456\PycharmProjects\Diplom\.venv\Lib\site-packages\django\contrib\auth\decorators.py", line 59, in _view_wrapper
    return view_func(request, *args, **kwargs)
           ^^^^^^^^^^^^^^^^^^^^^^^^^^^^^^^^^^^
  File "C:\Users\Micie456\PycharmProjects\Diplom\diplom\mainapp\views.py", line 266, in generate_meal_plan
    'target_calories': target_calories,
       ^^^^^^^^^^^^^^^^^^^^^^^^^^^^^^^^
  File "C:\Users\Micie456\PycharmProjects\Diplom\.venv\Lib\site-packages\django\http\response.py", line 761, in __init__
    data = json.dumps(data, cls=encoder, **json_dumps_params)
           ^^^^^^^^^^^^^^^^^^^^^^^^^^^^^^^^^^^^^^^^^^^^^^^^^^
  File "C:\Users\Micie456\AppData\Local\Programs\Python\Python312\Lib\json\__init__.py", line 238, in dumps
    **kw).encode(obj)
          ^^^^^^^^^^^
  File "C:\Users\Micie456\AppData\Local\Programs\Python\Python312\Lib\json\encoder.py", line 200, in encode
    chunks = self.iterencode(o, _one_shot=True)
             ^^^^^^^^^^^^^^^^^^^^^^^^^^^^^^^^^^
  File "C:\Users\Micie456\AppData\Local\Programs\Python\Python312\Lib\json\encoder.py", line 258, in iterencode
    return _iterencode(o, 0)
           ^^^^^^^^^^^^^^^^^
  File "C:\Users\Micie456\PycharmProjects\Diplom\.venv\Lib\site-packages\django\core\serializers\json.py", line 113, in default
    return super().default(o)
           ^^^^^^^^^^^^^^^^^^
  File "C:\Users\Micie456\AppData\Local\Programs\Python\Python312\Lib\json\encoder.py", line 180, in default
    raise TypeError(f'Object of type {o.__class__.__name__} '
TypeError: Object of type Recipes is not JSON serializable
[2026-04-11 14:49:29,099] ERROR django.server: "POST /api/meal-plan/generate/ HTTP/1.1" 500 127904
[2026-04-11 14:49:29,973] ERROR django.request: Internal Server Error: /api/meal-plan/generate/
Traceback (most recent call last):
  File "C:\Users\Micie456\PycharmProjects\Diplom\.venv\Lib\site-packages\django\core\handlers\exception.py", line 55, in inner
    response = get_response(request)
               ^^^^^^^^^^^^^^^^^^^^^
  File "C:\Users\Micie456\PycharmProjects\Diplom\.venv\Lib\site-packages\django\core\handlers\base.py", line 198, in _get_response
    response = wrapped_callback(request, *callback_args, **callback_kwargs)
               ^^^^^^^^^^^^^^^^^^^^^^^^^^^^^^^^^^^^^^^^^^^^^^^^^^^^^^^^^^^^
  File "C:\Users\Micie456\PycharmProjects\Diplom\.venv\Lib\site-packages\django\views\decorators\http.py", line 64, in inner
    return func(request, *args, **kwargs)
           ^^^^^^^^^^^^^^^^^^^^^^^^^^^^^^
  File "C:\Users\Micie456\PycharmProjects\Diplom\.venv\Lib\site-packages\django\contrib\auth\decorators.py", line 59, in _view_wrapper
    return view_func(request, *args, **kwargs)
           ^^^^^^^^^^^^^^^^^^^^^^^^^^^^^^^^^^^
  File "C:\Users\Micie456\PycharmProjects\Diplom\diplom\mainapp\views.py", line 266, in generate_meal_plan
    'target_calories': target_calories,
       ^^^^^^^^^^^^^^^^^^^^^^^^^^^^^^^^
  File "C:\Users\Micie456\PycharmProjects\Diplom\.venv\Lib\site-packages\django\http\response.py", line 761, in __init__
    data = json.dumps(data, cls=encoder, **json_dumps_params)
           ^^^^^^^^^^^^^^^^^^^^^^^^^^^^^^^^^^^^^^^^^^^^^^^^^^
  File "C:\Users\Micie456\AppData\Local\Programs\Python\Python312\Lib\json\__init__.py", line 238, in dumps
    **kw).encode(obj)
          ^^^^^^^^^^^
  File "C:\Users\Micie456\AppData\Local\Programs\Python\Python312\Lib\json\encoder.py", line 200, in encode
    chunks = self.iterencode(o, _one_shot=True)
             ^^^^^^^^^^^^^^^^^^^^^^^^^^^^^^^^^^
  File "C:\Users\Micie456\AppData\Local\Programs\Python\Python312\Lib\json\encoder.py", line 258, in iterencode
    return _iterencode(o, 0)
           ^^^^^^^^^^^^^^^^^
  File "C:\Users\Micie456\PycharmProjects\Diplom\.venv\Lib\site-packages\django\core\serializers\json.py", line 113, in default
    return super().default(o)
           ^^^^^^^^^^^^^^^^^^
  File "C:\Users\Micie456\AppData\Local\Programs\Python\Python312\Lib\json\encoder.py", line 180, in default
    raise TypeError(f'Object of type {o.__class__.__name__} '
TypeError: Object of type Recipes is not JSON serializable
[2026-04-11 14:49:29,975] ERROR django.server: "POST /api/meal-plan/generate/ HTTP/1.1" 500 126263
[2026-04-11 14:49:30,507] ERROR django.request: Internal Server Error: /api/meal-plan/generate/
Traceback (most recent call last):
  File "C:\Users\Micie456\PycharmProjects\Diplom\.venv\Lib\site-packages\django\core\handlers\exception.py", line 55, in inner
    response = get_response(request)
               ^^^^^^^^^^^^^^^^^^^^^
  File "C:\Users\Micie456\PycharmProjects\Diplom\.venv\Lib\site-packages\django\core\handlers\base.py", line 198, in _get_response
    response = wrapped_callback(request, *callback_args, **callback_kwargs)
               ^^^^^^^^^^^^^^^^^^^^^^^^^^^^^^^^^^^^^^^^^^^^^^^^^^^^^^^^^^^^
  File "C:\Users\Micie456\PycharmProjects\Diplom\.venv\Lib\site-packages\django\views\decorators\http.py", line 64, in inner
    return func(request, *args, **kwargs)
           ^^^^^^^^^^^^^^^^^^^^^^^^^^^^^^
  File "C:\Users\Micie456\PycharmProjects\Diplom\.venv\Lib\site-packages\django\contrib\auth\decorators.py", line 59, in _view_wrapper
    return view_func(request, *args, **kwargs)
           ^^^^^^^^^^^^^^^^^^^^^^^^^^^^^^^^^^^
  File "C:\Users\Micie456\PycharmProjects\Diplom\diplom\mainapp\views.py", line 266, in generate_meal_plan
    'target_calories': target_calories,
       ^^^^^^^^^^^^^^^^^^^^^^^^^^^^^^^^
  File "C:\Users\Micie456\PycharmProjects\Diplom\.venv\Lib\site-packages\django\http\response.py", line 761, in __init__
    data = json.dumps(data, cls=encoder, **json_dumps_params)
           ^^^^^^^^^^^^^^^^^^^^^^^^^^^^^^^^^^^^^^^^^^^^^^^^^^
  File "C:\Users\Micie456\AppData\Local\Programs\Python\Python312\Lib\json\__init__.py", line 238, in dumps
    **kw).encode(obj)
          ^^^^^^^^^^^
  File "C:\Users\Micie456\AppData\Local\Programs\Python\Python312\Lib\json\encoder.py", line 200, in encode
    chunks = self.iterencode(o, _one_shot=True)
             ^^^^^^^^^^^^^^^^^^^^^^^^^^^^^^^^^^
  File "C:\Users\Micie456\AppData\Local\Programs\Python\Python312\Lib\json\encoder.py", line 258, in iterencode
    return _iterencode(o, 0)
           ^^^^^^^^^^^^^^^^^
  File "C:\Users\Micie456\PycharmProjects\Diplom\.venv\Lib\site-packages\django\core\serializers\json.py", line 113, in default
    return super().default(o)
           ^^^^^^^^^^^^^^^^^^
  File "C:\Users\Micie456\AppData\Local\Programs\Python\Python312\Lib\json\encoder.py", line 180, in default
    raise TypeError(f'Object of type {o.__class__.__name__} '
TypeError: Object of type Recipes is not JSON serializable
[2026-04-11 14:49:30,508] ERROR django.server: "POST /api/meal-plan/generate/ HTTP/1.1" 500 126469
[2026-04-11 14:49:30,662] ERROR django.request: Internal Server Error: /api/meal-plan/generate/
Traceback (most recent call last):
  File "C:\Users\Micie456\PycharmProjects\Diplom\.venv\Lib\site-packages\django\core\handlers\exception.py", line 55, in inner
    response = get_response(request)
               ^^^^^^^^^^^^^^^^^^^^^
  File "C:\Users\Micie456\PycharmProjects\Diplom\.venv\Lib\site-packages\django\core\handlers\base.py", line 198, in _get_response
    response = wrapped_callback(request, *callback_args, **callback_kwargs)
               ^^^^^^^^^^^^^^^^^^^^^^^^^^^^^^^^^^^^^^^^^^^^^^^^^^^^^^^^^^^^
  File "C:\Users\Micie456\PycharmProjects\Diplom\.venv\Lib\site-packages\django\views\decorators\http.py", line 64, in inner
    return func(request, *args, **kwargs)
           ^^^^^^^^^^^^^^^^^^^^^^^^^^^^^^
  File "C:\Users\Micie456\PycharmProjects\Diplom\.venv\Lib\site-packages\django\contrib\auth\decorators.py", line 59, in _view_wrapper
    return view_func(request, *args, **kwargs)
           ^^^^^^^^^^^^^^^^^^^^^^^^^^^^^^^^^^^
  File "C:\Users\Micie456\PycharmProjects\Diplom\diplom\mainapp\views.py", line 266, in generate_meal_plan
    'target_calories': target_calories,
       ^^^^^^^^^^^^^^^^^^^^^^^^^^^^^^^^
  File "C:\Users\Micie456\PycharmProjects\Diplom\.venv\Lib\site-packages\django\http\response.py", line 761, in __init__
    data = json.dumps(data, cls=encoder, **json_dumps_params)
           ^^^^^^^^^^^^^^^^^^^^^^^^^^^^^^^^^^^^^^^^^^^^^^^^^^
  File "C:\Users\Micie456\AppData\Local\Programs\Python\Python312\Lib\json\__init__.py", line 238, in dumps
    **kw).encode(obj)
          ^^^^^^^^^^^
  File "C:\Users\Micie456\AppData\Local\Programs\Python\Python312\Lib\json\encoder.py", line 200, in encode
    chunks = self.iterencode(o, _one_shot=True)
             ^^^^^^^^^^^^^^^^^^^^^^^^^^^^^^^^^^
  File "C:\Users\Micie456\AppData\Local\Programs\Python\Python312\Lib\json\encoder.py", line 258, in iterencode
    return _iterencode(o, 0)
           ^^^^^^^^^^^^^^^^^
  File "C:\Users\Micie456\PycharmProjects\Diplom\.venv\Lib\site-packages\django\core\serializers\json.py", line 113, in default
    return super().default(o)
           ^^^^^^^^^^^^^^^^^^
  File "C:\Users\Micie456\AppData\Local\Programs\Python\Python312\Lib\json\encoder.py", line 180, in default
    raise TypeError(f'Object of type {o.__class__.__name__} '
TypeError: Object of type Recipes is not JSON serializable
[2026-04-11 14:49:30,664] ERROR django.server: "POST /api/meal-plan/generate/ HTTP/1.1" 500 127847
[2026-04-11 14:49:31,130] ERROR django.request: Internal Server Error: /api/meal-plan/generate/
Traceback (most recent call last):
  File "C:\Users\Micie456\PycharmProjects\Diplom\.venv\Lib\site-packages\django\core\handlers\exception.py", line 55, in inner
    response = get_response(request)
               ^^^^^^^^^^^^^^^^^^^^^
  File "C:\Users\Micie456\PycharmProjects\Diplom\.venv\Lib\site-packages\django\core\handlers\base.py", line 198, in _get_response
    response = wrapped_callback(request, *callback_args, **callback_kwargs)
               ^^^^^^^^^^^^^^^^^^^^^^^^^^^^^^^^^^^^^^^^^^^^^^^^^^^^^^^^^^^^
  File "C:\Users\Micie456\PycharmProjects\Diplom\.venv\Lib\site-packages\django\views\decorators\http.py", line 64, in inner
    return func(request, *args, **kwargs)
           ^^^^^^^^^^^^^^^^^^^^^^^^^^^^^^
  File "C:\Users\Micie456\PycharmProjects\Diplom\.venv\Lib\site-packages\django\contrib\auth\decorators.py", line 59, in _view_wrapper
    return view_func(request, *args, **kwargs)
           ^^^^^^^^^^^^^^^^^^^^^^^^^^^^^^^^^^^
  File "C:\Users\Micie456\PycharmProjects\Diplom\diplom\mainapp\views.py", line 266, in generate_meal_plan
    'target_calories': target_calories,
       ^^^^^^^^^^^^^^^^^^^^^^^^^^^^^^^^
  File "C:\Users\Micie456\PycharmProjects\Diplom\.venv\Lib\site-packages\django\http\response.py", line 761, in __init__
    data = json.dumps(data, cls=encoder, **json_dumps_params)
           ^^^^^^^^^^^^^^^^^^^^^^^^^^^^^^^^^^^^^^^^^^^^^^^^^^
  File "C:\Users\Micie456\AppData\Local\Programs\Python\Python312\Lib\json\__init__.py", line 238, in dumps
    **kw).encode(obj)
          ^^^^^^^^^^^
  File "C:\Users\Micie456\AppData\Local\Programs\Python\Python312\Lib\json\encoder.py", line 200, in encode
    chunks = self.iterencode(o, _one_shot=True)
             ^^^^^^^^^^^^^^^^^^^^^^^^^^^^^^^^^^
  File "C:\Users\Micie456\AppData\Local\Programs\Python\Python312\Lib\json\encoder.py", line 258, in iterencode
    return _iterencode(o, 0)
           ^^^^^^^^^^^^^^^^^
  File "C:\Users\Micie456\PycharmProjects\Diplom\.venv\Lib\site-packages\django\core\serializers\json.py", line 113, in default
    return super().default(o)
           ^^^^^^^^^^^^^^^^^^
  File "C:\Users\Micie456\AppData\Local\Programs\Python\Python312\Lib\json\encoder.py", line 180, in default
    raise TypeError(f'Object of type {o.__class__.__name__} '
TypeError: Object of type Recipes is not JSON serializable
[2026-04-11 14:49:31,131] ERROR django.server: "POST /api/meal-plan/generate/ HTTP/1.1" 500 127739
[2026-04-11 14:49:31,530] ERROR django.request: Internal Server Error: /api/meal-plan/generate/
Traceback (most recent call last):
  File "C:\Users\Micie456\PycharmProjects\Diplom\.venv\Lib\site-packages\django\core\handlers\exception.py", line 55, in inner
    response = get_response(request)
               ^^^^^^^^^^^^^^^^^^^^^
  File "C:\Users\Micie456\PycharmProjects\Diplom\.venv\Lib\site-packages\django\core\handlers\base.py", line 198, in _get_response
    response = wrapped_callback(request, *callback_args, **callback_kwargs)
               ^^^^^^^^^^^^^^^^^^^^^^^^^^^^^^^^^^^^^^^^^^^^^^^^^^^^^^^^^^^^
  File "C:\Users\Micie456\PycharmProjects\Diplom\.venv\Lib\site-packages\django\views\decorators\http.py", line 64, in inner
    return func(request, *args, **kwargs)
           ^^^^^^^^^^^^^^^^^^^^^^^^^^^^^^
  File "C:\Users\Micie456\PycharmProjects\Diplom\.venv\Lib\site-packages\django\contrib\auth\decorators.py", line 59, in _view_wrapper
    return view_func(request, *args, **kwargs)
           ^^^^^^^^^^^^^^^^^^^^^^^^^^^^^^^^^^^
  File "C:\Users\Micie456\PycharmProjects\Diplom\diplom\mainapp\views.py", line 266, in generate_meal_plan
    'target_calories': target_calories,
       ^^^^^^^^^^^^^^^^^^^^^^^^^^^^^^^^
  File "C:\Users\Micie456\PycharmProjects\Diplom\.venv\Lib\site-packages\django\http\response.py", line 761, in __init__
    data = json.dumps(data, cls=encoder, **json_dumps_params)
           ^^^^^^^^^^^^^^^^^^^^^^^^^^^^^^^^^^^^^^^^^^^^^^^^^^
  File "C:\Users\Micie456\AppData\Local\Programs\Python\Python312\Lib\json\__init__.py", line 238, in dumps
    **kw).encode(obj)
          ^^^^^^^^^^^
  File "C:\Users\Micie456\AppData\Local\Programs\Python\Python312\Lib\json\encoder.py", line 200, in encode
    chunks = self.iterencode(o, _one_shot=True)
             ^^^^^^^^^^^^^^^^^^^^^^^^^^^^^^^^^^
  File "C:\Users\Micie456\AppData\Local\Programs\Python\Python312\Lib\json\encoder.py", line 258, in iterencode
    return _iterencode(o, 0)
           ^^^^^^^^^^^^^^^^^
  File "C:\Users\Micie456\PycharmProjects\Diplom\.venv\Lib\site-packages\django\core\serializers\json.py", line 113, in default
    return super().default(o)
           ^^^^^^^^^^^^^^^^^^
  File "C:\Users\Micie456\AppData\Local\Programs\Python\Python312\Lib\json\encoder.py", line 180, in default
    raise TypeError(f'Object of type {o.__class__.__name__} '
TypeError: Object of type Recipes is not JSON serializable
[2026-04-11 14:49:31,531] ERROR django.server: "POST /api/meal-plan/generate/ HTTP/1.1" 500 127766
[2026-04-11 14:49:31,895] ERROR django.request: Internal Server Error: /api/meal-plan/generate/
Traceback (most recent call last):
  File "C:\Users\Micie456\PycharmProjects\Diplom\.venv\Lib\site-packages\django\core\handlers\exception.py", line 55, in inner
    response = get_response(request)
               ^^^^^^^^^^^^^^^^^^^^^
  File "C:\Users\Micie456\PycharmProjects\Diplom\.venv\Lib\site-packages\django\core\handlers\base.py", line 198, in _get_response
    response = wrapped_callback(request, *callback_args, **callback_kwargs)
               ^^^^^^^^^^^^^^^^^^^^^^^^^^^^^^^^^^^^^^^^^^^^^^^^^^^^^^^^^^^^
  File "C:\Users\Micie456\PycharmProjects\Diplom\.venv\Lib\site-packages\django\views\decorators\http.py", line 64, in inner
    return func(request, *args, **kwargs)
           ^^^^^^^^^^^^^^^^^^^^^^^^^^^^^^
  File "C:\Users\Micie456\PycharmProjects\Diplom\.venv\Lib\site-packages\django\contrib\auth\decorators.py", line 59, in _view_wrapper
    return view_func(request, *args, **kwargs)
           ^^^^^^^^^^^^^^^^^^^^^^^^^^^^^^^^^^^
  File "C:\Users\Micie456\PycharmProjects\Diplom\diplom\mainapp\views.py", line 266, in generate_meal_plan
    'target_calories': target_calories,
       ^^^^^^^^^^^^^^^^^^^^^^^^^^^^^^^^
  File "C:\Users\Micie456\PycharmProjects\Diplom\.venv\Lib\site-packages\django\http\response.py", line 761, in __init__
    data = json.dumps(data, cls=encoder, **json_dumps_params)
           ^^^^^^^^^^^^^^^^^^^^^^^^^^^^^^^^^^^^^^^^^^^^^^^^^^
  File "C:\Users\Micie456\AppData\Local\Programs\Python\Python312\Lib\json\__init__.py", line 238, in dumps
    **kw).encode(obj)
          ^^^^^^^^^^^
  File "C:\Users\Micie456\AppData\Local\Programs\Python\Python312\Lib\json\encoder.py", line 200, in encode
    chunks = self.iterencode(o, _one_shot=True)
             ^^^^^^^^^^^^^^^^^^^^^^^^^^^^^^^^^^
  File "C:\Users\Micie456\AppData\Local\Programs\Python\Python312\Lib\json\encoder.py", line 258, in iterencode
    return _iterencode(o, 0)
           ^^^^^^^^^^^^^^^^^
  File "C:\Users\Micie456\PycharmProjects\Diplom\.venv\Lib\site-packages\django\core\serializers\json.py", line 113, in default
    return super().default(o)
           ^^^^^^^^^^^^^^^^^^
  File "C:\Users\Micie456\AppData\Local\Programs\Python\Python312\Lib\json\encoder.py", line 180, in default
    raise TypeError(f'Object of type {o.__class__.__name__} '
TypeError: Object of type Recipes is not JSON serializable
[2026-04-11 14:49:31,896] ERROR django.server: "POST /api/meal-plan/generate/ HTTP/1.1" 500 126372
[2026-04-11 14:49:32,276] ERROR django.request: Internal Server Error: /api/meal-plan/generate/
Traceback (most recent call last):
  File "C:\Users\Micie456\PycharmProjects\Diplom\.venv\Lib\site-packages\django\core\handlers\exception.py", line 55, in inner
    response = get_response(request)
               ^^^^^^^^^^^^^^^^^^^^^
  File "C:\Users\Micie456\PycharmProjects\Diplom\.venv\Lib\site-packages\django\core\handlers\base.py", line 198, in _get_response
    response = wrapped_callback(request, *callback_args, **callback_kwargs)
               ^^^^^^^^^^^^^^^^^^^^^^^^^^^^^^^^^^^^^^^^^^^^^^^^^^^^^^^^^^^^
  File "C:\Users\Micie456\PycharmProjects\Diplom\.venv\Lib\site-packages\django\views\decorators\http.py", line 64, in inner
    return func(request, *args, **kwargs)
           ^^^^^^^^^^^^^^^^^^^^^^^^^^^^^^
  File "C:\Users\Micie456\PycharmProjects\Diplom\.venv\Lib\site-packages\django\contrib\auth\decorators.py", line 59, in _view_wrapper
    return view_func(request, *args, **kwargs)
           ^^^^^^^^^^^^^^^^^^^^^^^^^^^^^^^^^^^
  File "C:\Users\Micie456\PycharmProjects\Diplom\diplom\mainapp\views.py", line 266, in generate_meal_plan
    'target_calories': target_calories,
       ^^^^^^^^^^^^^^^^^^^^^^^^^^^^^^^^
  File "C:\Users\Micie456\PycharmProjects\Diplom\.venv\Lib\site-packages\django\http\response.py", line 761, in __init__
    data = json.dumps(data, cls=encoder, **json_dumps_params)
           ^^^^^^^^^^^^^^^^^^^^^^^^^^^^^^^^^^^^^^^^^^^^^^^^^^
  File "C:\Users\Micie456\AppData\Local\Programs\Python\Python312\Lib\json\__init__.py", line 238, in dumps
    **kw).encode(obj)
          ^^^^^^^^^^^
  File "C:\Users\Micie456\AppData\Local\Programs\Python\Python312\Lib\json\encoder.py", line 200, in encode
    chunks = self.iterencode(o, _one_shot=True)
             ^^^^^^^^^^^^^^^^^^^^^^^^^^^^^^^^^^
  File "C:\Users\Micie456\AppData\Local\Programs\Python\Python312\Lib\json\encoder.py", line 258, in iterencode
    return _iterencode(o, 0)
           ^^^^^^^^^^^^^^^^^
  File "C:\Users\Micie456\PycharmProjects\Diplom\.venv\Lib\site-packages\django\core\serializers\json.py", line 113, in default
    return super().default(o)
           ^^^^^^^^^^^^^^^^^^
  File "C:\Users\Micie456\AppData\Local\Programs\Python\Python312\Lib\json\encoder.py", line 180, in default
    raise TypeError(f'Object of type {o.__class__.__name__} '
TypeError: Object of type Recipes is not JSON serializable
[2026-04-11 14:49:32,277] ERROR django.server: "POST /api/meal-plan/generate/ HTTP/1.1" 500 127173
[2026-04-11 14:49:34,564] ERROR django.request: Internal Server Error: /api/meal-plan/generate/
Traceback (most recent call last):
  File "C:\Users\Micie456\PycharmProjects\Diplom\.venv\Lib\site-packages\django\core\handlers\exception.py", line 55, in inner
    response = get_response(request)
               ^^^^^^^^^^^^^^^^^^^^^
  File "C:\Users\Micie456\PycharmProjects\Diplom\.venv\Lib\site-packages\django\core\handlers\base.py", line 198, in _get_response
    response = wrapped_callback(request, *callback_args, **callback_kwargs)
               ^^^^^^^^^^^^^^^^^^^^^^^^^^^^^^^^^^^^^^^^^^^^^^^^^^^^^^^^^^^^
  File "C:\Users\Micie456\PycharmProjects\Diplom\.venv\Lib\site-packages\django\views\decorators\http.py", line 64, in inner
    return func(request, *args, **kwargs)
           ^^^^^^^^^^^^^^^^^^^^^^^^^^^^^^
  File "C:\Users\Micie456\PycharmProjects\Diplom\.venv\Lib\site-packages\django\contrib\auth\decorators.py", line 59, in _view_wrapper
    return view_func(request, *args, **kwargs)
           ^^^^^^^^^^^^^^^^^^^^^^^^^^^^^^^^^^^
  File "C:\Users\Micie456\PycharmProjects\Diplom\diplom\mainapp\views.py", line 266, in generate_meal_plan
    'target_calories': target_calories,
       ^^^^^^^^^^^^^^^^^^^^^^^^^^^^^^^^
  File "C:\Users\Micie456\PycharmProjects\Diplom\.venv\Lib\site-packages\django\http\response.py", line 761, in __init__
    data = json.dumps(data, cls=encoder, **json_dumps_params)
           ^^^^^^^^^^^^^^^^^^^^^^^^^^^^^^^^^^^^^^^^^^^^^^^^^^
  File "C:\Users\Micie456\AppData\Local\Programs\Python\Python312\Lib\json\__init__.py", line 238, in dumps
    **kw).encode(obj)
          ^^^^^^^^^^^
  File "C:\Users\Micie456\AppData\Local\Programs\Python\Python312\Lib\json\encoder.py", line 200, in encode
    chunks = self.iterencode(o, _one_shot=True)
             ^^^^^^^^^^^^^^^^^^^^^^^^^^^^^^^^^^
  File "C:\Users\Micie456\AppData\Local\Programs\Python\Python312\Lib\json\encoder.py", line 258, in iterencode
    return _iterencode(o, 0)
           ^^^^^^^^^^^^^^^^^
  File "C:\Users\Micie456\PycharmProjects\Diplom\.venv\Lib\site-packages\django\core\serializers\json.py", line 113, in default
    return super().default(o)
           ^^^^^^^^^^^^^^^^^^
  File "C:\Users\Micie456\AppData\Local\Programs\Python\Python312\Lib\json\encoder.py", line 180, in default
    raise TypeError(f'Object of type {o.__class__.__name__} '
TypeError: Object of type Recipes is not JSON serializable
[2026-04-11 14:49:34,565] ERROR django.server: "POST /api/meal-plan/generate/ HTTP/1.1" 500 127097
[2026-04-11 14:49:35,619] ERROR django.request: Internal Server Error: /api/meal-plan/generate/
Traceback (most recent call last):
  File "C:\Users\Micie456\PycharmProjects\Diplom\.venv\Lib\site-packages\django\core\handlers\exception.py", line 55, in inner
    response = get_response(request)
               ^^^^^^^^^^^^^^^^^^^^^
  File "C:\Users\Micie456\PycharmProjects\Diplom\.venv\Lib\site-packages\django\core\handlers\base.py", line 198, in _get_response
    response = wrapped_callback(request, *callback_args, **callback_kwargs)
               ^^^^^^^^^^^^^^^^^^^^^^^^^^^^^^^^^^^^^^^^^^^^^^^^^^^^^^^^^^^^
  File "C:\Users\Micie456\PycharmProjects\Diplom\.venv\Lib\site-packages\django\views\decorators\http.py", line 64, in inner
    return func(request, *args, **kwargs)
           ^^^^^^^^^^^^^^^^^^^^^^^^^^^^^^
  File "C:\Users\Micie456\PycharmProjects\Diplom\.venv\Lib\site-packages\django\contrib\auth\decorators.py", line 59, in _view_wrapper
    return view_func(request, *args, **kwargs)
           ^^^^^^^^^^^^^^^^^^^^^^^^^^^^^^^^^^^
  File "C:\Users\Micie456\PycharmProjects\Diplom\diplom\mainapp\views.py", line 266, in generate_meal_plan
    'target_calories': target_calories,
       ^^^^^^^^^^^^^^^^^^^^^^^^^^^^^^^^
  File "C:\Users\Micie456\PycharmProjects\Diplom\.venv\Lib\site-packages\django\http\response.py", line 761, in __init__
    data = json.dumps(data, cls=encoder, **json_dumps_params)
           ^^^^^^^^^^^^^^^^^^^^^^^^^^^^^^^^^^^^^^^^^^^^^^^^^^
  File "C:\Users\Micie456\AppData\Local\Programs\Python\Python312\Lib\json\__init__.py", line 238, in dumps
    **kw).encode(obj)
          ^^^^^^^^^^^
  File "C:\Users\Micie456\AppData\Local\Programs\Python\Python312\Lib\json\encoder.py", line 200, in encode
    chunks = self.iterencode(o, _one_shot=True)
             ^^^^^^^^^^^^^^^^^^^^^^^^^^^^^^^^^^
  File "C:\Users\Micie456\AppData\Local\Programs\Python\Python312\Lib\json\encoder.py", line 258, in iterencode
    return _iterencode(o, 0)
           ^^^^^^^^^^^^^^^^^
  File "C:\Users\Micie456\PycharmProjects\Diplom\.venv\Lib\site-packages\django\core\serializers\json.py", line 113, in default
    return super().default(o)
           ^^^^^^^^^^^^^^^^^^
  File "C:\Users\Micie456\AppData\Local\Programs\Python\Python312\Lib\json\encoder.py", line 180, in default
    raise TypeError(f'Object of type {o.__class__.__name__} '
TypeError: Object of type Recipes is not JSON serializable
[2026-04-11 14:49:35,620] ERROR django.server: "POST /api/meal-plan/generate/ HTTP/1.1" 500 127095
[2026-04-11 14:49:36,318] ERROR django.request: Internal Server Error: /api/meal-plan/generate/
Traceback (most recent call last):
  File "C:\Users\Micie456\PycharmProjects\Diplom\.venv\Lib\site-packages\django\core\handlers\exception.py", line 55, in inner
    response = get_response(request)
               ^^^^^^^^^^^^^^^^^^^^^
  File "C:\Users\Micie456\PycharmProjects\Diplom\.venv\Lib\site-packages\django\core\handlers\base.py", line 198, in _get_response
    response = wrapped_callback(request, *callback_args, **callback_kwargs)
               ^^^^^^^^^^^^^^^^^^^^^^^^^^^^^^^^^^^^^^^^^^^^^^^^^^^^^^^^^^^^
  File "C:\Users\Micie456\PycharmProjects\Diplom\.venv\Lib\site-packages\django\views\decorators\http.py", line 64, in inner
    return func(request, *args, **kwargs)
           ^^^^^^^^^^^^^^^^^^^^^^^^^^^^^^
  File "C:\Users\Micie456\PycharmProjects\Diplom\.venv\Lib\site-packages\django\contrib\auth\decorators.py", line 59, in _view_wrapper
    return view_func(request, *args, **kwargs)
           ^^^^^^^^^^^^^^^^^^^^^^^^^^^^^^^^^^^
  File "C:\Users\Micie456\PycharmProjects\Diplom\diplom\mainapp\views.py", line 266, in generate_meal_plan
    'target_calories': target_calories,
       ^^^^^^^^^^^^^^^^^^^^^^^^^^^^^^^^
  File "C:\Users\Micie456\PycharmProjects\Diplom\.venv\Lib\site-packages\django\http\response.py", line 761, in __init__
    data = json.dumps(data, cls=encoder, **json_dumps_params)
           ^^^^^^^^^^^^^^^^^^^^^^^^^^^^^^^^^^^^^^^^^^^^^^^^^^
  File "C:\Users\Micie456\AppData\Local\Programs\Python\Python312\Lib\json\__init__.py", line 238, in dumps
    **kw).encode(obj)
          ^^^^^^^^^^^
  File "C:\Users\Micie456\AppData\Local\Programs\Python\Python312\Lib\json\encoder.py", line 200, in encode
    chunks = self.iterencode(o, _one_shot=True)
             ^^^^^^^^^^^^^^^^^^^^^^^^^^^^^^^^^^
  File "C:\Users\Micie456\AppData\Local\Programs\Python\Python312\Lib\json\encoder.py", line 258, in iterencode
    return _iterencode(o, 0)
           ^^^^^^^^^^^^^^^^^
  File "C:\Users\Micie456\PycharmProjects\Diplom\.venv\Lib\site-packages\django\core\serializers\json.py", line 113, in default
    return super().default(o)
           ^^^^^^^^^^^^^^^^^^
  File "C:\Users\Micie456\AppData\Local\Programs\Python\Python312\Lib\json\encoder.py", line 180, in default
    raise TypeError(f'Object of type {o.__class__.__name__} '
TypeError: Object of type Recipes is not JSON serializable
[2026-04-11 14:49:36,319] ERROR django.server: "POST /api/meal-plan/generate/ HTTP/1.1" 500 127834
[2026-04-11 14:50:30,119] ERROR django.request: Internal Server Error: /api/meal-plan/generate/
Traceback (most recent call last):
  File "C:\Users\Micie456\PycharmProjects\Diplom\.venv\Lib\site-packages\django\core\handlers\exception.py", line 55, in inner
    response = get_response(request)
               ^^^^^^^^^^^^^^^^^^^^^
  File "C:\Users\Micie456\PycharmProjects\Diplom\.venv\Lib\site-packages\django\core\handlers\base.py", line 198, in _get_response
    response = wrapped_callback(request, *callback_args, **callback_kwargs)
               ^^^^^^^^^^^^^^^^^^^^^^^^^^^^^^^^^^^^^^^^^^^^^^^^^^^^^^^^^^^^
  File "C:\Users\Micie456\PycharmProjects\Diplom\.venv\Lib\site-packages\django\views\decorators\http.py", line 64, in inner
    return func(request, *args, **kwargs)
           ^^^^^^^^^^^^^^^^^^^^^^^^^^^^^^
  File "C:\Users\Micie456\PycharmProjects\Diplom\.venv\Lib\site-packages\django\contrib\auth\decorators.py", line 59, in _view_wrapper
    return view_func(request, *args, **kwargs)
           ^^^^^^^^^^^^^^^^^^^^^^^^^^^^^^^^^^^
  File "C:\Users\Micie456\PycharmProjects\Diplom\diplom\mainapp\views.py", line 266, in generate_meal_plan
    'target_calories': target_calories,
       ^^^^^^^^^^^^^^^^^^^^^^^^^^^^^^^^
  File "C:\Users\Micie456\PycharmProjects\Diplom\.venv\Lib\site-packages\django\http\response.py", line 761, in __init__
    data = json.dumps(data, cls=encoder, **json_dumps_params)
           ^^^^^^^^^^^^^^^^^^^^^^^^^^^^^^^^^^^^^^^^^^^^^^^^^^
  File "C:\Users\Micie456\AppData\Local\Programs\Python\Python312\Lib\json\__init__.py", line 238, in dumps
    **kw).encode(obj)
          ^^^^^^^^^^^
  File "C:\Users\Micie456\AppData\Local\Programs\Python\Python312\Lib\json\encoder.py", line 200, in encode
    chunks = self.iterencode(o, _one_shot=True)
             ^^^^^^^^^^^^^^^^^^^^^^^^^^^^^^^^^^
  File "C:\Users\Micie456\AppData\Local\Programs\Python\Python312\Lib\json\encoder.py", line 258, in iterencode
    return _iterencode(o, 0)
           ^^^^^^^^^^^^^^^^^
  File "C:\Users\Micie456\PycharmProjects\Diplom\.venv\Lib\site-packages\django\core\serializers\json.py", line 113, in default
    return super().default(o)
           ^^^^^^^^^^^^^^^^^^
  File "C:\Users\Micie456\AppData\Local\Programs\Python\Python312\Lib\json\encoder.py", line 180, in default
    raise TypeError(f'Object of type {o.__class__.__name__} '
TypeError: Object of type Recipes is not JSON serializable
[2026-04-11 14:50:30,120] ERROR django.server: "POST /api/meal-plan/generate/ HTTP/1.1" 500 127917
[2026-04-11 14:51:45,111] WARNING django.security.csrf: Forbidden (CSRF cookie not set.): /api/meal-plan/generate/
[2026-04-11 14:51:45,111] WARNING django.server: "POST /api/meal-plan/generate/ HTTP/1.1" 403 2855
[2026-04-11 14:54:51,007] INFO django.utils.autoreload: C:\Users\Micie456\PycharmProjects\Diplom\diplom\mainapp\views.py changed, reloading.
[2026-04-11 14:54:51,023] INFO django.utils.autoreload: C:\Users\Micie456\PycharmProjects\Diplom\diplom\mainapp\views.py changed, reloading.
[2026-04-11 14:54:51,503] INFO django.utils.autoreload: Watching for file changes with StatReloader
[2026-04-11 14:54:51,507] INFO django.utils.autoreload: Watching for file changes with StatReloader
[2026-04-11 14:55:20,138] INFO django.utils.autoreload: C:\Users\Micie456\PycharmProjects\Diplom\diplom\mainapp\views.py changed, reloading.
[2026-04-11 14:55:20,149] INFO django.utils.autoreload: C:\Users\Micie456\PycharmProjects\Diplom\diplom\mainapp\views.py changed, reloading.
[2026-04-11 14:55:20,611] INFO django.utils.autoreload: Watching for file changes with StatReloader
[2026-04-11 14:55:20,616] INFO django.utils.autoreload: Watching for file changes with StatReloader
[2026-04-11 14:55:35,011] INFO django.utils.autoreload: C:\Users\Micie456\PycharmProjects\Diplom\diplom\mainapp\views.py changed, reloading.
[2026-04-11 14:55:35,033] INFO django.utils.autoreload: C:\Users\Micie456\PycharmProjects\Diplom\diplom\mainapp\views.py changed, reloading.
[2026-04-11 14:55:35,501] INFO django.utils.autoreload: Watching for file changes with StatReloader
[2026-04-11 14:55:35,520] INFO django.utils.autoreload: Watching for file changes with StatReloader
[2026-04-11 14:57:39,018] INFO django.utils.autoreload: C:\Users\Micie456\PycharmProjects\Diplom\diplom\mainapp\views.py changed, reloading.
[2026-04-11 14:57:39,028] INFO django.utils.autoreload: C:\Users\Micie456\PycharmProjects\Diplom\diplom\mainapp\views.py changed, reloading.
[2026-04-11 14:57:39,487] INFO django.utils.autoreload: Watching for file changes with StatReloader
[2026-04-11 14:57:39,487] INFO django.utils.autoreload: Watching for file changes with StatReloader
[2026-04-11 14:59:09,350] INFO django.utils.autoreload: Watching for file changes with StatReloader
[2026-04-11 14:59:11,842] INFO django.server: "GET / HTTP/1.1" 200 21170
[2026-04-11 14:59:11,912] WARNING django.server: "GET /static/images/ HTTP/1.1" 404 1949
[2026-04-11 14:59:13,854] INFO django.server: "GET /meal-plan/ HTTP/1.1" 200 47246
[2026-04-11 14:59:19,027] ERROR django.request: Internal Server Error: /api/meal-plan/generate/
Traceback (most recent call last):
  File "C:\Users\Micie456\PycharmProjects\Diplom\.venv\Lib\site-packages\django\core\handlers\exception.py", line 55, in inner
    response = get_response(request)
               ^^^^^^^^^^^^^^^^^^^^^
  File "C:\Users\Micie456\PycharmProjects\Diplom\.venv\Lib\site-packages\django\core\handlers\base.py", line 198, in _get_response
    response = wrapped_callback(request, *callback_args, **callback_kwargs)
               ^^^^^^^^^^^^^^^^^^^^^^^^^^^^^^^^^^^^^^^^^^^^^^^^^^^^^^^^^^^^
  File "C:\Users\Micie456\PycharmProjects\Diplom\.venv\Lib\site-packages\django\views\decorators\http.py", line 64, in inner
    return func(request, *args, **kwargs)
           ^^^^^^^^^^^^^^^^^^^^^^^^^^^^^^
  File "C:\Users\Micie456\PycharmProjects\Diplom\.venv\Lib\site-packages\django\contrib\auth\decorators.py", line 59, in _view_wrapper
    return view_func(request, *args, **kwargs)
           ^^^^^^^^^^^^^^^^^^^^^^^^^^^^^^^^^^^
  File "C:\Users\Micie456\PycharmProjects\Diplom\diplom\mainapp\views.py", line 266, in generate_meal_plan
    return JsonResponse({
       ^^^^^^^^^^^^^^^^^^
  File "C:\Users\Micie456\PycharmProjects\Diplom\.venv\Lib\site-packages\django\http\response.py", line 761, in __init__
    data = json.dumps(data, cls=encoder, **json_dumps_params)
           ^^^^^^^^^^^^^^^^^^^^^^^^^^^^^^^^^^^^^^^^^^^^^^^^^^
  File "C:\Users\Micie456\AppData\Local\Programs\Python\Python312\Lib\json\__init__.py", line 238, in dumps
    **kw).encode(obj)
          ^^^^^^^^^^^
  File "C:\Users\Micie456\AppData\Local\Programs\Python\Python312\Lib\json\encoder.py", line 200, in encode
    chunks = self.iterencode(o, _one_shot=True)
             ^^^^^^^^^^^^^^^^^^^^^^^^^^^^^^^^^^
  File "C:\Users\Micie456\AppData\Local\Programs\Python\Python312\Lib\json\encoder.py", line 258, in iterencode
    return _iterencode(o, 0)
           ^^^^^^^^^^^^^^^^^
  File "C:\Users\Micie456\PycharmProjects\Diplom\.venv\Lib\site-packages\django\core\serializers\json.py", line 113, in default
    return super().default(o)
           ^^^^^^^^^^^^^^^^^^
  File "C:\Users\Micie456\AppData\Local\Programs\Python\Python312\Lib\json\encoder.py", line 180, in default
    raise TypeError(f'Object of type {o.__class__.__name__} '
TypeError: Object of type Recipes is not JSON serializable
[2026-04-11 14:59:19,031] ERROR django.server: "POST /api/meal-plan/generate/ HTTP/1.1" 500 127294
[2026-04-11 14:59:20,001] ERROR django.request: Internal Server Error: /api/meal-plan/generate/
Traceback (most recent call last):
  File "C:\Users\Micie456\PycharmProjects\Diplom\.venv\Lib\site-packages\django\core\handlers\exception.py", line 55, in inner
    response = get_response(request)
               ^^^^^^^^^^^^^^^^^^^^^
  File "C:\Users\Micie456\PycharmProjects\Diplom\.venv\Lib\site-packages\django\core\handlers\base.py", line 198, in _get_response
    response = wrapped_callback(request, *callback_args, **callback_kwargs)
               ^^^^^^^^^^^^^^^^^^^^^^^^^^^^^^^^^^^^^^^^^^^^^^^^^^^^^^^^^^^^
  File "C:\Users\Micie456\PycharmProjects\Diplom\.venv\Lib\site-packages\django\views\decorators\http.py", line 64, in inner
    return func(request, *args, **kwargs)
           ^^^^^^^^^^^^^^^^^^^^^^^^^^^^^^
  File "C:\Users\Micie456\PycharmProjects\Diplom\.venv\Lib\site-packages\django\contrib\auth\decorators.py", line 59, in _view_wrapper
    return view_func(request, *args, **kwargs)
           ^^^^^^^^^^^^^^^^^^^^^^^^^^^^^^^^^^^
  File "C:\Users\Micie456\PycharmProjects\Diplom\diplom\mainapp\views.py", line 266, in generate_meal_plan
    return JsonResponse({
       ^^^^^^^^^^^^^^^^^^
  File "C:\Users\Micie456\PycharmProjects\Diplom\.venv\Lib\site-packages\django\http\response.py", line 761, in __init__
    data = json.dumps(data, cls=encoder, **json_dumps_params)
           ^^^^^^^^^^^^^^^^^^^^^^^^^^^^^^^^^^^^^^^^^^^^^^^^^^
  File "C:\Users\Micie456\AppData\Local\Programs\Python\Python312\Lib\json\__init__.py", line 238, in dumps
    **kw).encode(obj)
          ^^^^^^^^^^^
  File "C:\Users\Micie456\AppData\Local\Programs\Python\Python312\Lib\json\encoder.py", line 200, in encode
    chunks = self.iterencode(o, _one_shot=True)
             ^^^^^^^^^^^^^^^^^^^^^^^^^^^^^^^^^^
  File "C:\Users\Micie456\AppData\Local\Programs\Python\Python312\Lib\json\encoder.py", line 258, in iterencode
    return _iterencode(o, 0)
           ^^^^^^^^^^^^^^^^^
  File "C:\Users\Micie456\PycharmProjects\Diplom\.venv\Lib\site-packages\django\core\serializers\json.py", line 113, in default
    return super().default(o)
           ^^^^^^^^^^^^^^^^^^
  File "C:\Users\Micie456\AppData\Local\Programs\Python\Python312\Lib\json\encoder.py", line 180, in default
    raise TypeError(f'Object of type {o.__class__.__name__} '
TypeError: Object of type Recipes is not JSON serializable
[2026-04-11 14:59:20,002] ERROR django.server: "POST /api/meal-plan/generate/ HTTP/1.1" 500 127976
[2026-04-11 15:00:11,343] WARNING django.request: Not Found: /.well-known/appspecific/com.chrome.devtools.json
[2026-04-11 15:00:11,344] WARNING django.server: "GET /.well-known/appspecific/com.chrome.devtools.json HTTP/1.1" 404 4989
[2026-04-11 15:00:14,111] ERROR django.request: Internal Server Error: /api/meal-plan/generate/
Traceback (most recent call last):
  File "C:\Users\Micie456\PycharmProjects\Diplom\.venv\Lib\site-packages\django\core\handlers\exception.py", line 55, in inner
    response = get_response(request)
               ^^^^^^^^^^^^^^^^^^^^^
  File "C:\Users\Micie456\PycharmProjects\Diplom\.venv\Lib\site-packages\django\core\handlers\base.py", line 198, in _get_response
    response = wrapped_callback(request, *callback_args, **callback_kwargs)
               ^^^^^^^^^^^^^^^^^^^^^^^^^^^^^^^^^^^^^^^^^^^^^^^^^^^^^^^^^^^^
  File "C:\Users\Micie456\PycharmProjects\Diplom\.venv\Lib\site-packages\django\views\decorators\http.py", line 64, in inner
    return func(request, *args, **kwargs)
           ^^^^^^^^^^^^^^^^^^^^^^^^^^^^^^
  File "C:\Users\Micie456\PycharmProjects\Diplom\.venv\Lib\site-packages\django\contrib\auth\decorators.py", line 59, in _view_wrapper
    return view_func(request, *args, **kwargs)
           ^^^^^^^^^^^^^^^^^^^^^^^^^^^^^^^^^^^
  File "C:\Users\Micie456\PycharmProjects\Diplom\diplom\mainapp\views.py", line 266, in generate_meal_plan
    return JsonResponse({
       ^^^^^^^^^^^^^^^^^^
  File "C:\Users\Micie456\PycharmProjects\Diplom\.venv\Lib\site-packages\django\http\response.py", line 761, in __init__
    data = json.dumps(data, cls=encoder, **json_dumps_params)
           ^^^^^^^^^^^^^^^^^^^^^^^^^^^^^^^^^^^^^^^^^^^^^^^^^^
  File "C:\Users\Micie456\AppData\Local\Programs\Python\Python312\Lib\json\__init__.py", line 238, in dumps
    **kw).encode(obj)
          ^^^^^^^^^^^
  File "C:\Users\Micie456\AppData\Local\Programs\Python\Python312\Lib\json\encoder.py", line 200, in encode
    chunks = self.iterencode(o, _one_shot=True)
             ^^^^^^^^^^^^^^^^^^^^^^^^^^^^^^^^^^
  File "C:\Users\Micie456\AppData\Local\Programs\Python\Python312\Lib\json\encoder.py", line 258, in iterencode
    return _iterencode(o, 0)
           ^^^^^^^^^^^^^^^^^
  File "C:\Users\Micie456\PycharmProjects\Diplom\.venv\Lib\site-packages\django\core\serializers\json.py", line 113, in default
    return super().default(o)
           ^^^^^^^^^^^^^^^^^^
  File "C:\Users\Micie456\AppData\Local\Programs\Python\Python312\Lib\json\encoder.py", line 180, in default
    raise TypeError(f'Object of type {o.__class__.__name__} '
TypeError: Object of type Recipes is not JSON serializable
[2026-04-11 15:00:14,113] ERROR django.server: "POST /api/meal-plan/generate/ HTTP/1.1" 500 128138
[2026-04-11 15:00:19,042] ERROR django.request: Internal Server Error: /api/meal-plan/generate/
Traceback (most recent call last):
  File "C:\Users\Micie456\PycharmProjects\Diplom\.venv\Lib\site-packages\django\core\handlers\exception.py", line 55, in inner
    response = get_response(request)
               ^^^^^^^^^^^^^^^^^^^^^
  File "C:\Users\Micie456\PycharmProjects\Diplom\.venv\Lib\site-packages\django\core\handlers\base.py", line 198, in _get_response
    response = wrapped_callback(request, *callback_args, **callback_kwargs)
               ^^^^^^^^^^^^^^^^^^^^^^^^^^^^^^^^^^^^^^^^^^^^^^^^^^^^^^^^^^^^
  File "C:\Users\Micie456\PycharmProjects\Diplom\.venv\Lib\site-packages\django\views\decorators\http.py", line 64, in inner
    return func(request, *args, **kwargs)
           ^^^^^^^^^^^^^^^^^^^^^^^^^^^^^^
  File "C:\Users\Micie456\PycharmProjects\Diplom\.venv\Lib\site-packages\django\contrib\auth\decorators.py", line 59, in _view_wrapper
    return view_func(request, *args, **kwargs)
           ^^^^^^^^^^^^^^^^^^^^^^^^^^^^^^^^^^^
  File "C:\Users\Micie456\PycharmProjects\Diplom\diplom\mainapp\views.py", line 266, in generate_meal_plan
    return JsonResponse({
       ^^^^^^^^^^^^^^^^^^
  File "C:\Users\Micie456\PycharmProjects\Diplom\.venv\Lib\site-packages\django\http\response.py", line 761, in __init__
    data = json.dumps(data, cls=encoder, **json_dumps_params)
           ^^^^^^^^^^^^^^^^^^^^^^^^^^^^^^^^^^^^^^^^^^^^^^^^^^
  File "C:\Users\Micie456\AppData\Local\Programs\Python\Python312\Lib\json\__init__.py", line 238, in dumps
    **kw).encode(obj)
          ^^^^^^^^^^^
  File "C:\Users\Micie456\AppData\Local\Programs\Python\Python312\Lib\json\encoder.py", line 200, in encode
    chunks = self.iterencode(o, _one_shot=True)
             ^^^^^^^^^^^^^^^^^^^^^^^^^^^^^^^^^^
  File "C:\Users\Micie456\AppData\Local\Programs\Python\Python312\Lib\json\encoder.py", line 258, in iterencode
    return _iterencode(o, 0)
           ^^^^^^^^^^^^^^^^^
  File "C:\Users\Micie456\PycharmProjects\Diplom\.venv\Lib\site-packages\django\core\serializers\json.py", line 113, in default
    return super().default(o)
           ^^^^^^^^^^^^^^^^^^
  File "C:\Users\Micie456\AppData\Local\Programs\Python\Python312\Lib\json\encoder.py", line 180, in default
    raise TypeError(f'Object of type {o.__class__.__name__} '
TypeError: Object of type Recipes is not JSON serializable
[2026-04-11 15:00:19,043] ERROR django.server: "POST /api/meal-plan/generate/ HTTP/1.1" 500 127454
[2026-04-11 15:01:54,965] INFO django.utils.autoreload: Watching for file changes with StatReloader
[2026-04-11 15:04:49,398] INFO django.utils.autoreload: Watching for file changes with StatReloader
[2026-04-11 15:04:50,875] INFO django.server: "GET / HTTP/1.1" 200 21170
[2026-04-11 15:04:51,043] WARNING django.server: "GET /static/images/ HTTP/1.1" 404 1949
[2026-04-11 15:04:52,128] INFO django.server: "GET /meal-plan/ HTTP/1.1" 200 47246
[2026-04-11 15:04:53,198] ERROR django.request: Internal Server Error: /api/meal-plan/generate/
[2026-04-11 15:04:53,198] ERROR django.server: "POST /api/meal-plan/generate/ HTTP/1.1" 500 215
[2026-04-11 15:04:57,889] ERROR django.request: Internal Server Error: /api/meal-plan/generate/
[2026-04-11 15:04:57,889] ERROR django.server: "POST /api/meal-plan/generate/ HTTP/1.1" 500 215
[2026-04-11 15:06:29,474] INFO django.utils.autoreload: C:\Users\Micie456\PycharmProjects\Diplom\diplom\mainapp\views.py changed, reloading.
[2026-04-11 15:06:29,934] INFO django.utils.autoreload: Watching for file changes with StatReloader
[2026-04-11 15:08:34,486] INFO django.utils.autoreload: Watching for file changes with StatReloader
[2026-04-11 15:08:37,801] INFO django.server: "GET / HTTP/1.1" 200 21170
[2026-04-11 15:08:37,957] WARNING django.server: "GET /static/images/ HTTP/1.1" 404 1949
[2026-04-11 15:08:39,054] INFO django.server: "GET /meal-plan/ HTTP/1.1" 200 47246
[2026-04-11 15:08:40,879] INFO django.server: "POST /api/meal-plan/generate/ HTTP/1.1" 200 8949
[2026-04-11 15:10:09,632] INFO django.server: "GET /profile/ HTTP/1.1" 200 29
[2026-04-11 15:10:13,652] INFO django.server: "POST /api/meal-plan/generate/ HTTP/1.1" 200 9326
[2026-04-11 15:10:32,976] INFO django.server: "POST /api/meal-plan/generate/ HTTP/1.1" 200 9788
[2026-04-11 15:11:07,951] INFO django.server: "POST /api/meal-plan/generate/ HTTP/1.1" 200 9842
[2026-04-11 15:11:08,674] INFO django.server: "POST /api/meal-plan/generate/ HTTP/1.1" 200 9646
[2026-04-11 15:11:10,110] INFO django.server: "POST /api/meal-plan/generate/ HTTP/1.1" 200 9569
[2026-04-11 15:11:10,692] INFO django.server: "POST /api/meal-plan/generate/ HTTP/1.1" 200 8491
[2026-04-11 15:11:12,116] INFO django.server: "POST /api/meal-plan/generate/ HTTP/1.1" 200 9174
[2026-04-11 15:11:18,144] INFO django.server: "POST /api/meal-plan/generate/ HTTP/1.1" 200 9758
[2026-04-11 15:20:04,683] INFO django.utils.autoreload: Watching for file changes with StatReloader
[2026-04-11 15:20:06,616] INFO django.server: "GET / HTTP/1.1" 200 22016
[2026-04-11 15:20:06,806] WARNING django.server: "GET /static/images/ HTTP/1.1" 404 1949
[2026-04-11 15:20:06,818] WARNING django.server: "GET /static/images/recipes/6_%D0%9E%D0%B2%D1%81%D1%8F%D0%BD%D0%BA%D0%B0_%D0%BD%D0%B0_%D0%BC%D0%BE%D0%BB%D0%BE%D0%BA%D0%B5.jpg HTTP/1.1" 404 2146
[2026-04-11 15:20:06,819] WARNING django.server: "GET /static/images/recipes/9_%D0%A2%D0%B2%D0%BE%D1%80%D0%BE%D0%B3_%D1%81%D0%BE_%D1%81%D0%BC%D0%B5%D1%82%D0%B0%D0%BD%D0%BE%D0%B9.jpg HTTP/1.1" 404 2156
[2026-04-11 15:20:06,826] WARNING django.server: "GET /static/images/recipes/11_%D0%91%D1%83%D1%82%D0%B5%D1%80%D0%B1%D1%80%D0%BE%D0%B4_%D1%81_%D1%81%D1%8B%D1%80%D0%BE%D0%BC.jpg HTTP/1.1" 404 2149
[2026-04-11 15:20:06,833] WARNING django.server: "GET /static/images/recipes/13_%D0%9A%D1%83%D1%80%D0%B8%D0%BD%D0%BE%D0%B5_%D1%84%D0%B8%D0%BB%D0%B5_%D1%81_%D1%80%D0%B8%D1%81%D0%BE%D0%BC.jpg HTTP/1.1" 404 2172
[2026-04-11 15:20:06,834] WARNING django.server: "GET /static/images/recipes/14_%D0%9F%D0%BB%D0%BE%D0%B2_%D1%81_%D0%BA%D1%83%D1%80%D0%B8%D1%86%D0%B5%D0%B9.jpg HTTP/1.1" 404 2119
[2026-04-11 15:20:06,837] WARNING django.server: "GET /static/images/recipes/15_%D0%9C%D0%B0%D0%BA%D0%B0%D1%80%D0%BE%D0%BD%D1%8B_%D0%BF%D0%BE-%D1%84%D0%BB%D0%BE%D1%82%D1%81%D0%BA%D0%B8.jpg HTTP/1.1" 404 2169
[2026-04-11 15:20:06,839] WARNING django.server: "GET /static/images/recipes/16_%D0%91%D0%BE%D1%80%D1%89.jpg HTTP/1.1" 404 2033
[2026-04-11 15:20:06,845] WARNING django.server: "GET /static/images/recipes/17_%D0%9A%D1%83%D1%80%D0%B8%D0%BD%D1%8B%D0%B9_%D1%81%D1%83%D0%BF.jpg HTTP/1.1" 404 2096
[2026-04-11 15:20:06,845] WARNING django.server: "GET /static/images/recipes/21_%D0%93%D0%BE%D1%80%D0%BE%D1%85%D0%BE%D0%B2%D1%8B%D0%B9_%D1%81%D1%83%D0%BF.jpg HTTP/1.1" 404 2116
[2026-04-11 15:20:06,852] WARNING django.server: "GET /static/images/recipes/28_%D0%91%D0%B0%D0%BD%D0%B0%D0%BD%D0%BE%D0%B2%D1%8B%D0%B9_%D1%81%D0%BC%D1%83%D0%B7%D0%B8.jpg HTTP/1.1" 404 2136
[2026-04-11 15:20:06,853] WARNING django.server: "GET /static/images/recipes/30_%D0%A1%D1%8B%D1%80%D0%BD%D0%B8%D0%BA%D0%B8.jpg HTTP/1.1" 404 2063
[2026-04-11 15:20:06,853] WARNING django.server: "GET /static/images/recipes/29_%D0%A1%D0%B0%D0%BB%D0%B0%D1%82_%D0%B8%D0%B7_%D0%BE%D0%B3%D1%83%D1%80%D1%86%D0%BE%D0%B2_%D0%B8_%D0%BF%D0%BE%D0%BC%D0%B8%D0%B4%D0%BE%D1%80%D0%BE%D0%B2.jpg HTTP/1.1" 404 2245
[2026-04-11 15:20:06,858] WARNING django.server: "GET /static/images/recipes/32_%D0%91%D1%83%D1%82%D0%B5%D1%80%D0%B1%D1%80%D0%BE%D0%B4_%D1%81_%D0%B2%D0%B5%D1%82%D1%87%D0%B8%D0%BD%D0%BE%D0%B9.jpg HTTP/1.1" 404 2179
[2026-04-11 15:20:06,864] WARNING django.server: "GET /static/images/recipes/34_%D0%9A%D0%BE%D1%82%D0%BB%D0%B5%D1%82%D1%8B_%D0%BF%D0%BE-%D0%BA%D0%B8%D0%B5%D0%B2%D1%81%D0%BA%D0%B8.jpg HTTP/1.1" 404 2159
[2026-04-11 15:20:06,865] WARNING django.server: "GET /static/images/recipes/23_%D0%93%D1%83%D0%BB%D1%8F%D1%88_%D0%B8%D0%B7_%D0%B3%D0%BE%D0%B2%D1%8F%D0%B4%D0%B8%D0%BD%D1%8B_%D1%81_%D0%BF%D1%8E%D1%80%D0%B5.jpg HTTP/1.1" 404 2205
[2026-04-11 15:20:06,869] WARNING django.server: "GET /static/images/recipes/18_%D0%9A%D0%B0%D1%80%D1%82%D0%BE%D1%84%D0%B5%D0%BB%D1%8C%D0%BD%D0%BE%D0%B5_%D0%BF%D1%8E%D1%80%D0%B5_%D1%81_%D0%BA%D0%BE%D1%82%D0%BB%D0%B5%D1%82%D0%BE%D0%B9.jpg HTTP/1.1" 404 2252
[2026-04-11 15:20:06,875] WARNING django.server: "GET /static/images/recipes/8_%D0%9E%D0%BC%D0%BB%D0%B5%D1%82.jpg HTTP/1.1" 404 2040
[2026-04-11 15:20:06,875] WARNING django.server: "GET /static/images/recipes/27_%D0%96%D0%B0%D1%80%D0%BA%D0%BE%D0%B5_%D0%B8%D0%B7_%D1%81%D0%B2%D0%B8%D0%BD%D0%B8%D0%BD%D1%8B_%D1%81_%D0%BA%D0%B0%D1%80%D1%82%D0%BE%D1%88%D0%BA%D0%BE%D0%B9.jpg HTTP/1.1" 404 2255
[2026-04-11 15:20:08,220] INFO django.server: "GET /compose/ HTTP/1.1" 200 14491
[2026-04-11 15:20:10,109] INFO django.server: "GET /meal-plan/ HTTP/1.1" 200 47246
[2026-04-11 15:20:12,690] INFO django.server: "POST /api/meal-plan/generate/ HTTP/1.1" 200 11167
[2026-04-11 15:20:12,822] INFO django.server: "GET /media/recipes/9_%D0%A2%D0%B2%D0%BE%D1%80%D0%BE%D0%B3_%D1%81%D0%BE_%D1%81%D0%BC%D0%B5%D1%82%D0%B0%D0%BD%D0%BE%D0%B9.jpg HTTP/1.1" 200 14612
[2026-04-11 15:20:12,824] INFO django.server: "GET /media/recipes/11_%D0%91%D1%83%D1%82%D0%B5%D1%80%D0%B1%D1%80%D0%BE%D0%B4_%D1%81_%D1%81%D1%8B%D1%80%D0%BE%D0%BC.jpg HTTP/1.1" 200 16131
[2026-04-11 15:20:12,825] INFO django.server: "GET /media/recipes/6_%D0%9E%D0%B2%D1%81%D1%8F%D0%BD%D0%BA%D0%B0_%D0%BD%D0%B0_%D0%BC%D0%BE%D0%BB%D0%BE%D0%BA%D0%B5.jpg HTTP/1.1" 200 17443
[2026-04-11 15:20:12,825] INFO django.server: "GET /media/recipes/28_%D0%91%D0%B0%D0%BD%D0%B0%D0%BD%D0%BE%D0%B2%D1%8B%D0%B9_%D1%81%D0%BC%D1%83%D0%B7%D0%B8.jpg HTTP/1.1" 200 11197
[2026-04-11 15:20:12,826] INFO django.server: "GET /media/recipes/32_%D0%91%D1%83%D1%82%D0%B5%D1%80%D0%B1%D1%80%D0%BE%D0%B4_%D1%81_%D0%B2%D0%B5%D1%82%D1%87%D0%B8%D0%BD%D0%BE%D0%B9.jpg HTTP/1.1" 200 17530
[2026-04-11 15:20:34,594] INFO django.server: "POST /api/meal-plan/generate/ HTTP/1.1" 200 11480
[2026-04-11 15:20:34,605] INFO django.server: "GET /media/recipes/29_%D0%A1%D0%B0%D0%BB%D0%B0%D1%82_%D0%B8%D0%B7_%D0%BE%D0%B3%D1%83%D1%80%D1%86%D0%BE%D0%B2_%D0%B8_%D0%BF%D0%BE%D0%BC%D0%B8%D0%B4%D0%BE%D1%80%D0%BE%D0%B2.jpg HTTP/1.1" 200 18377
[2026-04-11 15:20:44,174] INFO django.server: "POST /api/meal-plan/generate/ HTTP/1.1" 200 12946
[2026-04-11 15:22:21,955] INFO django.server: "POST /api/meal-plan/generate/ HTTP/1.1" 200 12949
[2026-04-11 15:25:12,803] INFO django.utils.autoreload: C:\Users\Micie456\PycharmProjects\Diplom\diplom\mainapp\models.py changed, reloading.
[2026-04-11 15:25:13,286] INFO django.utils.autoreload: Watching for file changes with StatReloader
[2026-04-11 15:30:16,181] INFO django.utils.autoreload: C:\Users\Micie456\PycharmProjects\Diplom\diplom\mainapp\views.py changed, reloading.
[2026-04-11 15:30:16,648] INFO django.utils.autoreload: Watching for file changes with StatReloader
[2026-04-11 15:36:13,644] INFO django.utils.autoreload: Watching for file changes with StatReloader
[2026-04-11 15:36:15,184] INFO django.server: "GET / HTTP/1.1" 200 22016
[2026-04-11 15:36:15,382] WARNING django.server: "GET /static/images/ HTTP/1.1" 404 1949
[2026-04-11 15:36:15,382] WARNING django.server: "GET /static/images/recipes/9_%D0%A2%D0%B2%D0%BE%D1%80%D0%BE%D0%B3_%D1%81%D0%BE_%D1%81%D0%BC%D0%B5%D1%82%D0%B0%D0%BD%D0%BE%D0%B9.jpg HTTP/1.1" 404 2156
[2026-04-11 15:36:15,384] WARNING django.server: "GET /static/images/recipes/11_%D0%91%D1%83%D1%82%D0%B5%D1%80%D0%B1%D1%80%D0%BE%D0%B4_%D1%81_%D1%81%D1%8B%D1%80%D0%BE%D0%BC.jpg HTTP/1.1" 404 2149
[2026-04-11 15:36:15,391] WARNING django.server: "GET /static/images/recipes/13_%D0%9A%D1%83%D1%80%D0%B8%D0%BD%D0%BE%D0%B5_%D1%84%D0%B8%D0%BB%D0%B5_%D1%81_%D1%80%D0%B8%D1%81%D0%BE%D0%BC.jpg HTTP/1.1" 404 2172
[2026-04-11 15:36:15,393] WARNING django.server: "GET /static/images/recipes/14_%D0%9F%D0%BB%D0%BE%D0%B2_%D1%81_%D0%BA%D1%83%D1%80%D0%B8%D1%86%D0%B5%D0%B9.jpg HTTP/1.1" 404 2119
[2026-04-11 15:36:15,395] WARNING django.server: "GET /static/images/recipes/15_%D0%9C%D0%B0%D0%BA%D0%B0%D1%80%D0%BE%D0%BD%D1%8B_%D0%BF%D0%BE-%D1%84%D0%BB%D0%BE%D1%82%D1%81%D0%BA%D0%B8.jpg HTTP/1.1" 404 2169
[2026-04-11 15:36:15,400] WARNING django.server: "GET /static/images/recipes/16_%D0%91%D0%BE%D1%80%D1%89.jpg HTTP/1.1" 404 2033
[2026-04-11 15:36:15,400] WARNING django.server: "GET /static/images/recipes/17_%D0%9A%D1%83%D1%80%D0%B8%D0%BD%D1%8B%D0%B9_%D1%81%D1%83%D0%BF.jpg HTTP/1.1" 404 2096
[2026-04-11 15:36:15,404] WARNING django.server: "GET /static/images/recipes/21_%D0%93%D0%BE%D1%80%D0%BE%D1%85%D0%BE%D0%B2%D1%8B%D0%B9_%D1%81%D1%83%D0%BF.jpg HTTP/1.1" 404 2116
[2026-04-11 15:36:15,411] WARNING django.server: "GET /static/images/recipes/28_%D0%91%D0%B0%D0%BD%D0%B0%D0%BD%D0%BE%D0%B2%D1%8B%D0%B9_%D1%81%D0%BC%D1%83%D0%B7%D0%B8.jpg HTTP/1.1" 404 2136
[2026-04-11 15:36:15,417] WARNING django.server: "GET /static/images/recipes/29_%D0%A1%D0%B0%D0%BB%D0%B0%D1%82_%D0%B8%D0%B7_%D0%BE%D0%B3%D1%83%D1%80%D1%86%D0%BE%D0%B2_%D0%B8_%D0%BF%D0%BE%D0%BC%D0%B8%D0%B4%D0%BE%D1%80%D0%BE%D0%B2.jpg HTTP/1.1" 404 2245
[2026-04-11 15:36:15,421] WARNING django.server: "GET /static/images/recipes/32_%D0%91%D1%83%D1%82%D0%B5%D1%80%D0%B1%D1%80%D0%BE%D0%B4_%D1%81_%D0%B2%D0%B5%D1%82%D1%87%D0%B8%D0%BD%D0%BE%D0%B9.jpg HTTP/1.1" 404 2179
[2026-04-11 15:36:15,421] WARNING django.server: "GET /static/images/recipes/30_%D0%A1%D1%8B%D1%80%D0%BD%D0%B8%D0%BA%D0%B8.jpg HTTP/1.1" 404 2063
[2026-04-11 15:36:15,424] WARNING django.server: "GET /static/images/recipes/34_%D0%9A%D0%BE%D1%82%D0%BB%D0%B5%D1%82%D1%8B_%D0%BF%D0%BE-%D0%BA%D0%B8%D0%B5%D0%B2%D1%81%D0%BA%D0%B8.jpg HTTP/1.1" 404 2159
[2026-04-11 15:36:15,425] WARNING django.server: "GET /static/images/recipes/23_%D0%93%D1%83%D0%BB%D1%8F%D1%88_%D0%B8%D0%B7_%D0%B3%D0%BE%D0%B2%D1%8F%D0%B4%D0%B8%D0%BD%D1%8B_%D1%81_%D0%BF%D1%8E%D1%80%D0%B5.jpg HTTP/1.1" 404 2205
[2026-04-11 15:36:15,433] WARNING django.server: "GET /static/images/recipes/6_%D0%9E%D0%B2%D1%81%D1%8F%D0%BD%D0%BA%D0%B0_%D0%BD%D0%B0_%D0%BC%D0%BE%D0%BB%D0%BE%D0%BA%D0%B5.jpg HTTP/1.1" 404 2146
[2026-04-11 15:36:15,435] WARNING django.server: "GET /static/images/recipes/18_%D0%9A%D0%B0%D1%80%D1%82%D0%BE%D1%84%D0%B5%D0%BB%D1%8C%D0%BD%D0%BE%D0%B5_%D0%BF%D1%8E%D1%80%D0%B5_%D1%81_%D0%BA%D0%BE%D1%82%D0%BB%D0%B5%D1%82%D0%BE%D0%B9.jpg HTTP/1.1" 404 2252
[2026-04-11 15:36:15,436] WARNING django.server: "GET /static/images/recipes/8_%D0%9E%D0%BC%D0%BB%D0%B5%D1%82.jpg HTTP/1.1" 404 2040
[2026-04-11 15:36:15,436] WARNING django.server: "GET /static/images/recipes/27_%D0%96%D0%B0%D1%80%D0%BA%D0%BE%D0%B5_%D0%B8%D0%B7_%D1%81%D0%B2%D0%B8%D0%BD%D0%B8%D0%BD%D1%8B_%D1%81_%D0%BA%D0%B0%D1%80%D1%82%D0%BE%D1%88%D0%BA%D0%BE%D0%B9.jpg HTTP/1.1" 404 2255
[2026-04-11 15:36:28,289] INFO django.server: "GET /meal-plan/ HTTP/1.1" 200 47246
[2026-04-11 15:36:31,274] INFO django.server: "POST /api/meal-plan/generate/ HTTP/1.1" 200 11936
[2026-04-11 15:36:31,283] INFO django.server: "GET /media/recipes/6_%D0%9E%D0%B2%D1%81%D1%8F%D0%BD%D0%BA%D0%B0_%D0%BD%D0%B0_%D0%BC%D0%BE%D0%BB%D0%BE%D0%BA%D0%B5.jpg HTTP/1.1" 304 0
[2026-04-11 15:36:31,283] INFO django.server: "GET /media/recipes/11_%D0%91%D1%83%D1%82%D0%B5%D1%80%D0%B1%D1%80%D0%BE%D0%B4_%D1%81_%D1%81%D1%8B%D1%80%D0%BE%D0%BC.jpg HTTP/1.1" 304 0
[2026-04-11 15:36:31,285] INFO django.server: "GET /media/recipes/9_%D0%A2%D0%B2%D0%BE%D1%80%D0%BE%D0%B3_%D1%81%D0%BE_%D1%81%D0%BC%D0%B5%D1%82%D0%B0%D0%BD%D0%BE%D0%B9.jpg HTTP/1.1" 304 0
[2026-04-11 15:36:31,286] INFO django.server: "GET /media/recipes/28_%D0%91%D0%B0%D0%BD%D0%B0%D0%BD%D0%BE%D0%B2%D1%8B%D0%B9_%D1%81%D0%BC%D1%83%D0%B7%D0%B8.jpg HTTP/1.1" 304 0
[2026-04-11 15:36:31,286] INFO django.server: "GET /media/recipes/32_%D0%91%D1%83%D1%82%D0%B5%D1%80%D0%B1%D1%80%D0%BE%D0%B4_%D1%81_%D0%B2%D0%B5%D1%82%D1%87%D0%B8%D0%BD%D0%BE%D0%B9.jpg HTTP/1.1" 304 0
[2026-04-11 15:36:31,287] INFO django.server: "GET /media/recipes/29_%D0%A1%D0%B0%D0%BB%D0%B0%D1%82_%D0%B8%D0%B7_%D0%BE%D0%B3%D1%83%D1%80%D1%86%D0%BE%D0%B2_%D0%B8_%D0%BF%D0%BE%D0%BC%D0%B8%D0%B4%D0%BE%D1%80%D0%BE%D0%B2.jpg HTTP/1.1" 304 0
[2026-04-11 15:41:42,621] INFO django.utils.autoreload: C:\Users\Micie456\PycharmProjects\Diplom\diplom\mainapp\views.py changed, reloading.
[2026-04-11 15:41:43,092] INFO django.utils.autoreload: Watching for file changes with StatReloader
[2026-04-11 15:42:04,534] INFO django.utils.autoreload: Watching for file changes with StatReloader
[2026-04-11 15:42:06,386] INFO django.server: "GET / HTTP/1.1" 200 22016
[2026-04-11 15:42:06,583] WARNING django.server: "GET /static/images/ HTTP/1.1" 404 1949
[2026-04-11 15:42:06,590] WARNING django.server: "GET /static/images/recipes/9_%D0%A2%D0%B2%D0%BE%D1%80%D0%BE%D0%B3_%D1%81%D0%BE_%D1%81%D0%BC%D0%B5%D1%82%D0%B0%D0%BD%D0%BE%D0%B9.jpg HTTP/1.1" 404 2156
[2026-04-11 15:42:06,590] WARNING django.server: "GET /static/images/recipes/11_%D0%91%D1%83%D1%82%D0%B5%D1%80%D0%B1%D1%80%D0%BE%D0%B4_%D1%81_%D1%81%D1%8B%D1%80%D0%BE%D0%BC.jpg HTTP/1.1" 404 2149
[2026-04-11 15:42:06,600] WARNING django.server: "GET /static/images/recipes/13_%D0%9A%D1%83%D1%80%D0%B8%D0%BD%D0%BE%D0%B5_%D1%84%D0%B8%D0%BB%D0%B5_%D1%81_%D1%80%D0%B8%D1%81%D0%BE%D0%BC.jpg HTTP/1.1" 404 2172
[2026-04-11 15:42:06,603] WARNING django.server: "GET /static/images/recipes/14_%D0%9F%D0%BB%D0%BE%D0%B2_%D1%81_%D0%BA%D1%83%D1%80%D0%B8%D1%86%D0%B5%D0%B9.jpg HTTP/1.1" 404 2119
[2026-04-11 15:42:06,603] WARNING django.server: "GET /static/images/recipes/15_%D0%9C%D0%B0%D0%BA%D0%B0%D1%80%D0%BE%D0%BD%D1%8B_%D0%BF%D0%BE-%D1%84%D0%BB%D0%BE%D1%82%D1%81%D0%BA%D0%B8.jpg HTTP/1.1" 404 2169
[2026-04-11 15:42:06,604] WARNING django.server: "GET /static/images/recipes/16_%D0%91%D0%BE%D1%80%D1%89.jpg HTTP/1.1" 404 2033
[2026-04-11 15:42:06,610] WARNING django.server: "GET /static/images/recipes/17_%D0%9A%D1%83%D1%80%D0%B8%D0%BD%D1%8B%D0%B9_%D1%81%D1%83%D0%BF.jpg HTTP/1.1" 404 2096
[2026-04-11 15:42:06,612] WARNING django.server: "GET /static/images/recipes/21_%D0%93%D0%BE%D1%80%D0%BE%D1%85%D0%BE%D0%B2%D1%8B%D0%B9_%D1%81%D1%83%D0%BF.jpg HTTP/1.1" 404 2116
[2026-04-11 15:42:06,613] WARNING django.server: "GET /static/images/recipes/28_%D0%91%D0%B0%D0%BD%D0%B0%D0%BD%D0%BE%D0%B2%D1%8B%D0%B9_%D1%81%D0%BC%D1%83%D0%B7%D0%B8.jpg HTTP/1.1" 404 2136
[2026-04-11 15:42:06,619] WARNING django.server: "GET /static/images/recipes/30_%D0%A1%D1%8B%D1%80%D0%BD%D0%B8%D0%BA%D0%B8.jpg HTTP/1.1" 404 2063
[2026-04-11 15:42:06,623] WARNING django.server: "GET /static/images/recipes/29_%D0%A1%D0%B0%D0%BB%D0%B0%D1%82_%D0%B8%D0%B7_%D0%BE%D0%B3%D1%83%D1%80%D1%86%D0%BE%D0%B2_%D0%B8_%D0%BF%D0%BE%D0%BC%D0%B8%D0%B4%D0%BE%D1%80%D0%BE%D0%B2.jpg HTTP/1.1" 404 2245
[2026-04-11 15:42:06,624] WARNING django.server: "GET /static/images/recipes/32_%D0%91%D1%83%D1%82%D0%B5%D1%80%D0%B1%D1%80%D0%BE%D0%B4_%D1%81_%D0%B2%D0%B5%D1%82%D1%87%D0%B8%D0%BD%D0%BE%D0%B9.jpg HTTP/1.1" 404 2179
[2026-04-11 15:42:06,628] WARNING django.server: "GET /static/images/recipes/34_%D0%9A%D0%BE%D1%82%D0%BB%D0%B5%D1%82%D1%8B_%D0%BF%D0%BE-%D0%BA%D0%B8%D0%B5%D0%B2%D1%81%D0%BA%D0%B8.jpg HTTP/1.1" 404 2159
[2026-04-11 15:42:06,629] WARNING django.server: "GET /static/images/recipes/23_%D0%93%D1%83%D0%BB%D1%8F%D1%88_%D0%B8%D0%B7_%D0%B3%D0%BE%D0%B2%D1%8F%D0%B4%D0%B8%D0%BD%D1%8B_%D1%81_%D0%BF%D1%8E%D1%80%D0%B5.jpg HTTP/1.1" 404 2205
[2026-04-11 15:42:06,643] WARNING django.server: "GET /static/images/recipes/6_%D0%9E%D0%B2%D1%81%D1%8F%D0%BD%D0%BA%D0%B0_%D0%BD%D0%B0_%D0%BC%D0%BE%D0%BB%D0%BE%D0%BA%D0%B5.jpg HTTP/1.1" 404 2146
[2026-04-11 15:42:06,644] WARNING django.server: "GET /static/images/recipes/18_%D0%9A%D0%B0%D1%80%D1%82%D0%BE%D1%84%D0%B5%D0%BB%D1%8C%D0%BD%D0%BE%D0%B5_%D0%BF%D1%8E%D1%80%D0%B5_%D1%81_%D0%BA%D0%BE%D1%82%D0%BB%D0%B5%D1%82%D0%BE%D0%B9.jpg HTTP/1.1" 404 2252
[2026-04-11 15:42:06,644] WARNING django.server: "GET /static/images/recipes/8_%D0%9E%D0%BC%D0%BB%D0%B5%D1%82.jpg HTTP/1.1" 404 2040
[2026-04-11 15:42:06,648] WARNING django.server: "GET /static/images/recipes/27_%D0%96%D0%B0%D1%80%D0%BA%D0%BE%D0%B5_%D0%B8%D0%B7_%D1%81%D0%B2%D0%B8%D0%BD%D0%B8%D0%BD%D1%8B_%D1%81_%D0%BA%D0%B0%D1%80%D1%82%D0%BE%D1%88%D0%BA%D0%BE%D0%B9.jpg HTTP/1.1" 404 2255
[2026-04-11 15:42:11,305] INFO django.server: "GET /meal-plan/ HTTP/1.1" 200 47246
[2026-04-11 15:42:13,574] INFO django.server: "POST /api/meal-plan/generate/ HTTP/1.1" 200 12980
[2026-04-11 15:42:13,582] INFO django.server: "GET /media/recipes/29_%D0%A1%D0%B0%D0%BB%D0%B0%D1%82_%D0%B8%D0%B7_%D0%BE%D0%B3%D1%83%D1%80%D1%86%D0%BE%D0%B2_%D0%B8_%D0%BF%D0%BE%D0%BC%D0%B8%D0%B4%D0%BE%D1%80%D0%BE%D0%B2.jpg HTTP/1.1" 304 0
[2026-04-11 15:42:13,582] INFO django.server: "GET /media/recipes/32_%D0%91%D1%83%D1%82%D0%B5%D1%80%D0%B1%D1%80%D0%BE%D0%B4_%D1%81_%D0%B2%D0%B5%D1%82%D1%87%D0%B8%D0%BD%D0%BE%D0%B9.jpg HTTP/1.1" 304 0
[2026-04-11 15:42:13,583] INFO django.server: "GET /media/recipes/6_%D0%9E%D0%B2%D1%81%D1%8F%D0%BD%D0%BA%D0%B0_%D0%BD%D0%B0_%D0%BC%D0%BE%D0%BB%D0%BE%D0%BA%D0%B5.jpg HTTP/1.1" 304 0
[2026-04-11 15:42:13,584] INFO django.server: "GET /media/recipes/9_%D0%A2%D0%B2%D0%BE%D1%80%D0%BE%D0%B3_%D1%81%D0%BE_%D1%81%D0%BC%D0%B5%D1%82%D0%B0%D0%BD%D0%BE%D0%B9.jpg HTTP/1.1" 304 0
[2026-04-11 15:42:13,585] INFO django.server: "GET /media/recipes/28_%D0%91%D0%B0%D0%BD%D0%B0%D0%BD%D0%BE%D0%B2%D1%8B%D0%B9_%D1%81%D0%BC%D1%83%D0%B7%D0%B8.jpg HTTP/1.1" 304 0
[2026-04-11 15:42:13,585] INFO django.server: "GET /media/recipes/11_%D0%91%D1%83%D1%82%D0%B5%D1%80%D0%B1%D1%80%D0%BE%D0%B4_%D1%81_%D1%81%D1%8B%D1%80%D0%BE%D0%BC.jpg HTTP/1.1" 304 0
[2026-04-11 15:42:16,909] INFO django.server: "POST /api/meal-plan/generate/ HTTP/1.1" 200 11877
[2026-04-11 15:42:42,946] INFO django.server: "GET / HTTP/1.1" 200 22016
[2026-04-11 15:42:42,997] WARNING django.server: "GET /static/images/ HTTP/1.1" 404 1949
[2026-04-11 15:42:43,009] WARNING django.server: "GET /static/images/recipes/14_%D0%9F%D0%BB%D0%BE%D0%B2_%D1%81_%D0%BA%D1%83%D1%80%D0%B8%D1%86%D0%B5%D0%B9.jpg HTTP/1.1" 404 2119
[2026-04-11 15:42:43,009] WARNING django.server: "GET /static/images/recipes/11_%D0%91%D1%83%D1%82%D0%B5%D1%80%D0%B1%D1%80%D0%BE%D0%B4_%D1%81_%D1%81%D1%8B%D1%80%D0%BE%D0%BC.jpg HTTP/1.1" 404 2149
[2026-04-11 15:42:43,010] WARNING django.server: "GET /static/images/recipes/13_%D0%9A%D1%83%D1%80%D0%B8%D0%BD%D0%BE%D0%B5_%D1%84%D0%B8%D0%BB%D0%B5_%D1%81_%D1%80%D0%B8%D1%81%D0%BE%D0%BC.jpg HTTP/1.1" 404 2172
[2026-04-11 15:42:43,010] WARNING django.server: "GET /static/images/recipes/9_%D0%A2%D0%B2%D0%BE%D1%80%D0%BE%D0%B3_%D1%81%D0%BE_%D1%81%D0%BC%D0%B5%D1%82%D0%B0%D0%BD%D0%BE%D0%B9.jpg HTTP/1.1" 404 2156
[2026-04-11 15:42:43,010] WARNING django.server: "GET /static/images/recipes/15_%D0%9C%D0%B0%D0%BA%D0%B0%D1%80%D0%BE%D0%BD%D1%8B_%D0%BF%D0%BE-%D1%84%D0%BB%D0%BE%D1%82%D1%81%D0%BA%D0%B8.jpg HTTP/1.1" 404 2169
[2026-04-11 15:42:43,075] WARNING django.server: "GET /static/images/recipes/16_%D0%91%D0%BE%D1%80%D1%89.jpg HTTP/1.1" 404 2033
[2026-04-11 15:42:43,153] WARNING django.server: "GET /static/images/recipes/17_%D0%9A%D1%83%D1%80%D0%B8%D0%BD%D1%8B%D0%B9_%D1%81%D1%83%D0%BF.jpg HTTP/1.1" 404 2096
[2026-04-11 15:42:43,154] WARNING django.server: "GET /static/images/recipes/21_%D0%93%D0%BE%D1%80%D0%BE%D1%85%D0%BE%D0%B2%D1%8B%D0%B9_%D1%81%D1%83%D0%BF.jpg HTTP/1.1" 404 2116
[2026-04-11 15:42:43,162] WARNING django.server: "GET /static/images/recipes/28_%D0%91%D0%B0%D0%BD%D0%B0%D0%BD%D0%BE%D0%B2%D1%8B%D0%B9_%D1%81%D0%BC%D1%83%D0%B7%D0%B8.jpg HTTP/1.1" 404 2136
[2026-04-11 15:42:43,166] WARNING django.server: "GET /static/images/recipes/29_%D0%A1%D0%B0%D0%BB%D0%B0%D1%82_%D0%B8%D0%B7_%D0%BE%D0%B3%D1%83%D1%80%D1%86%D0%BE%D0%B2_%D0%B8_%D0%BF%D0%BE%D0%BC%D0%B8%D0%B4%D0%BE%D1%80%D0%BE%D0%B2.jpg HTTP/1.1" 404 2245
[2026-04-11 15:42:43,167] WARNING django.server: "GET /static/images/recipes/30_%D0%A1%D1%8B%D1%80%D0%BD%D0%B8%D0%BA%D0%B8.jpg HTTP/1.1" 404 2063
[2026-04-11 15:42:43,168] WARNING django.server: "GET /static/images/recipes/32_%D0%91%D1%83%D1%82%D0%B5%D1%80%D0%B1%D1%80%D0%BE%D0%B4_%D1%81_%D0%B2%D0%B5%D1%82%D1%87%D0%B8%D0%BD%D0%BE%D0%B9.jpg HTTP/1.1" 404 2179
[2026-04-11 15:42:43,172] WARNING django.server: "GET /static/images/recipes/34_%D0%9A%D0%BE%D1%82%D0%BB%D0%B5%D1%82%D1%8B_%D0%BF%D0%BE-%D0%BA%D0%B8%D0%B5%D0%B2%D1%81%D0%BA%D0%B8.jpg HTTP/1.1" 404 2159
[2026-04-11 15:42:43,179] WARNING django.server: "GET /static/images/recipes/23_%D0%93%D1%83%D0%BB%D1%8F%D1%88_%D0%B8%D0%B7_%D0%B3%D0%BE%D0%B2%D1%8F%D0%B4%D0%B8%D0%BD%D1%8B_%D1%81_%D0%BF%D1%8E%D1%80%D0%B5.jpg HTTP/1.1" 404 2205
[2026-04-11 15:42:43,179] WARNING django.server: "GET /static/images/recipes/6_%D0%9E%D0%B2%D1%81%D1%8F%D0%BD%D0%BA%D0%B0_%D0%BD%D0%B0_%D0%BC%D0%BE%D0%BB%D0%BE%D0%BA%D0%B5.jpg HTTP/1.1" 404 2146
[2026-04-11 15:42:43,180] WARNING django.server: "GET /static/images/recipes/18_%D0%9A%D0%B0%D1%80%D1%82%D0%BE%D1%84%D0%B5%D0%BB%D1%8C%D0%BD%D0%BE%D0%B5_%D0%BF%D1%8E%D1%80%D0%B5_%D1%81_%D0%BA%D0%BE%D1%82%D0%BB%D0%B5%D1%82%D0%BE%D0%B9.jpg HTTP/1.1" 404 2252
[2026-04-11 15:42:43,184] WARNING django.server: "GET /static/images/recipes/8_%D0%9E%D0%BC%D0%BB%D0%B5%D1%82.jpg HTTP/1.1" 404 2040
[2026-04-11 15:42:43,184] WARNING django.server: "GET /static/images/recipes/27_%D0%96%D0%B0%D1%80%D0%BA%D0%BE%D0%B5_%D0%B8%D0%B7_%D1%81%D0%B2%D0%B8%D0%BD%D0%B8%D0%BD%D1%8B_%D1%81_%D0%BA%D0%B0%D1%80%D1%82%D0%BE%D1%88%D0%BA%D0%BE%D0%B9.jpg HTTP/1.1" 404 2255
[2026-04-11 15:44:08,250] INFO django.utils.autoreload: Watching for file changes with StatReloader
[2026-04-11 15:44:10,182] INFO django.server: "GET / HTTP/1.1" 200 22016
[2026-04-11 15:44:10,354] WARNING django.server: "GET /static/images/ HTTP/1.1" 404 1949
[2026-04-11 15:44:10,355] WARNING django.server: "GET /static/images/recipes/9_%D0%A2%D0%B2%D0%BE%D1%80%D0%BE%D0%B3_%D1%81%D0%BE_%D1%81%D0%BC%D0%B5%D1%82%D0%B0%D0%BD%D0%BE%D0%B9.jpg HTTP/1.1" 404 2156
[2026-04-11 15:44:10,365] WARNING django.server: "GET /static/images/recipes/11_%D0%91%D1%83%D1%82%D0%B5%D1%80%D0%B1%D1%80%D0%BE%D0%B4_%D1%81_%D1%81%D1%8B%D1%80%D0%BE%D0%BC.jpg HTTP/1.1" 404 2149
[2026-04-11 15:44:10,368] WARNING django.server: "GET /static/images/recipes/14_%D0%9F%D0%BB%D0%BE%D0%B2_%D1%81_%D0%BA%D1%83%D1%80%D0%B8%D1%86%D0%B5%D0%B9.jpg HTTP/1.1" 404 2119
[2026-04-11 15:44:10,368] WARNING django.server: "GET /static/images/recipes/13_%D0%9A%D1%83%D1%80%D0%B8%D0%BD%D0%BE%D0%B5_%D1%84%D0%B8%D0%BB%D0%B5_%D1%81_%D1%80%D0%B8%D1%81%D0%BE%D0%BC.jpg HTTP/1.1" 404 2172
[2026-04-11 15:44:10,369] WARNING django.server: "GET /static/images/recipes/15_%D0%9C%D0%B0%D0%BA%D0%B0%D1%80%D0%BE%D0%BD%D1%8B_%D0%BF%D0%BE-%D1%84%D0%BB%D0%BE%D1%82%D1%81%D0%BA%D0%B8.jpg HTTP/1.1" 404 2169
[2026-04-11 15:44:10,374] WARNING django.server: "GET /static/images/recipes/17_%D0%9A%D1%83%D1%80%D0%B8%D0%BD%D1%8B%D0%B9_%D1%81%D1%83%D0%BF.jpg HTTP/1.1" 404 2096
[2026-04-11 15:44:10,375] WARNING django.server: "GET /static/images/recipes/16_%D0%91%D0%BE%D1%80%D1%89.jpg HTTP/1.1" 404 2033
[2026-04-11 15:44:10,384] WARNING django.server: "GET /static/images/recipes/21_%D0%93%D0%BE%D1%80%D0%BE%D1%85%D0%BE%D0%B2%D1%8B%D0%B9_%D1%81%D1%83%D0%BF.jpg HTTP/1.1" 404 2116
[2026-04-11 15:44:10,384] WARNING django.server: "GET /static/images/recipes/28_%D0%91%D0%B0%D0%BD%D0%B0%D0%BD%D0%BE%D0%B2%D1%8B%D0%B9_%D1%81%D0%BC%D1%83%D0%B7%D0%B8.jpg HTTP/1.1" 404 2136
[2026-04-11 15:44:10,388] WARNING django.server: "GET /static/images/recipes/29_%D0%A1%D0%B0%D0%BB%D0%B0%D1%82_%D0%B8%D0%B7_%D0%BE%D0%B3%D1%83%D1%80%D1%86%D0%BE%D0%B2_%D0%B8_%D0%BF%D0%BE%D0%BC%D0%B8%D0%B4%D0%BE%D1%80%D0%BE%D0%B2.jpg HTTP/1.1" 404 2245
[2026-04-11 15:44:10,391] WARNING django.server: "GET /static/images/recipes/30_%D0%A1%D1%8B%D1%80%D0%BD%D0%B8%D0%BA%D0%B8.jpg HTTP/1.1" 404 2063
[2026-04-11 15:44:10,395] WARNING django.server: "GET /static/images/recipes/32_%D0%91%D1%83%D1%82%D0%B5%D1%80%D0%B1%D1%80%D0%BE%D0%B4_%D1%81_%D0%B2%D0%B5%D1%82%D1%87%D0%B8%D0%BD%D0%BE%D0%B9.jpg HTTP/1.1" 404 2179
[2026-04-11 15:44:10,396] WARNING django.server: "GET /static/images/recipes/34_%D0%9A%D0%BE%D1%82%D0%BB%D0%B5%D1%82%D1%8B_%D0%BF%D0%BE-%D0%BA%D0%B8%D0%B5%D0%B2%D1%81%D0%BA%D0%B8.jpg HTTP/1.1" 404 2159
[2026-04-11 15:44:10,402] WARNING django.server: "GET /static/images/recipes/23_%D0%93%D1%83%D0%BB%D1%8F%D1%88_%D0%B8%D0%B7_%D0%B3%D0%BE%D0%B2%D1%8F%D0%B4%D0%B8%D0%BD%D1%8B_%D1%81_%D0%BF%D1%8E%D1%80%D0%B5.jpg HTTP/1.1" 404 2205
[2026-04-11 15:44:10,403] WARNING django.server: "GET /static/images/recipes/6_%D0%9E%D0%B2%D1%81%D1%8F%D0%BD%D0%BA%D0%B0_%D0%BD%D0%B0_%D0%BC%D0%BE%D0%BB%D0%BE%D0%BA%D0%B5.jpg HTTP/1.1" 404 2146
[2026-04-11 15:44:10,409] WARNING django.server: "GET /static/images/recipes/18_%D0%9A%D0%B0%D1%80%D1%82%D0%BE%D1%84%D0%B5%D0%BB%D1%8C%D0%BD%D0%BE%D0%B5_%D0%BF%D1%8E%D1%80%D0%B5_%D1%81_%D0%BA%D0%BE%D1%82%D0%BB%D0%B5%D1%82%D0%BE%D0%B9.jpg HTTP/1.1" 404 2252
[2026-04-11 15:44:10,409] WARNING django.server: "GET /static/images/recipes/8_%D0%9E%D0%BC%D0%BB%D0%B5%D1%82.jpg HTTP/1.1" 404 2040
[2026-04-11 15:44:10,409] WARNING django.server: "GET /static/images/recipes/27_%D0%96%D0%B0%D1%80%D0%BA%D0%BE%D0%B5_%D0%B8%D0%B7_%D1%81%D0%B2%D0%B8%D0%BD%D0%B8%D0%BD%D1%8B_%D1%81_%D0%BA%D0%B0%D1%80%D1%82%D0%BE%D1%88%D0%BA%D0%BE%D0%B9.jpg HTTP/1.1" 404 2255
[2026-04-11 15:46:06,480] INFO django.utils.autoreload: Watching for file changes with StatReloader
[2026-04-11 15:46:09,188] INFO django.server: "GET / HTTP/1.1" 200 4724
[2026-04-11 15:46:13,299] INFO django.server: "GET /meal-plan/ HTTP/1.1" 200 48286
[2026-04-11 15:46:20,331] INFO django.server: "POST /api/meal-plan/generate/ HTTP/1.1" 200 12353
[2026-04-11 15:46:20,340] INFO django.server: "GET /media/recipes/11_%D0%91%D1%83%D1%82%D0%B5%D1%80%D0%B1%D1%80%D0%BE%D0%B4_%D1%81_%D1%81%D1%8B%D1%80%D0%BE%D0%BC.jpg HTTP/1.1" 304 0
[2026-04-11 15:46:20,344] WARNING django.request: Not Found: /media/diplom_1.jpg
[2026-04-11 15:46:20,346] INFO django.server: "GET /media/recipes/9_%D0%A2%D0%B2%D0%BE%D1%80%D0%BE%D0%B3_%D1%81%D0%BE_%D1%81%D0%BC%D0%B5%D1%82%D0%B0%D0%BD%D0%BE%D0%B9.jpg HTTP/1.1" 304 0
[2026-04-11 15:46:20,346] WARNING django.server: "GET /media/diplom_1.jpg HTTP/1.1" 404 5127
[2026-04-11 15:46:20,346] INFO django.server: "GET /media/recipes/6_%D0%9E%D0%B2%D1%81%D1%8F%D0%BD%D0%BA%D0%B0_%D0%BD%D0%B0_%D0%BC%D0%BE%D0%BB%D0%BE%D0%BA%D0%B5.jpg HTTP/1.1" 304 0
[2026-04-11 15:46:20,384] INFO django.server: "GET /media/recipes/17_%D0%9A%D1%83%D1%80%D0%B8%D0%BD%D1%8B%D0%B9_%D1%81%D1%83%D0%BF.jpg HTTP/1.1" 200 16283
[2026-04-11 15:46:39,035] INFO django.server: "POST /api/meal-plan/generate/ HTTP/1.1" 200 12751
[2026-04-11 15:46:39,043] WARNING django.request: Not Found: /media/diplom_1.jpg
[2026-04-11 15:46:39,043] WARNING django.server: "GET /media/diplom_1.jpg HTTP/1.1" 404 5127
[2026-04-11 15:48:33,815] INFO django.utils.autoreload: C:\Users\Micie456\PycharmProjects\Diplom\diplom\mainapp\views.py changed, reloading.
[2026-04-11 15:48:34,276] INFO django.utils.autoreload: Watching for file changes with StatReloader
[2026-04-11 15:52:13,057] INFO django.utils.autoreload: Watching for file changes with StatReloader
[2026-04-11 15:52:15,386] INFO django.server: "GET / HTTP/1.1" 200 4724
[2026-04-11 15:52:17,737] INFO django.server: "GET /meal-plan/ HTTP/1.1" 200 48286
[2026-04-11 15:52:27,720] INFO django.server: "POST /api/meal-plan/generate/ HTTP/1.1" 200 11754
[2026-04-11 15:52:27,727] INFO django.server: "GET /media/recipes/9_%D0%A2%D0%B2%D0%BE%D1%80%D0%BE%D0%B3_%D1%81%D0%BE_%D1%81%D0%BC%D0%B5%D1%82%D0%B0%D0%BD%D0%BE%D0%B9.jpg HTTP/1.1" 304 0
[2026-04-11 15:52:27,727] INFO django.server: "GET /media/recipes/17_%D0%9A%D1%83%D1%80%D0%B8%D0%BD%D1%8B%D0%B9_%D1%81%D1%83%D0%BF.jpg HTTP/1.1" 304 0
[2026-04-11 15:52:27,731] WARNING django.request: Not Found: /media/diplom_1.jpg
[2026-04-11 15:52:27,732] WARNING django.server: "GET /media/diplom_1.jpg HTTP/1.1" 404 5127
[2026-04-11 15:52:39,024] INFO django.server: "POST /api/meal-plan/generate/ HTTP/1.1" 200 11850
[2026-04-11 15:52:39,031] WARNING django.request: Not Found: /media/diplom_1.jpg
[2026-04-11 15:52:39,031] WARNING django.server: "GET /media/diplom_1.jpg HTTP/1.1" 404 5127
[2026-04-11 15:53:40,761] INFO django.utils.autoreload: C:\Users\Micie456\PycharmProjects\Diplom\diplom\mainapp\views.py changed, reloading.
[2026-04-11 15:53:41,215] INFO django.utils.autoreload: Watching for file changes with StatReloader
[2026-04-11 15:54:11,978] INFO django.utils.autoreload: C:\Users\Micie456\PycharmProjects\Diplom\diplom\mainapp\views.py changed, reloading.
[2026-04-11 15:54:12,434] INFO django.utils.autoreload: Watching for file changes with StatReloader
[2026-04-11 15:54:58,690] INFO django.utils.autoreload: Watching for file changes with StatReloader
[2026-04-11 15:55:00,108] INFO django.server: "GET / HTTP/1.1" 200 4724
[2026-04-11 15:55:01,121] INFO django.server: "GET /meal-plan/ HTTP/1.1" 200 48286
[2026-04-11 15:55:07,620] INFO django.server: "POST /api/meal-plan/generate/ HTTP/1.1" 200 11610
[2026-04-11 15:55:07,629] WARNING django.request: Not Found: /media/diplom_1.jpg
[2026-04-11 15:55:07,629] WARNING django.server: "GET /media/diplom_1.jpg HTTP/1.1" 404 5127
[2026-04-11 15:55:14,989] INFO django.server: "GET /meal-plan/ HTTP/1.1" 200 48286
[2026-04-11 15:55:15,061] INFO django.server: "GET /static/css/style.css HTTP/1.1" 200 5830
[2026-04-11 15:55:15,119] INFO django.server: "GET /static/images/bg-cooking.jpg HTTP/1.1" 200 285125
[2026-04-11 15:55:15,443] WARNING django.request: Not Found: /favicon.ico
[2026-04-11 15:55:15,443] WARNING django.server: "GET /favicon.ico HTTP/1.1" 404 4878
[2026-04-11 15:55:20,689] INFO django.server: "POST /api/meal-plan/generate/ HTTP/1.1" 200 12617
[2026-04-11 15:55:20,700] INFO django.server: "GET /media/recipes/6_%D0%9E%D0%B2%D1%81%D1%8F%D0%BD%D0%BA%D0%B0_%D0%BD%D0%B0_%D0%BC%D0%BE%D0%BB%D0%BE%D0%BA%D0%B5.jpg HTTP/1.1" 304 0
[2026-04-11 15:55:20,707] WARNING django.request: Not Found: /media/Diplom_2.jpg
[2026-04-11 15:55:20,708] WARNING django.server: "GET /media/Diplom_2.jpg HTTP/1.1" 404 5127
[2026-04-11 15:55:20,709] INFO django.server: "GET /media/recipes/23_%D0%93%D1%83%D0%BB%D1%8F%D1%88_%D0%B8%D0%B7_%D0%B3%D0%BE%D0%B2%D1%8F%D0%B4%D0%B8%D0%BD%D1%8B_%D1%81_%D0%BF%D1%8E%D1%80%D0%B5.jpg HTTP/1.1" 200 13406
[2026-04-11 15:55:20,709] INFO django.server: "GET /media/recipes/8_%D0%9E%D0%BC%D0%BB%D0%B5%D1%82.jpg HTTP/1.1" 200 20294
[2026-04-11 15:55:20,710] INFO django.server: "GET /media/recipes/15_%D0%9C%D0%B0%D0%BA%D0%B0%D1%80%D0%BE%D0%BD%D1%8B_%D0%BF%D0%BE-%D1%84%D0%BB%D0%BE%D1%82%D1%81%D0%BA%D0%B8.jpg HTTP/1.1" 200 22069
[2026-04-11 15:55:20,710] INFO django.server: "GET /media/recipes/14_%D0%9F%D0%BB%D0%BE%D0%B2_%D1%81_%D0%BA%D1%83%D1%80%D0%B8%D1%86%D0%B5%D0%B9.jpg HTTP/1.1" 200 13140
[2026-04-11 15:55:20,710] INFO django.server: "GET /media/recipes/34_%D0%9A%D0%BE%D1%82%D0%BB%D0%B5%D1%82%D1%8B_%D0%BF%D0%BE-%D0%BA%D0%B8%D0%B5%D0%B2%D1%81%D0%BA%D0%B8.jpg HTTP/1.1" 200 19054
[2026-04-11 15:55:20,717] WARNING django.request: Not Found: /media/Diplom_3.jpg
[2026-04-11 15:55:20,720] WARNING django.request: Not Found: /media/Diplom4.jpg
[2026-04-11 15:55:20,721] INFO django.server: "GET /media/recipes/11_%D0%91%D1%83%D1%82%D0%B5%D1%80%D0%B1%D1%80%D0%BE%D0%B4_%D1%81_%D1%81%D1%8B%D1%80%D0%BE%D0%BC.jpg HTTP/1.1" 304 0
[2026-04-11 15:55:20,721] WARNING django.server: "GET /media/Diplom_3.jpg HTTP/1.1" 404 5127
[2026-04-11 15:55:20,721] WARNING django.server: "GET /media/Diplom4.jpg HTTP/1.1" 404 5123
[2026-04-11 15:55:20,724] INFO django.server: "GET /media/recipes/27_%D0%96%D0%B0%D1%80%D0%BA%D0%BE%D0%B5_%D0%B8%D0%B7_%D1%81%D0%B2%D0%B8%D0%BD%D0%B8%D0%BD%D1%8B_%D1%81_%D0%BA%D0%B0%D1%80%D1%82%D0%BE%D1%88%D0%BA%D0%BE%D0%B9.jpg HTTP/1.1" 200 19089
[2026-04-11 15:55:50,975] WARNING django.request: Bad Request: /api/meal-plan/save/
[2026-04-11 15:55:50,975] WARNING django.server: "POST /api/meal-plan/save/ HTTP/1.1" 400 117
[2026-04-11 15:55:56,043] INFO django.server: "POST /api/meal-plan/generate/ HTTP/1.1" 200 12574
[2026-04-11 15:55:56,050] WARNING django.request: Not Found: /media/diplom_1.jpg
[2026-04-11 15:55:56,050] WARNING django.server: "GET /media/diplom_1.jpg HTTP/1.1" 404 5127
[2026-04-11 15:56:48,155] INFO django.server: "POST /api/meal-plan/generate/ HTTP/1.1" 200 12360
[2026-04-11 15:56:48,162] WARNING django.request: Not Found: /media/diplom_1.jpg
[2026-04-11 15:56:48,163] WARNING django.server: "GET /media/diplom_1.jpg HTTP/1.1" 404 5127
[2026-04-11 16:01:14,538] INFO django.utils.autoreload: Watching for file changes with StatReloader
[2026-04-11 16:01:15,804] INFO django.server: "GET / HTTP/1.1" 200 4724
[2026-04-11 16:01:18,345] INFO django.server: "GET /meal-plan/ HTTP/1.1" 200 48286
[2026-04-11 16:01:26,916] INFO django.server: "POST /api/meal-plan/generate/ HTTP/1.1" 200 12639
[2026-04-11 16:01:26,925] WARNING django.request: Not Found: /media/diplom_1.jpg
[2026-04-11 16:01:26,925] INFO django.server: "GET /media/recipes/17_%D0%9A%D1%83%D1%80%D0%B8%D0%BD%D1%8B%D0%B9_%D1%81%D1%83%D0%BF.jpg HTTP/1.1" 304 0
[2026-04-11 16:01:26,925] WARNING django.server: "GET /media/diplom_1.jpg HTTP/1.1" 404 5127
[2026-04-11 16:04:18,805] INFO django.utils.autoreload: C:\Users\Micie456\PycharmProjects\Diplom\diplom\mainapp\views.py changed, reloading.
[2026-04-11 16:04:19,262] INFO django.utils.autoreload: Watching for file changes with StatReloader
[2026-04-11 16:07:48,481] INFO django.utils.autoreload: Watching for file changes with StatReloader
[2026-04-11 16:07:49,895] INFO django.server: "GET / HTTP/1.1" 200 4724
[2026-04-11 16:07:52,845] INFO django.server: "GET /meal-plan/ HTTP/1.1" 200 48279
[2026-04-11 16:07:54,900] INFO django.server: "POST /api/meal-plan/generate/ HTTP/1.1" 200 12309
[2026-04-11 16:07:54,907] INFO django.server: "GET /media/recipes/9_%D0%A2%D0%B2%D0%BE%D1%80%D0%BE%D0%B3_%D1%81%D0%BE_%D1%81%D0%BC%D0%B5%D1%82%D0%B0%D0%BD%D0%BE%D0%B9.jpg HTTP/1.1" 304 0
[2026-04-11 16:07:54,908] INFO django.server: "GET /media/recipes/17_%D0%9A%D1%83%D1%80%D0%B8%D0%BD%D1%8B%D0%B9_%D1%81%D1%83%D0%BF.jpg HTTP/1.1" 304 0
[2026-04-11 16:07:54,911] WARNING django.request: Not Found: /media/diplom_1.jpg
[2026-04-11 16:07:54,911] WARNING django.server: "GET /media/diplom_1.jpg HTTP/1.1" 404 5127
[2026-04-11 16:09:52,450] INFO django.server: "GET / HTTP/1.1" 200 4724
[2026-04-11 16:09:53,956] INFO django.server: "GET /meal-plan/ HTTP/1.1" 200 48279
[2026-04-11 16:09:56,812] INFO django.server: "POST /api/meal-plan/generate/ HTTP/1.1" 200 14557
[2026-04-11 16:09:56,822] INFO django.server: "GET /media/recipes/23_%D0%93%D1%83%D0%BB%D1%8F%D1%88_%D0%B8%D0%B7_%D0%B3%D0%BE%D0%B2%D1%8F%D0%B4%D0%B8%D0%BD%D1%8B_%D1%81_%D0%BF%D1%8E%D1%80%D0%B5.jpg HTTP/1.1" 304 0
[2026-04-11 16:09:56,822] INFO django.server: "GET /media/recipes/6_%D0%9E%D0%B2%D1%81%D1%8F%D0%BD%D0%BA%D0%B0_%D0%BD%D0%B0_%D0%BC%D0%BE%D0%BB%D0%BE%D0%BA%D0%B5.jpg HTTP/1.1" 304 0
[2026-04-11 16:09:56,826] WARNING django.request: Not Found: /media/Diplom_3.jpg
[2026-04-11 16:09:56,828] INFO django.server: "GET /media/recipes/11_%D0%91%D1%83%D1%82%D0%B5%D1%80%D0%B1%D1%80%D0%BE%D0%B4_%D1%81_%D1%81%D1%8B%D1%80%D0%BE%D0%BC.jpg HTTP/1.1" 304 0
[2026-04-11 16:09:56,829] WARNING django.server: "GET /media/Diplom_3.jpg HTTP/1.1" 404 5127
[2026-04-11 16:09:56,829] INFO django.server: "GET /media/recipes/27_%D0%96%D0%B0%D1%80%D0%BA%D0%BE%D0%B5_%D0%B8%D0%B7_%D1%81%D0%B2%D0%B8%D0%BD%D0%B8%D0%BD%D1%8B_%D1%81_%D0%BA%D0%B0%D1%80%D1%82%D0%BE%D1%88%D0%BA%D0%BE%D0%B9.jpg HTTP/1.1" 304 0
[2026-04-11 16:09:56,829] INFO django.server: "GET /media/recipes/34_%D0%9A%D0%BE%D1%82%D0%BB%D0%B5%D1%82%D1%8B_%D0%BF%D0%BE-%D0%BA%D0%B8%D0%B5%D0%B2%D1%81%D0%BA%D0%B8.jpg HTTP/1.1" 304 0
[2026-04-11 16:09:56,832] WARNING django.request: Not Found: /media/Diplom_5.png
[2026-04-11 16:09:56,833] WARNING django.server: "GET /media/Diplom_5.png HTTP/1.1" 404 5127
[2026-04-11 16:09:56,836] WARNING django.request: Not Found: /media/diplom_1.jpg
[2026-04-11 16:09:56,836] WARNING django.server: "GET /media/diplom_1.jpg HTTP/1.1" 404 5127
[2026-04-11 16:09:56,871] INFO django.server: "GET /media/recipes/13_%D0%9A%D1%83%D1%80%D0%B8%D0%BD%D0%BE%D0%B5_%D1%84%D0%B8%D0%BB%D0%B5_%D1%81_%D1%80%D0%B8%D1%81%D0%BE%D0%BC.jpg HTTP/1.1" 200 16382
[2026-04-11 16:10:03,532] INFO django.server: "POST /api/meal-plan/generate/ HTTP/1.1" 200 12510
[2026-04-11 16:10:03,540] WARNING django.request: Not Found: /media/diplom_1.jpg
[2026-04-11 16:10:03,540] WARNING django.server: "GET /media/diplom_1.jpg HTTP/1.1" 404 5127
[2026-04-11 16:15:28,194] INFO django.utils.autoreload: C:\Users\Micie456\PycharmProjects\Diplom\diplom\mainapp\views.py changed, reloading.
[2026-04-11 16:15:28,663] INFO django.utils.autoreload: Watching for file changes with StatReloader
[2026-04-11 16:15:51,196] INFO django.utils.autoreload: C:\Users\Micie456\PycharmProjects\Diplom\diplom\mainapp\views.py changed, reloading.
[2026-04-11 16:15:51,700] INFO django.utils.autoreload: Watching for file changes with StatReloader
[2026-04-11 16:19:47,652] INFO django.utils.autoreload: Watching for file changes with StatReloader
[2026-04-11 16:19:49,153] INFO django.server: "GET / HTTP/1.1" 200 4724
[2026-04-11 16:19:52,320] INFO django.server: "GET /meal-plan/ HTTP/1.1" 200 55700
[2026-04-11 16:20:10,799] INFO django.server: "POST /api/meal-plan/generate/ HTTP/1.1" 200 25232
[2026-04-11 16:20:10,808] INFO django.server: "GET /media/recipes/11_%D0%91%D1%83%D1%82%D0%B5%D1%80%D0%B1%D1%80%D0%BE%D0%B4_%D1%81_%D1%81%D1%8B%D1%80%D0%BE%D0%BC.jpg HTTP/1.1" 304 0
[2026-04-11 16:20:10,808] INFO django.server: "GET /media/recipes/17_%D0%9A%D1%83%D1%80%D0%B8%D0%BD%D1%8B%D0%B9_%D1%81%D1%83%D0%BF.jpg HTTP/1.1" 304 0
[2026-04-11 16:20:10,813] WARNING django.request: Not Found: /media/diplom_1.jpg
[2026-04-11 16:20:10,814] INFO django.server: "GET /media/recipes/9_%D0%A2%D0%B2%D0%BE%D1%80%D0%BE%D0%B3_%D1%81%D0%BE_%D1%81%D0%BC%D0%B5%D1%82%D0%B0%D0%BD%D0%BE%D0%B9.jpg HTTP/1.1" 304 0
[2026-04-11 16:20:10,814] WARNING django.server: "GET /media/diplom_1.jpg HTTP/1.1" 404 5127
[2026-04-11 16:20:10,852] INFO django.server: "GET /media/recipes/16_%D0%91%D0%BE%D1%80%D1%89.jpg HTTP/1.1" 200 13273
[2026-04-11 16:23:37,189] INFO django.utils.autoreload: C:\Users\Micie456\PycharmProjects\Diplom\diplom\mainapp\views.py changed, reloading.
[2026-04-11 16:23:37,669] INFO django.utils.autoreload: Watching for file changes with StatReloader
[2026-04-11 16:24:12,993] INFO django.server: "GET / HTTP/1.1" 200 4724
[2026-04-11 16:24:14,165] INFO django.server: "GET /meal-plan/ HTTP/1.1" 200 55700
[2026-04-11 16:24:16,093] ERROR django.request: Internal Server Error: /api/meal-plan/generate/
[2026-04-11 16:24:16,093] ERROR django.server: "POST /api/meal-plan/generate/ HTTP/1.1" 500 207
[2026-04-11 16:24:21,803] ERROR django.request: Internal Server Error: /api/meal-plan/generate/
[2026-04-11 16:24:21,804] ERROR django.server: "POST /api/meal-plan/generate/ HTTP/1.1" 500 207
[2026-04-11 16:24:43,754] ERROR django.request: Internal Server Error: /api/meal-plan/generate/
[2026-04-11 16:24:43,755] ERROR django.server: "POST /api/meal-plan/generate/ HTTP/1.1" 500 207
[2026-04-11 16:24:58,034] ERROR django.request: Internal Server Error: /api/meal-plan/generate/
[2026-04-11 16:24:58,034] ERROR django.server: "POST /api/meal-plan/generate/ HTTP/1.1" 500 207
[2026-04-11 16:25:39,386] INFO django.utils.autoreload: C:\Users\Micie456\PycharmProjects\Diplom\diplom\mainapp\views.py changed, reloading.
[2026-04-11 16:25:39,862] INFO django.utils.autoreload: Watching for file changes with StatReloader
[2026-04-11 16:26:11,181] INFO django.server: "GET / HTTP/1.1" 200 4724
[2026-04-11 16:26:12,610] INFO django.server: "GET /meal-plan/ HTTP/1.1" 200 55700
[2026-04-11 16:26:16,239] INFO django.server: "POST /api/meal-plan/generate/ HTTP/1.1" 200 12079
[2026-04-11 16:29:51,493] INFO django.server: "GET / HTTP/1.1" 200 4724
[2026-04-11 16:29:53,289] INFO django.server: "GET / HTTP/1.1" 200 4724
[2026-04-11 16:29:53,450] INFO django.server: "GET /static/images/Diplom_2.jpg HTTP/1.1" 200 13406
[2026-04-11 16:29:53,468] INFO django.server: "GET /static/images/Diplom4.jpg HTTP/1.1" 200 9632
[2026-04-11 16:29:53,471] INFO django.server: "GET /static/images/Diplom_5.png HTTP/1.1" 200 175374
[2026-04-11 16:29:53,472] INFO django.server: "GET /static/images/Diplom_3.jpg HTTP/1.1" 200 16226
[2026-04-11 16:29:53,474] INFO django.server: "GET /static/css/style.css HTTP/1.1" 200 5830
[2026-04-11 16:29:53,475] INFO django.server: "GET /static/images/diplom_1.jpg HTTP/1.1" 200 21609
[2026-04-11 16:29:53,489] INFO django.server: "GET /static/images/background.jpg HTTP/1.1" 200 162739
[2026-04-11 16:29:53,556] WARNING django.request: Not Found: /favicon.ico
[2026-04-11 16:29:53,556] WARNING django.server: "GET /favicon.ico HTTP/1.1" 404 4878
[2026-04-11 16:29:56,708] INFO django.server: "GET /meal-plan/ HTTP/1.1" 200 55700
[2026-04-11 16:29:56,743] INFO django.server: "GET /static/css/style.css HTTP/1.1" 304 0
[2026-04-11 16:30:02,805] INFO django.server: "GET / HTTP/1.1" 200 4724
[2026-04-11 16:30:02,839] INFO django.server: "GET /static/css/style.css HTTP/1.1" 304 0
[2026-04-11 16:30:28,248] INFO django.server: "GET /meal-plan/ HTTP/1.1" 200 55700
[2026-04-11 16:30:28,285] INFO django.server: "GET /static/css/style.css HTTP/1.1" 304 0
[2026-04-11 16:30:44,021] INFO django.server: "POST /api/meal-plan/generate/ HTTP/1.1" 200 12512
[2026-04-11 16:30:44,027] INFO django.server: "GET /media/recipes/9_%D0%A2%D0%B2%D0%BE%D1%80%D0%BE%D0%B3_%D1%81%D0%BE_%D1%81%D0%BC%D0%B5%D1%82%D0%B0%D0%BD%D0%BE%D0%B9.jpg HTTP/1.1" 304 0
[2026-04-11 16:30:44,027] INFO django.server: "GET /media/recipes/11_%D0%91%D1%83%D1%82%D0%B5%D1%80%D0%B1%D1%80%D0%BE%D0%B4_%D1%81_%D1%81%D1%8B%D1%80%D0%BE%D0%BC.jpg HTTP/1.1" 304 0
[2026-04-11 16:30:47,512] INFO django.server: "POST /api/meal-plan/generate/ HTTP/1.1" 200 12164
[2026-04-11 16:30:50,101] INFO django.server: "POST /api/meal-plan/generate/ HTTP/1.1" 200 12166
[2026-04-11 16:30:50,105] INFO django.server: "GET /media/recipes/17_%D0%9A%D1%83%D1%80%D0%B8%D0%BD%D1%8B%D0%B9_%D1%81%D1%83%D0%BF.jpg HTTP/1.1" 304 0
[2026-04-11 16:30:50,105] INFO django.server: "GET /media/recipes/16_%D0%91%D0%BE%D1%80%D1%89.jpg HTTP/1.1" 304 0
[2026-04-11 16:33:46,614] INFO django.server: "GET / HTTP/1.1" 200 4724
[2026-04-11 16:33:46,764] INFO django.server: "GET /static/css/style.css HTTP/1.1" 304 0
[2026-04-11 16:33:46,801] INFO django.server: "GET /static/images/background.jpg HTTP/1.1" 304 0
[2026-04-11 16:34:01,840] INFO django.server: "GET /profile/ HTTP/1.1" 200 29
[2026-04-11 16:34:07,923] INFO django.server: "GET /admin/ HTTP/1.1" 200 17191
[2026-04-11 16:34:09,636] INFO django.server: "GET /admin/mainapp/cookinghistory/ HTTP/1.1" 200 13202
[2026-04-11 16:34:09,716] INFO django.server: "GET /admin/jsi18n/ HTTP/1.1" 200 3342
[2026-04-11 16:34:10,683] INFO django.server: "GET /admin/ HTTP/1.1" 200 17191
[2026-04-11 16:34:11,502] INFO django.server: "GET /admin/mainapp/favorite/ HTTP/1.1" 200 13148
[2026-04-11 16:34:11,587] INFO django.server: "GET /admin/jsi18n/ HTTP/1.1" 200 3342
[2026-04-11 16:34:12,407] INFO django.server: "GET /admin/ HTTP/1.1" 200 17191
[2026-04-11 16:34:16,526] INFO django.server: "GET /admin/mainapp/mealplanitem/ HTTP/1.1" 200 13309
[2026-04-11 16:34:16,608] INFO django.server: "GET /admin/jsi18n/ HTTP/1.1" 200 3342
[2026-04-11 16:34:17,784] INFO django.server: "GET /admin/ HTTP/1.1" 200 17191
[2026-04-11 16:34:18,884] INFO django.server: "GET /admin/mainapp/userpreference/ HTTP/1.1" 200 13409
[2026-04-11 16:34:18,961] INFO django.server: "GET /admin/jsi18n/ HTTP/1.1" 200 3342
[2026-04-11 16:34:19,977] INFO django.server: "GET /admin/ HTTP/1.1" 200 17191
[2026-04-11 16:34:20,579] INFO django.server: "GET /admin/mainapp/mealplan/ HTTP/1.1" 200 13241
[2026-04-11 16:34:20,656] INFO django.server: "GET /admin/jsi18n/ HTTP/1.1" 200 3342
[2026-04-11 16:34:21,514] INFO django.server: "GET /admin/ HTTP/1.1" 200 17191
[2026-04-11 16:34:22,676] INFO django.server: "GET /admin/mainapp/usersettings/ HTTP/1.1" 200 15060
[2026-04-11 16:34:22,864] INFO django.server: "GET /admin/jsi18n/ HTTP/1.1" 200 3342
[2026-04-11 16:34:24,538] INFO django.server: "GET /admin/mainapp/usersettings/2/change/ HTTP/1.1" 200 17281
[2026-04-11 16:34:24,612] INFO django.server: "GET /admin/jsi18n/ HTTP/1.1" 200 3342
[2026-04-11 16:34:25,978] INFO django.server: "GET /admin/mainapp/usersettings/ HTTP/1.1" 200 15060
[2026-04-11 16:34:26,875] INFO django.server: "GET /admin/mainapp/shoppinglist/ HTTP/1.1" 200 13186
[2026-04-11 16:34:26,953] INFO django.server: "GET /admin/jsi18n/ HTTP/1.1" 200 3342
[2026-04-11 16:34:28,781] INFO django.server: "GET /admin/mainapp/recipes/ HTTP/1.1" 200 28869
[2026-04-11 16:34:28,856] INFO django.server: "GET /admin/jsi18n/ HTTP/1.1" 200 3342
[2026-04-11 16:34:38,966] INFO django.server: "GET /admin/mainapp/recipeingredient/ HTTP/1.1" 200 46924
[2026-04-11 16:34:39,081] INFO django.server: "GET /admin/jsi18n/ HTTP/1.1" 200 3342
[2026-04-11 16:34:40,955] INFO django.server: "GET /admin/mainapp/recipes/ HTTP/1.1" 200 28869
[2026-04-11 16:34:41,033] INFO django.server: "GET /admin/jsi18n/ HTTP/1.1" 200 3342
[2026-04-11 16:34:42,862] INFO django.server: "GET /admin/mainapp/recipeingredient/ HTTP/1.1" 200 46924
[2026-04-11 16:34:42,939] INFO django.server: "GET /admin/jsi18n/ HTTP/1.1" 200 3342
[2026-04-11 16:34:49,660] INFO django.server: "GET /admin/mainapp/recipeingredient/ HTTP/1.1" 200 46924
[2026-04-11 16:34:49,735] INFO django.server: "GET /admin/jsi18n/ HTTP/1.1" 200 3342
[2026-04-11 16:34:52,109] INFO django.server: "GET /admin/mainapp/recipeingredient/181/change/ HTTP/1.1" 200 23521
[2026-04-11 16:34:52,184] INFO django.server: "GET /admin/jsi18n/ HTTP/1.1" 200 3342
[2026-04-11 16:34:55,008] INFO django.server: "GET /admin/mainapp/recipeingredient/ HTTP/1.1" 200 46924
[2026-04-11 16:34:56,984] INFO django.server: "GET /admin/mainapp/ingredients/ HTTP/1.1" 200 28388
[2026-04-11 16:34:57,064] INFO django.server: "GET /admin/jsi18n/ HTTP/1.1" 200 3342
[2026-04-11 16:34:59,411] INFO django.server: "GET /admin/mainapp/ingredients/1/change/ HTTP/1.1" 200 15653
[2026-04-11 16:34:59,486] INFO django.server: "GET /admin/jsi18n/ HTTP/1.1" 200 3342
[2026-04-11 16:35:00,775] INFO django.server: "GET /admin/mainapp/ingredients/ HTTP/1.1" 200 28388
[2026-04-11 16:35:02,541] INFO django.server: "GET /admin/mainapp/shoppinglist/ HTTP/1.1" 200 13186
[2026-04-11 16:35:02,723] INFO django.server: "GET /admin/jsi18n/ HTTP/1.1" 200 3342
[2026-04-11 16:35:03,722] INFO django.server: "GET /admin/mainapp/recipeingredient/ HTTP/1.1" 200 46924
[2026-04-11 16:35:03,793] INFO django.server: "GET /admin/jsi18n/ HTTP/1.1" 200 3342
[2026-04-11 16:35:05,237] INFO django.server: "GET /admin/mainapp/recipes/ HTTP/1.1" 200 28869
[2026-04-11 16:35:05,312] INFO django.server: "GET /admin/jsi18n/ HTTP/1.1" 200 3342
[2026-04-11 16:35:09,153] INFO django.server: "GET /admin/mainapp/recipeingredient/ HTTP/1.1" 200 46924
[2026-04-11 16:35:09,228] INFO django.server: "GET /admin/jsi18n/ HTTP/1.1" 200 3342
[2026-04-11 16:35:12,695] INFO django.server: "GET /admin/mainapp/recipeingredient/150/change/ HTTP/1.1" 200 23522
[2026-04-11 16:35:12,772] INFO django.server: "GET /admin/jsi18n/ HTTP/1.1" 200 3342
[2026-04-11 16:35:14,432] INFO django.server: "GET /admin/mainapp/recipeingredient/ HTTP/1.1" 200 46924
[2026-04-11 16:35:15,433] INFO django.server: "GET /admin/mainapp/recipes/ HTTP/1.1" 200 28869
[2026-04-11 16:35:29,060] INFO django.server: "GET / HTTP/1.1" 200 4724
[2026-04-11 16:35:29,210] INFO django.server: "GET /static/css/style.css HTTP/1.1" 304 0
[2026-04-11 16:35:29,252] INFO django.server: "GET /static/images/background.jpg HTTP/1.1" 304 0
[2026-04-11 16:35:30,654] INFO django.server: "GET /meal-plan/ HTTP/1.1" 200 55700
[2026-04-11 16:35:42,759] INFO django.server: "POST /api/meal-plan/generate/ HTTP/1.1" 200 12268
[2026-04-11 17:09:51,260] INFO django.server: "POST /api/meal-plan/generate/ HTTP/1.1" 200 13330
[2026-04-11 17:09:51,266] INFO django.server: "GET /media/recipes/17_%D0%9A%D1%83%D1%80%D0%B8%D0%BD%D1%8B%D0%B9_%D1%81%D1%83%D0%BF.jpg HTTP/1.1" 304 0
[2026-04-11 17:09:51,266] INFO django.server: "GET /media/recipes/16_%D0%91%D0%BE%D1%80%D1%89.jpg HTTP/1.1" 304 0
[2026-04-11 17:09:51,269] WARNING django.request: Not Found: /media/diplom_1.jpg
[2026-04-11 17:09:51,269] WARNING django.server: "GET /media/diplom_1.jpg HTTP/1.1" 404 5127
[2026-04-11 17:09:53,599] INFO django.server: "GET /profile/ HTTP/1.1" 200 29
[2026-04-11 17:10:00,163] INFO django.server: "POST /api/meal-plan/generate/ HTTP/1.1" 200 12725
[2026-04-11 17:10:00,170] WARNING django.request: Not Found: /media/Diplom_5.png
[2026-04-11 17:10:00,170] INFO django.server: "GET /media/recipes/8_%D0%9E%D0%BC%D0%BB%D0%B5%D1%82.jpg HTTP/1.1" 304 0
[2026-04-11 17:10:00,171] WARNING django.server: "GET /media/Diplom_5.png HTTP/1.1" 404 5127
[2026-04-11 17:10:15,036] INFO django.server: "POST /api/meal-plan/generate/ HTTP/1.1" 200 11403
[2026-04-11 17:10:20,783] INFO django.server: "POST /api/meal-plan/generate/ HTTP/1.1" 200 17431
[2026-04-11 17:10:20,791] WARNING django.request: Not Found: /media/Diplom_5.png
[2026-04-11 17:10:20,791] INFO django.server: "GET /media/recipes/6_%D0%9E%D0%B2%D1%81%D1%8F%D0%BD%D0%BA%D0%B0_%D0%BD%D0%B0_%D0%BC%D0%BE%D0%BB%D0%BE%D0%BA%D0%B5.jpg HTTP/1.1" 304 0
[2026-04-11 17:10:20,792] WARNING django.server: "GET /media/Diplom_5.png HTTP/1.1" 404 5127
[2026-04-11 17:10:28,170] INFO django.server: "POST /api/meal-plan/save/ HTTP/1.1" 200 5292
[2026-04-11 17:10:31,266] INFO django.server: "GET /profile/ HTTP/1.1" 200 29
[2026-04-11 17:10:35,504] INFO django.server: "GET /admin/ HTTP/1.1" 200 17191
[2026-04-11 17:10:38,330] INFO django.server: "GET /admin/mainapp/mealplanitem/ HTTP/1.1" 200 22623
[2026-04-11 17:10:38,409] INFO django.server: "GET /admin/jsi18n/ HTTP/1.1" 200 3342
[2026-04-11 17:10:46,324] INFO django.server: "GET /admin/mainapp/mealplanitem/21/change/ HTTP/1.1" 200 23168
[2026-04-11 17:10:46,404] INFO django.server: "GET /admin/jsi18n/ HTTP/1.1" 200 3342
[2026-04-11 17:10:54,844] INFO django.server: "GET /admin/mainapp/mealplanitem/ HTTP/1.1" 200 22623
[2026-04-11 17:10:56,666] INFO django.server: "GET /admin/mainapp/usersettings/ HTTP/1.1" 200 15060
[2026-04-11 17:10:56,740] INFO django.server: "GET /admin/jsi18n/ HTTP/1.1" 200 3342
[2026-04-11 17:10:59,313] INFO django.server: "GET /admin/mainapp/ingredients/ HTTP/1.1" 200 28388
[2026-04-11 17:10:59,385] INFO django.server: "GET /admin/jsi18n/ HTTP/1.1" 200 3342
[2026-04-11 17:11:02,267] INFO django.server: "GET /admin/mainapp/recipeingredient/ HTTP/1.1" 200 46924
[2026-04-11 17:11:02,450] INFO django.server: "GET /admin/jsi18n/ HTTP/1.1" 200 3342
[2026-04-11 17:11:15,161] INFO django.server: "GET /admin/mainapp/kitchenname/ HTTP/1.1" 200 16871
[2026-04-11 17:11:15,233] INFO django.server: "GET /admin/jsi18n/ HTTP/1.1" 200 3342
[2026-04-11 17:11:18,603] INFO django.server: "GET /admin/mainapp/recipeingredient/ HTTP/1.1" 200 46924
[2026-04-11 17:11:18,679] INFO django.server: "GET /admin/jsi18n/ HTTP/1.1" 200 3342
[2026-04-11 17:11:21,365] INFO django.server: "GET /admin/mainapp/recipeingredient/151/change/ HTTP/1.1" 200 23522
[2026-04-11 17:11:21,441] INFO django.server: "GET /admin/jsi18n/ HTTP/1.1" 200 3342
[2026-04-11 17:11:22,954] INFO django.server: "GET /admin/mainapp/recipeingredient/ HTTP/1.1" 200 46924
[2026-04-11 17:11:24,640] INFO django.server: "GET /admin/mainapp/recipes/ HTTP/1.1" 200 28869
[2026-04-11 17:11:24,719] INFO django.server: "GET /admin/jsi18n/ HTTP/1.1" 200 3342
[2026-04-11 17:11:26,007] INFO django.server: "GET /admin/mainapp/recipes/35/change/ HTTP/1.1" 200 19425
[2026-04-11 17:11:26,082] INFO django.server: "GET /admin/jsi18n/ HTTP/1.1" 200 3342
[2026-04-11 17:11:29,062] INFO django.server: "GET /admin/mainapp/recipes/ HTTP/1.1" 200 28869
[2026-04-11 17:11:42,425] INFO django.server: "GET /admin/mainapp/cookinghistory/ HTTP/1.1" 200 13202
[2026-04-11 17:11:42,510] INFO django.server: "GET /admin/jsi18n/ HTTP/1.1" 200 3342
[2026-04-11 17:11:43,497] INFO django.server: "GET /admin/mainapp/favorite/ HTTP/1.1" 200 13148
[2026-04-11 17:11:43,579] INFO django.server: "GET /admin/jsi18n/ HTTP/1.1" 200 3342
[2026-04-11 17:11:44,236] INFO django.server: "GET /admin/mainapp/ingredients/ HTTP/1.1" 200 28388
[2026-04-11 17:11:44,313] INFO django.server: "GET /admin/jsi18n/ HTTP/1.1" 200 3342
[2026-04-11 17:11:47,885] INFO django.server: "GET /admin/mainapp/usersettings/ HTTP/1.1" 200 15060
[2026-04-11 17:11:47,961] INFO django.server: "GET /admin/jsi18n/ HTTP/1.1" 200 3342
[2026-04-11 17:11:49,335] INFO django.server: "GET /admin/mainapp/usersettings/1/change/ HTTP/1.1" 200 17278
[2026-04-11 17:11:49,411] INFO django.server: "GET /admin/jsi18n/ HTTP/1.1" 200 3342
[2026-04-11 17:11:53,398] INFO django.server: "GET /admin/mainapp/usersettings/ HTTP/1.1" 200 15060
[2026-04-11 17:11:54,354] INFO django.server: "GET /admin/mainapp/ingredients/ HTTP/1.1" 200 28388
[2026-04-11 17:11:55,228] INFO django.server: "GET /admin/mainapp/favorite/ HTTP/1.1" 200 13148
[2026-04-11 17:11:55,728] INFO django.server: "GET /admin/mainapp/cookinghistory/ HTTP/1.1" 200 13202
[2026-04-11 17:11:57,952] INFO django.server: "GET / HTTP/1.1" 200 4724
[2026-04-11 17:11:57,990] INFO django.server: "GET /static/css/style.css HTTP/1.1" 304 0
[2026-04-11 17:11:58,000] INFO django.server: "GET /static/images/background.jpg HTTP/1.1" 304 0
[2026-04-11 17:12:00,563] INFO django.server: "GET /compose/ HTTP/1.1" 200 15924
[2026-04-11 17:12:03,996] INFO django.server: "GET /static/images/imbir.png HTTP/1.1" 200 8154
[2026-04-11 17:12:03,997] INFO django.server: "GET /static/images/soevy_souse.jpg HTTP/1.1" 200 11883
[2026-04-11 17:12:03,997] INFO django.server: "GET /static/images/onion.png HTTP/1.1" 304 0
[2026-04-11 17:12:03,998] INFO django.server: "GET /static/images/kunzhut_maslo.jpg HTTP/1.1" 200 29738
[2026-04-11 17:12:03,998] INFO django.server: "GET /static/images/kokososovoemoloko.png HTTP/1.1" 200 57958
[2026-04-11 17:12:04,007] INFO django.server: "GET /static/images/rice.png HTTP/1.1" 200 82304
[2026-04-11 17:12:04,025] INFO django.server: "GET /static/images/lime.jpg HTTP/1.1" 200 2109765
[2026-04-11 17:12:20,735] ERROR django.request: Bad Gateway: /api/search_recipes/
[2026-04-11 17:12:20,736] ERROR django.server: "GET /api/search_recipes/?ingredients=%D0%A0%D0%98%D0%A1+%2C+%D0%9A%D0%A0%D0%95%D0%92%D0%95%D0%A2%D0%9A%D0%98&kitchen=asian HTTP/1.1" 502 122
[2026-04-11 17:12:36,237] ERROR django.request: Bad Gateway: /api/search_recipes/
[2026-04-11 17:12:36,237] ERROR django.server: "GET /api/search_recipes/?ingredients=%D1%80%D0%B8%D1%81%2C+%D0%BA%D1%80%D0%B5%D0%B2%D0%B5%D1%82%D0%BA%D0%B8&kitchen=asian HTTP/1.1" 502 122
[2026-04-11 17:12:53,371] ERROR django.request: Bad Gateway: /api/search_recipes/
[2026-04-11 17:12:53,372] ERROR django.server: "GET /api/search_recipes/?ingredients=%D0%BA%D0%BE%D0%BA%D0%BE%D1%81%D0%BE%D0%B2%D0%BE%D0%B5+%D0%BC%D0%BE%D0%BB%D0%BE%D0%BA%D0%BE%2C+%D0%BA%D1%80%D0%B5%D0%B2%D0%B5%D1%82%D0%BA%D0%B8&kitchen=asian HTTP/1.1" 502 122
[2026-04-11 17:12:59,348] INFO django.server: "GET / HTTP/1.1" 200 4724
[2026-04-11 17:13:01,910] INFO django.server: "GET /compose/ HTTP/1.1" 200 15924
[2026-04-11 17:13:20,857] ERROR django.request: Bad Gateway: /api/search_recipes/
[2026-04-11 17:13:20,858] ERROR django.server: "GET /api/search_recipes/?ingredients=%D0%BA%D0%BE%D0%BA%D0%BE%D1%81%D0%BE%D0%B2%D0%BE%D0%B5+%D0%BC%D0%BE%D0%BB%D0%BE%D0%BA%D0%BE%2C+%D0%BA%D1%80%D0%B5%D0%B2%D0%B5%D1%82%D0%BA%D0%B8&kitchen=asian HTTP/1.1" 502 122
[2026-04-11 17:14:33,343] INFO django.server: "GET / HTTP/1.1" 200 4724
[2026-04-11 17:14:35,813] INFO django.utils.autoreload: C:\Users\Micie456\PycharmProjects\Diplom\diplom\mainapp\views.py changed, reloading.
[2026-04-11 17:14:36,359] INFO django.utils.autoreload: Watching for file changes with StatReloader
[2026-04-11 17:14:42,912] INFO django.server: "GET /meal-plan/ HTTP/1.1" 200 55700
[2026-04-11 17:14:49,473] INFO django.server: "POST /api/meal-plan/generate/ HTTP/1.1" 200 11989
[2026-04-11 17:14:49,482] WARNING django.request: Not Found: /media/Diplom_3.jpg
[2026-04-11 17:14:49,482] WARNING django.server: "GET /media/Diplom_3.jpg HTTP/1.1" 404 5127
[2026-04-11 17:14:56,658] INFO django.server: "POST /api/meal-plan/save/ HTTP/1.1" 200 5382
[2026-04-11 17:15:01,909] INFO django.server: "GET /admin/ HTTP/1.1" 200 17191
[2026-04-11 17:15:03,492] INFO django.server: "GET /admin/mainapp/mealplan/ HTTP/1.1" 200 14966
[2026-04-11 17:15:03,577] INFO django.server: "GET /admin/jsi18n/ HTTP/1.1" 200 3342
[2026-04-11 17:15:05,457] INFO django.server: "GET /admin/mainapp/mealplan/1/change/ HTTP/1.1" 200 17775
[2026-04-11 17:15:05,534] INFO django.server: "GET /admin/jsi18n/ HTTP/1.1" 200 3342
[2026-04-11 17:15:08,317] INFO django.server: "GET /admin/mainapp/mealplan/ HTTP/1.1" 200 14966
[2026-04-11 17:15:13,534] INFO django.server: "GET /admin/mainapp/mealplanitem/ HTTP/1.1" 200 30965
[2026-04-11 17:15:13,614] INFO django.server: "GET /admin/jsi18n/ HTTP/1.1" 200 3342
[2026-04-11 17:15:15,981] INFO django.server: "GET /admin/mainapp/mealplanitem/42/change/ HTTP/1.1" 200 23234
[2026-04-11 17:15:16,170] INFO django.server: "GET /admin/jsi18n/ HTTP/1.1" 200 3342
[2026-04-11 17:15:17,177] INFO django.server: "GET /admin/mainapp/mealplanitem/ HTTP/1.1" 200 30965
[2026-04-11 17:15:22,103] INFO django.utils.autoreload: C:\Users\Micie456\PycharmProjects\Diplom\diplom\mainapp\views.py changed, reloading.
[2026-04-11 17:15:22,637] INFO django.utils.autoreload: Watching for file changes with StatReloader
[2026-04-11 17:15:33,716] INFO django.server: "GET / HTTP/1.1" 200 4724
[2026-04-11 17:15:34,977] INFO django.server: "GET /meal-plan/ HTTP/1.1" 200 55696
[2026-04-11 17:15:38,000] INFO django.server: "GET / HTTP/1.1" 200 4724
[2026-04-11 17:15:38,876] INFO django.server: "GET /compose/ HTTP/1.1" 200 15924
[2026-04-11 17:16:17,128] WARNING django.request: Payment Required: /api/search_recipes/
[2026-04-11 17:16:17,128] WARNING django.server: "GET /api/search_recipes/?ingredients=%D0%BA%D0%BE%D0%BA%D0%BE%D1%81%D0%BE%D0%B2%D0%BE%D0%B5+%D0%BC%D0%BE%D0%BB%D0%BE%D0%BA%D0%BE%2C+%D1%80%D0%B8%D1%81&kitchen=asian HTTP/1.1" 402 335
[2026-04-11 17:16:37,476] INFO django.server: "GET / HTTP/1.1" 200 4724
[2026-04-11 17:16:37,608] INFO django.server: "GET /static/css/style.css HTTP/1.1" 304 0
[2026-04-11 17:16:37,645] INFO django.server: "GET /static/images/background.jpg HTTP/1.1" 304 0
[2026-04-11 17:16:38,773] INFO django.server: "GET /meal-plan/ HTTP/1.1" 200 55696
[2026-04-11 17:16:40,056] INFO django.server: "GET / HTTP/1.1" 200 4724
[2026-04-11 17:16:40,652] INFO django.server: "GET /compose/ HTTP/1.1" 200 16201
[2026-04-11 17:17:00,730] WARNING django.request: Payment Required: /api/search_recipes/
[2026-04-11 17:17:00,731] WARNING django.server: "GET /api/search_recipes/?ingredients=%D0%BA%D0%BE%D0%BA%D0%BE%D1%81%D0%BE%D0%B2%D0%BE%D0%B5+%D0%BC%D0%BE%D0%BB%D0%BE%D0%BA%D0%BE%2C+%D0%BA%D1%80%D0%B5%D0%B2%D0%B5%D1%82%D0%BA%D0%B8 HTTP/1.1" 402 335
[2026-04-11 17:17:10,713] INFO django.server: "GET /profile/ HTTP/1.1" 200 29
[2026-04-11 17:17:12,676] INFO django.server: "GET / HTTP/1.1" 200 4724
[2026-04-11 17:20:46,643] INFO django.server: "GET /meal-plan/ HTTP/1.1" 200 55696
[2026-04-11 17:21:15,538] INFO django.server: "GET / HTTP/1.1" 200 4724
[2026-04-12 12:24:06,021] INFO django.utils.autoreload: Watching for file changes with StatReloader
[2026-04-12 12:24:10,041] INFO django.server: "GET / HTTP/1.1" 200 4724
[2026-04-12 12:24:10,148] INFO django.server: "GET /static/css/style.css HTTP/1.1" 304 0
[2026-04-12 12:24:10,172] INFO django.server: "GET /static/images/background.jpg HTTP/1.1" 304 0
[2026-04-12 12:24:10,350] WARNING django.request: Not Found: /favicon.ico
[2026-04-12 12:24:10,350] WARNING django.server: "GET /favicon.ico HTTP/1.1" 404 4878
[2026-04-12 12:24:11,919] INFO django.server: "GET /meal-plan/ HTTP/1.1" 200 55696
[2026-04-12 12:24:13,962] INFO django.server: "GET /compose/ HTTP/1.1" 200 16201
[2026-04-12 12:24:14,005] INFO django.server: "GET /media/ingridients/kokososovoe__moloko.png HTTP/1.1" 304 0
[2026-04-12 12:24:15,810] INFO django.server: "GET /static/images/kokososovoemoloko.png HTTP/1.1" 304 0
[2026-04-12 12:24:15,810] INFO django.server: "GET /static/images/soevy_souse.jpg HTTP/1.1" 304 0
[2026-04-12 12:24:15,811] INFO django.server: "GET /static/images/onion.png HTTP/1.1" 304 0
[2026-04-12 12:24:15,812] INFO django.server: "GET /static/images/imbir.png HTTP/1.1" 304 0
[2026-04-12 12:24:15,812] INFO django.server: "GET /static/images/kunzhut_maslo.jpg HTTP/1.1" 304 0
[2026-04-12 12:24:15,812] INFO django.server: "GET /static/images/lime.jpg HTTP/1.1" 304 0
[2026-04-12 12:24:15,813] INFO django.server: "GET /static/images/rice.png HTTP/1.1" 304 0
[2026-04-12 12:24:33,358] INFO django.server: "GET /api/search_recipes/?ingredients=%D0%BA%D0%BE%D0%BA%D0%BE%D1%81%D0%BE%D0%B2%D0%BE%D0%B5+%D0%BC%D0%BE%D0%BB%D0%BE%D0%BA%D0%BE%2C+%D0%BA%D1%80%D0%B5%D0%B2%D0%B5%D1%82%D0%BA%D0%B8&kitchen=asian HTTP/1.1" 200 4498
[2026-04-12 12:24:45,454] INFO django.server: "GET /api/search_recipes/?ingredients=%D0%BA%D0%BE%D0%BA%D0%BE%D1%81%D0%BE%D0%B2%D0%BE%D0%B5+%D0%BC%D0%BE%D0%BB%D0%BE%D0%BA%D0%BE%2C+%D0%BA%D1%80%D0%B5%D0%B2%D0%B5%D1%82%D0%BA%D0%B8&kitchen=vietnamese HTTP/1.1" 200 4498
[2026-04-12 12:25:53,237] INFO django.server: "GET /api/search_recipes/?ingredients=%D0%BA%D0%BE%D0%BA%D0%BE%D1%81%D0%BE%D0%B2%D0%BE%D0%B5+%D0%BC%D0%BE%D0%BB%D0%BE%D0%BA%D0%BE%2C+%D0%BA%D1%80%D0%B5%D0%B2%D0%B5%D1%82%D0%BA%D0%B8&kitchen=vietnamese HTTP/1.1" 200 4498
[2026-04-12 12:27:11,797] INFO django.server: "GET / HTTP/1.1" 200 4724
[2026-04-12 12:27:12,353] INFO django.server: "GET /meal-plan/ HTTP/1.1" 200 55696
[2026-04-12 12:27:27,658] INFO django.server: "POST /api/meal-plan/generate/ HTTP/1.1" 200 13703
[2026-04-12 12:27:27,665] INFO django.server: "GET /media/recipes/9_%D0%A2%D0%B2%D0%BE%D1%80%D0%BE%D0%B3_%D1%81%D0%BE_%D1%81%D0%BC%D0%B5%D1%82%D0%B0%D0%BD%D0%BE%D0%B9.jpg HTTP/1.1" 304 0
[2026-04-12 12:27:27,668] WARNING django.request: Not Found: /media/diplom_1.jpg
[2026-04-12 12:27:27,668] INFO django.server: "GET /media/recipes/17_%D0%9A%D1%83%D1%80%D0%B8%D0%BD%D1%8B%D0%B9_%D1%81%D1%83%D0%BF.jpg HTTP/1.1" 304 0
[2026-04-12 12:27:27,669] WARNING django.server: "GET /media/diplom_1.jpg HTTP/1.1" 404 5127
[2026-04-12 12:27:57,376] INFO django.server: "POST /api/favorites/save/ HTTP/1.1" 200 36
[2026-04-12 12:27:59,385] INFO django.server: "GET /profile/ HTTP/1.1" 200 29
[2026-04-12 12:28:10,745] INFO django.server: "GET / HTTP/1.1" 200 4724
[2026-04-12 12:57:35,499] WARNING django.request: Method Not Allowed (GET): /api/meal-plan/generate/
[2026-04-12 12:57:35,500] WARNING django.server: "GET /api/meal-plan/generate/ HTTP/1.1" 405 0
[2026-04-12 12:57:46,244] WARNING django.request: Method Not Allowed (GET): /api/meal-plan/generate/
[2026-04-12 12:57:46,244] WARNING django.server: "GET /api/meal-plan/generate/ HTTP/1.1" 405 0
[2026-04-12 12:57:47,641] WARNING django.request: Method Not Allowed (GET): /api/meal-plan/generate/
[2026-04-12 12:57:47,642] WARNING django.server: "GET /api/meal-plan/generate/ HTTP/1.1" 405 0
[2026-04-12 12:57:50,859] WARNING django.request: Method Not Allowed (GET): /api/meal-plan/generate/
[2026-04-12 12:57:50,859] WARNING django.server: "GET /api/meal-plan/generate/ HTTP/1.1" 405 0
[2026-04-12 12:57:51,595] WARNING django.request: Method Not Allowed (GET): /api/meal-plan/generate/
[2026-04-12 12:57:51,596] WARNING django.server: "GET /api/meal-plan/generate/ HTTP/1.1" 405 0
[2026-04-12 12:58:05,235] INFO django.server: "GET / HTTP/1.1" 200 4724
[2026-04-12 12:58:06,180] INFO django.server: "GET /meal-plan/ HTTP/1.1" 200 55696
[2026-04-12 12:58:09,246] INFO django.server: "POST /api/meal-plan/generate/ HTTP/1.1" 200 13447
[2026-04-12 12:58:09,254] WARNING django.request: Not Found: /media/diplom_1.jpg
[2026-04-12 12:58:09,254] WARNING django.server: "GET /media/diplom_1.jpg HTTP/1.1" 404 5127
[2026-04-12 12:58:17,400] INFO django.server: "GET /profile/ HTTP/1.1" 200 29
[2026-04-12 12:58:27,389] INFO django.server: "POST /api/meal-plan/generate/ HTTP/1.1" 200 11899
[2026-04-12 12:58:35,169] INFO django.server: "GET / HTTP/1.1" 200 4724
[2026-04-12 12:58:37,007] INFO django.server: "GET /meal-plan/ HTTP/1.1" 200 55696
[2026-04-12 12:58:45,139] INFO django.server: "POST /api/meal-plan/generate/ HTTP/1.1" 200 13519
[2026-04-12 12:58:45,150] WARNING django.request: Not Found: /media/diplom_1.jpg
[2026-04-12 12:58:45,150] INFO django.server: "GET /media/recipes/16_%D0%91%D0%BE%D1%80%D1%89.jpg HTTP/1.1" 304 0
[2026-04-12 12:58:45,150] WARNING django.server: "GET /media/diplom_1.jpg HTTP/1.1" 404 5127
[2026-04-12 12:59:01,168] INFO django.server: "POST /api/meal-plan/generate/ HTTP/1.1" 200 12334
[2026-04-12 12:59:06,178] INFO django.server: "POST /api/meal-plan/generate/ HTTP/1.1" 200 11900
[2026-04-12 12:59:06,183] INFO django.server: "GET /media/recipes/11_%D0%91%D1%83%D1%82%D0%B5%D1%80%D0%B1%D1%80%D0%BE%D0%B4_%D1%81_%D1%81%D1%8B%D1%80%D0%BE%D0%BC.jpg HTTP/1.1" 304 0
[2026-04-12 12:59:19,857] INFO django.server: "POST /api/meal-plan/generate/ HTTP/1.1" 200 11848
[2026-04-12 12:59:28,094] INFO django.server: "POST /api/meal-plan/generate/ HTTP/1.1" 200 16010
[2026-04-12 12:59:48,485] INFO django.server: "GET / HTTP/1.1" 200 4724
[2026-04-12 12:59:58,093] INFO django.server: "GET /meal-plan/ HTTP/1.1" 200 55696
[2026-04-12 13:00:15,171] INFO django.server: "POST /api/meal-plan/generate/ HTTP/1.1" 200 11888
[2026-04-12 13:00:17,022] INFO django.server: "POST /api/shopping-list/generate/ HTTP/1.1" 200 2722
[2026-04-12 13:00:33,286] INFO django.server: "POST /api/meal-plan/generate/ HTTP/1.1" 200 13516
[2026-04-12 13:00:33,307] WARNING django.request: Not Found: /media/diplom_1.jpg
[2026-04-12 13:00:33,307] WARNING django.server: "GET /media/diplom_1.jpg HTTP/1.1" 404 5127
[2026-04-12 13:00:34,858] INFO django.server: "POST /api/meal-plan/generate/ HTTP/1.1" 200 13330
[2026-04-12 13:00:34,866] WARNING django.request: Not Found: /media/diplom_1.jpg
[2026-04-12 13:00:34,866] WARNING django.server: "GET /media/diplom_1.jpg HTTP/1.1" 404 5127
[2026-04-12 13:00:35,351] INFO django.server: "POST /api/meal-plan/generate/ HTTP/1.1" 200 12298
[2026-04-12 13:00:36,706] INFO django.server: "POST /api/shopping-list/generate/ HTTP/1.1" 200 3034
[2026-04-12 13:18:44,098] INFO django.server: "POST /api/meal-plan/generate/ HTTP/1.1" 200 13403
[2026-04-12 13:18:44,116] WARNING django.request: Not Found: /media/diplom_1.jpg
[2026-04-12 13:18:44,116] WARNING django.server: "GET /media/diplom_1.jpg HTTP/1.1" 404 5127
[2026-04-12 13:25:37,058] INFO django.server: "POST /api/meal-plan/generate/ HTTP/1.1" 200 13168
[2026-04-12 13:25:37,067] WARNING django.request: Not Found: /media/diplom_1.jpg
[2026-04-12 13:25:37,067] WARNING django.server: "GET /media/diplom_1.jpg HTTP/1.1" 404 5127
[2026-04-12 13:25:40,127] INFO django.server: "POST /api/shopping-list/generate/ HTTP/1.1" 200 2622
[2026-04-12 13:25:41,231] INFO django.server: "POST /api/shopping-list/generate/ HTTP/1.1" 200 2622
[2026-04-12 13:25:43,636] INFO django.server: "GET / HTTP/1.1" 200 4724
[2026-04-12 13:25:44,855] INFO django.server: "GET /meal-plan/ HTTP/1.1" 200 55696
[2026-04-12 13:25:48,605] INFO django.server: "POST /api/meal-plan/generate/ HTTP/1.1" 200 11924
[2026-04-12 13:25:50,310] INFO django.server: "POST /api/shopping-list/generate/ HTTP/1.1" 200 2828
[2026-04-12 13:25:53,579] INFO django.server: "POST /api/shopping-list/generate/ HTTP/1.1" 200 2839
[2026-04-12 13:25:56,058] INFO django.server: "POST /api/shopping-list/generate/ HTTP/1.1" 200 2847
[2026-04-12 13:26:00,404] INFO django.server: "POST /api/shopping-list/generate/ HTTP/1.1" 200 2847
[2026-04-12 13:26:03,134] INFO django.server: "POST /api/shopping-list/generate/ HTTP/1.1" 200 2847
[2026-04-12 13:26:41,111] INFO django.server: "POST /api/meal-plan/generate/ HTTP/1.1" 200 13139
[2026-04-12 13:26:41,119] WARNING django.request: Not Found: /media/diplom_1.jpg
[2026-04-12 13:26:41,119] WARNING django.server: "GET /media/diplom_1.jpg HTTP/1.1" 404 5127
[2026-04-12 13:26:46,484] INFO django.server: "POST /api/shopping-list/generate/ HTTP/1.1" 200 2899
[2026-04-12 13:27:44,479] INFO django.utils.autoreload: C:\Users\Micie456\PycharmProjects\Diplom\diplom\mainapp\models.py changed, reloading.
[2026-04-12 13:27:45,596] INFO django.utils.autoreload: Watching for file changes with StatReloader
[2026-04-12 13:30:55,901] INFO django.utils.autoreload: C:\Users\Micie456\PycharmProjects\Diplom\diplom\mainapp\views.py changed, reloading.
[2026-04-12 13:30:56,378] INFO django.utils.autoreload: Watching for file changes with StatReloader
[2026-04-12 13:31:07,627] INFO django.utils.autoreload: C:\Users\Micie456\PycharmProjects\Diplom\diplom\mainapp\views.py changed, reloading.
[2026-04-12 13:31:08,109] INFO django.utils.autoreload: Watching for file changes with StatReloader
[2026-04-12 13:35:32,103] INFO django.utils.autoreload: C:\Users\Micie456\PycharmProjects\Diplom\diplom\mainapp\views.py changed, reloading.
[2026-04-12 13:35:32,598] INFO django.utils.autoreload: Watching for file changes with StatReloader
[2026-04-12 13:35:51,048] INFO django.utils.autoreload: C:\Users\Micie456\PycharmProjects\Diplom\diplom\mainapp\views.py changed, reloading.
[2026-04-12 13:35:51,515] INFO django.utils.autoreload: Watching for file changes with StatReloader
[2026-04-12 13:36:38,429] INFO django.utils.autoreload: Watching for file changes with StatReloader
[2026-04-12 13:36:42,809] INFO django.server: "GET / HTTP/1.1" 200 4724
[2026-04-12 13:36:46,749] INFO django.server: "GET /admin/ HTTP/1.1" 200 17191
[2026-04-12 13:36:53,105] INFO django.server: "GET /admin/mainapp/recipeingredient/ HTTP/1.1" 200 46924
[2026-04-12 13:36:53,210] INFO django.server: "GET /admin/jsi18n/ HTTP/1.1" 200 3342
[2026-04-12 13:36:58,514] INFO django.server: "GET /admin/mainapp/recipeingredient/88/change/ HTTP/1.1" 200 23515
[2026-04-12 13:36:58,594] INFO django.server: "GET /admin/jsi18n/ HTTP/1.1" 200 3342
[2026-04-12 13:37:00,595] INFO django.server: "GET /admin/mainapp/recipeingredient/ HTTP/1.1" 200 46924
[2026-04-12 13:37:05,061] INFO django.server: "GET /admin/mainapp/recipeingredient/182/change/ HTTP/1.1" 200 23521
[2026-04-12 13:37:05,132] INFO django.server: "GET /admin/jsi18n/ HTTP/1.1" 200 3342
[2026-04-12 13:37:06,738] INFO django.server: "GET /admin/mainapp/recipeingredient/ HTTP/1.1" 200 46924
[2026-04-12 13:37:07,369] INFO django.server: "GET /admin/mainapp/recipeingredient/181/change/ HTTP/1.1" 200 23521
[2026-04-12 13:37:07,446] INFO django.server: "GET /admin/jsi18n/ HTTP/1.1" 200 3342
[2026-04-12 13:37:08,959] INFO django.server: "GET /admin/mainapp/recipeingredient/ HTTP/1.1" 200 46924
[2026-04-12 13:37:09,670] INFO django.server: "GET /admin/mainapp/recipeingredient/182/change/ HTTP/1.1" 200 23521
[2026-04-12 13:37:09,744] INFO django.server: "GET /admin/jsi18n/ HTTP/1.1" 200 3342
[2026-04-12 13:37:11,751] INFO django.server: "GET /admin/mainapp/recipeingredient/ HTTP/1.1" 200 46924
[2026-04-12 13:37:12,480] INFO django.server: "GET /admin/mainapp/recipeingredient/181/change/ HTTP/1.1" 200 23521
[2026-04-12 13:37:12,558] INFO django.server: "GET /admin/jsi18n/ HTTP/1.1" 200 3342
[2026-04-12 13:37:14,616] INFO django.server: "GET /admin/mainapp/recipeingredient/ HTTP/1.1" 200 46924
[2026-04-12 13:37:15,443] INFO django.server: "GET /admin/mainapp/recipeingredient/?o=1 HTTP/1.1" 200 49798
[2026-04-12 13:37:15,520] INFO django.server: "GET /admin/jsi18n/ HTTP/1.1" 200 3342
[2026-04-12 13:37:15,620] INFO django.server: "GET /static/admin/img/sorting-icons.svg HTTP/1.1" 200 1761
[2026-04-12 13:37:16,109] INFO django.server: "GET /admin/mainapp/recipeingredient/182/change/?_changelist_filters=o%3D1 HTTP/1.1" 200 23609
[2026-04-12 13:37:16,294] INFO django.server: "GET /admin/jsi18n/ HTTP/1.1" 200 3342
[2026-04-12 13:37:17,797] INFO django.server: "GET /admin/mainapp/recipeingredient/?o=1 HTTP/1.1" 200 49798
[2026-04-12 13:37:21,245] INFO django.server: "GET /admin/mainapp/recipeingredient/?o=1 HTTP/1.1" 200 49798
[2026-04-12 13:37:21,313] INFO django.server: "GET /admin/jsi18n/ HTTP/1.1" 200 3342
[2026-04-12 13:37:24,965] INFO django.server: "GET /admin/mainapp/recipeingredient/?o=1&p=2 HTTP/1.1" 200 43900
[2026-04-12 13:37:25,038] INFO django.server: "GET /admin/jsi18n/ HTTP/1.1" 200 3342
[2026-04-12 13:37:27,286] INFO django.server: "GET /admin/mainapp/recipeingredient/1/change/?_changelist_filters=o%3D1%26p%3D2 HTTP/1.1" 200 23623
[2026-04-12 13:37:27,357] INFO django.server: "GET /admin/jsi18n/ HTTP/1.1" 200 3342
[2026-04-12 13:37:29,273] INFO django.server: "GET /admin/mainapp/recipeingredient/?o=1&p=2 HTTP/1.1" 200 43900
[2026-04-12 13:37:30,084] INFO django.server: "GET /admin/mainapp/recipeingredient/4/change/?_changelist_filters=o%3D1%26p%3D2 HTTP/1.1" 200 23623
[2026-04-12 13:37:30,163] INFO django.server: "GET /admin/jsi18n/ HTTP/1.1" 200 3342
[2026-04-12 13:37:31,552] INFO django.server: "GET /admin/mainapp/recipeingredient/?o=1&p=2 HTTP/1.1" 200 43900
[2026-04-12 13:37:35,937] INFO django.server: "GET /admin/mainapp/recipes/ HTTP/1.1" 200 28869
[2026-04-12 13:37:36,011] INFO django.server: "GET /admin/jsi18n/ HTTP/1.1" 200 3342
[2026-04-12 13:37:39,365] INFO django.server: "GET /admin/mainapp/recipes/42/change/ HTTP/1.1" 200 20364
[2026-04-12 13:37:39,439] INFO django.server: "GET /admin/jsi18n/ HTTP/1.1" 200 3342
[2026-04-12 13:37:56,420] INFO django.server: "GET /admin/mainapp/mealplanitem/ HTTP/1.1" 200 30965
[2026-04-12 13:37:56,498] INFO django.server: "GET /admin/jsi18n/ HTTP/1.1" 200 3342
[2026-04-12 13:37:59,930] INFO django.server: "GET /admin/mainapp/mealplan/ HTTP/1.1" 200 14966
[2026-04-12 13:38:00,123] INFO django.server: "GET /admin/jsi18n/ HTTP/1.1" 200 3342
[2026-04-12 13:38:03,552] INFO django.server: "GET /admin/mainapp/usersettings/ HTTP/1.1" 200 15060
[2026-04-12 13:38:03,635] INFO django.server: "GET /admin/jsi18n/ HTTP/1.1" 200 3342
[2026-04-12 13:38:04,922] INFO django.server: "GET /admin/mainapp/userpreference/ HTTP/1.1" 200 13409
[2026-04-12 13:38:04,991] INFO django.server: "GET /admin/jsi18n/ HTTP/1.1" 200 3342
[2026-04-12 13:38:06,146] INFO django.server: "GET /admin/mainapp/recipes/ HTTP/1.1" 200 28869
[2026-04-12 13:38:06,235] INFO django.server: "GET /admin/jsi18n/ HTTP/1.1" 200 3342
[2026-04-12 13:38:07,425] INFO django.server: "GET /admin/mainapp/recipeingredient/ HTTP/1.1" 200 46924
[2026-04-12 13:38:07,498] INFO django.server: "GET /admin/jsi18n/ HTTP/1.1" 200 3342
[2026-04-12 13:38:08,113] INFO django.server: "GET /admin/mainapp/kitchenname/ HTTP/1.1" 200 16871
[2026-04-12 13:38:08,187] INFO django.server: "GET /admin/jsi18n/ HTTP/1.1" 200 3342
[2026-04-12 13:38:09,625] INFO django.server: "GET /admin/mainapp/kitchenname/9/change/ HTTP/1.1" 200 14017
[2026-04-12 13:38:09,701] INFO django.server: "GET /admin/jsi18n/ HTTP/1.1" 200 3342
[2026-04-12 13:38:11,138] INFO django.server: "GET /admin/mainapp/kitchenname/ HTTP/1.1" 200 16871
[2026-04-12 13:38:11,862] INFO django.server: "GET /admin/mainapp/kitchenname/8/change/ HTTP/1.1" 200 14021
[2026-04-12 13:38:11,943] INFO django.server: "GET /admin/jsi18n/ HTTP/1.1" 200 3342
[2026-04-12 13:38:13,225] INFO django.server: "GET /admin/mainapp/kitchenname/ HTTP/1.1" 200 16871
[2026-04-12 13:38:13,993] INFO django.server: "GET /admin/mainapp/kitchenname/7/change/ HTTP/1.1" 200 14023
[2026-04-12 13:38:14,069] INFO django.server: "GET /admin/jsi18n/ HTTP/1.1" 200 3342
[2026-04-12 13:38:15,631] INFO django.server: "GET /admin/mainapp/kitchenname/ HTTP/1.1" 200 16871
[2026-04-12 13:38:16,929] INFO django.server: "GET /admin/mainapp/ingredients/ HTTP/1.1" 200 28388
[2026-04-12 13:38:17,005] INFO django.server: "GET /admin/jsi18n/ HTTP/1.1" 200 3342
[2026-04-12 13:38:19,329] INFO django.server: "GET /admin/mainapp/ingredients/1/change/ HTTP/1.1" 200 15653
[2026-04-12 13:38:19,407] INFO django.server: "GET /admin/jsi18n/ HTTP/1.1" 200 3342
[2026-04-12 13:38:20,605] INFO django.server: "GET /admin/mainapp/ingredients/ HTTP/1.1" 200 28388
[2026-04-12 13:38:21,511] INFO django.server: "GET /admin/mainapp/ingredients/28/change/ HTTP/1.1" 200 15359
[2026-04-12 13:38:21,590] INFO django.server: "GET /admin/jsi18n/ HTTP/1.1" 200 3342
[2026-04-12 13:38:23,234] INFO django.server: "GET /admin/mainapp/ingredients/ HTTP/1.1" 200 28388
[2026-04-12 13:38:24,256] INFO django.server: "GET /admin/mainapp/ingredients/47/change/ HTTP/1.1" 200 15355
[2026-04-12 13:38:24,333] INFO django.server: "GET /admin/jsi18n/ HTTP/1.1" 200 3342
[2026-04-12 13:38:25,909] INFO django.server: "GET /admin/mainapp/ingredients/ HTTP/1.1" 200 28388
[2026-04-12 13:43:00,114] INFO django.utils.autoreload: Watching for file changes with StatReloader
[2026-04-12 13:43:03,631] INFO django.server: "GET / HTTP/1.1" 200 4724
[2026-04-12 13:43:04,943] INFO django.server: "GET /meal-plan/ HTTP/1.1" 200 55974
[2026-04-12 13:43:07,641] INFO django.server: "POST /api/meal-plan/generate/ HTTP/1.1" 200 10211
[2026-04-12 13:43:07,649] INFO django.server: "GET /media/recipes/27_%D0%96%D0%B0%D1%80%D0%BA%D0%BE%D0%B5_%D0%B8%D0%B7_%D1%81%D0%B2%D0%B8%D0%BD%D0%B8%D0%BD%D1%8B_%D1%81_%D0%BA%D0%B0%D1%80%D1%82%D0%BE%D1%88%D0%BA%D0%BE%D0%B9.jpg HTTP/1.1" 304 0
[2026-04-12 13:43:07,649] INFO django.server: "GET /media/recipes/13_%D0%9A%D1%83%D1%80%D0%B8%D0%BD%D0%BE%D0%B5_%D1%84%D0%B8%D0%BB%D0%B5_%D1%81_%D1%80%D0%B8%D1%81%D0%BE%D0%BC.jpg HTTP/1.1" 304 0
[2026-04-12 13:43:07,649] INFO django.server: "GET /media/recipes/15_%D0%9C%D0%B0%D0%BA%D0%B0%D1%80%D0%BE%D0%BD%D1%8B_%D0%BF%D0%BE-%D1%84%D0%BB%D0%BE%D1%82%D1%81%D0%BA%D0%B8.jpg HTTP/1.1" 304 0
[2026-04-12 13:43:07,650] INFO django.server: "GET /media/recipes/23_%D0%93%D1%83%D0%BB%D1%8F%D1%88_%D0%B8%D0%B7_%D0%B3%D0%BE%D0%B2%D1%8F%D0%B4%D0%B8%D0%BD%D1%8B_%D1%81_%D0%BF%D1%8E%D1%80%D0%B5.jpg HTTP/1.1" 304 0
[2026-04-12 13:43:58,408] INFO django.server: "POST /api/meal-plan/generate/ HTTP/1.1" 200 11767
[2026-04-12 13:43:58,419] WARNING django.request: Not Found: /media/Diplom_5.png
[2026-04-12 13:43:58,422] WARNING django.request: Not Found: /media/Diplom_2.jpg
[2026-04-12 13:43:58,422] INFO django.server: "GET /media/recipes/14_%D0%9F%D0%BB%D0%BE%D0%B2_%D1%81_%D0%BA%D1%83%D1%80%D0%B8%D1%86%D0%B5%D0%B9.jpg HTTP/1.1" 304 0
[2026-04-12 13:43:58,422] WARNING django.server: "GET /media/Diplom_5.png HTTP/1.1" 404 5127
[2026-04-12 13:43:58,423] WARNING django.server: "GET /media/Diplom_2.jpg HTTP/1.1" 404 5127
[2026-04-12 13:44:11,908] INFO django.server: "POST /api/meal-plan/generate/ HTTP/1.1" 200 9900
[2026-04-12 13:44:11,917] WARNING django.request: Not Found: /media/Diplom_3.jpg
[2026-04-12 13:44:11,917] INFO django.server: "GET /media/recipes/34_%D0%9A%D0%BE%D1%82%D0%BB%D0%B5%D1%82%D1%8B_%D0%BF%D0%BE-%D0%BA%D0%B8%D0%B5%D0%B2%D1%81%D0%BA%D0%B8.jpg HTTP/1.1" 304 0
[2026-04-12 13:44:11,918] WARNING django.server: "GET /media/Diplom_3.jpg HTTP/1.1" 404 5127
[2026-04-12 13:44:11,960] INFO django.server: "GET /media/recipes/18_%D0%9A%D0%B0%D1%80%D1%82%D0%BE%D1%84%D0%B5%D0%BB%D1%8C%D0%BD%D0%BE%D0%B5_%D0%BF%D1%8E%D1%80%D0%B5_%D1%81_%D0%BA%D0%BE%D1%82%D0%BB%D0%B5%D1%82%D0%BE%D0%B9.jpg HTTP/1.1" 200 17096
[2026-04-12 13:44:14,059] INFO django.server: "POST /api/meal-plan/generate/ HTTP/1.1" 200 4971
[2026-04-12 13:44:14,440] INFO django.server: "POST /api/meal-plan/generate/ HTTP/1.1" 200 13805
[2026-04-12 13:44:14,449] WARNING django.request: Not Found: /media/diplom_1.jpg
[2026-04-12 13:44:14,449] INFO django.server: "GET /media/recipes/6_%D0%9E%D0%B2%D1%81%D1%8F%D0%BD%D0%BA%D0%B0_%D0%BD%D0%B0_%D0%BC%D0%BE%D0%BB%D0%BE%D0%BA%D0%B5.jpg HTTP/1.1" 304 0
[2026-04-12 13:44:14,449] WARNING django.server: "GET /media/diplom_1.jpg HTTP/1.1" 404 5127
[2026-04-12 13:44:15,473] INFO django.server: "POST /api/meal-plan/generate/ HTTP/1.1" 200 12090
[2026-04-12 13:44:22,919] INFO django.server: "POST /api/meal-plan/generate/ HTTP/1.1" 200 12099
[2026-04-12 13:44:22,924] INFO django.server: "GET /media/recipes/8_%D0%9E%D0%BC%D0%BB%D0%B5%D1%82.jpg HTTP/1.1" 304 0
[2026-04-12 13:44:30,326] INFO django.server: "POST /api/shopping-list/generate/ HTTP/1.1" 200 3360
[2026-04-12 13:56:43,821] INFO django.server: "POST /api/meal-plan/generate/ HTTP/1.1" 200 134
[2026-04-12 13:56:46,426] INFO django.server: "POST /api/meal-plan/generate/ HTTP/1.1" 200 134
[2026-04-12 13:56:47,157] INFO django.server: "POST /api/meal-plan/generate/ HTTP/1.1" 200 134
[2026-04-12 13:56:51,010] INFO django.server: "POST /api/meal-plan/generate/ HTTP/1.1" 200 134
[2026-04-12 13:56:55,449] INFO django.server: "POST /api/meal-plan/generate/ HTTP/1.1" 200 9143
[2026-04-12 13:56:56,624] INFO django.server: "POST /api/meal-plan/generate/ HTTP/1.1" 200 9063
[2026-04-12 13:56:57,657] INFO django.server: "POST /api/meal-plan/generate/ HTTP/1.1" 200 11581
[2026-04-12 13:56:57,669] INFO django.server: "GET /media/recipes/21_%D0%93%D0%BE%D1%80%D0%BE%D1%85%D0%BE%D0%B2%D1%8B%D0%B9_%D1%81%D1%83%D0%BF.jpg HTTP/1.1" 200 10386
[2026-04-12 13:56:59,179] INFO django.server: "POST /api/meal-plan/generate/ HTTP/1.1" 200 11462
[2026-04-12 13:56:59,187] WARNING django.request: Not Found: /media/Diplom4.jpg
[2026-04-12 13:56:59,187] WARNING django.server: "GET /media/Diplom4.jpg HTTP/1.1" 404 5123
[2026-04-12 13:57:19,350] INFO django.server: "POST /api/meal-plan/generate/ HTTP/1.1" 200 9182
[2026-04-12 13:57:19,358] WARNING django.request: Not Found: /media/Diplom_3.jpg
[2026-04-12 13:57:19,358] WARNING django.server: "GET /media/Diplom_3.jpg HTTP/1.1" 404 5127
[2026-04-12 13:57:22,312] INFO django.server: "POST /api/meal-plan/generate/ HTTP/1.1" 200 11830
[2026-04-12 13:57:22,323] WARNING django.request: Not Found: /media/Diplom_3.jpg
[2026-04-12 13:57:22,325] WARNING django.request: Not Found: /media/Diplom_2.jpg
[2026-04-12 13:57:22,328] WARNING django.request: Not Found: /media/Diplom4.jpg
[2026-04-12 13:57:22,328] WARNING django.server: "GET /media/Diplom_3.jpg HTTP/1.1" 404 5127
[2026-04-12 13:57:22,330] WARNING django.server: "GET /media/Diplom_2.jpg HTTP/1.1" 404 5127
[2026-04-12 13:57:22,330] WARNING django.server: "GET /media/Diplom4.jpg HTTP/1.1" 404 5123
[2026-04-12 13:57:30,971] INFO django.server: "POST /api/meal-plan/generate/ HTTP/1.1" 200 9674
[2026-04-12 13:58:23,398] INFO django.server: "POST /api/meal-plan/generate/ HTTP/1.1" 200 134
[2026-04-12 13:58:25,286] INFO django.server: "POST /api/meal-plan/generate/ HTTP/1.1" 200 134
[2026-04-12 13:58:45,258] INFO django.server: "POST /api/meal-plan/generate/ HTTP/1.1" 200 134
[2026-04-12 13:58:46,171] INFO django.server: "POST /api/meal-plan/generate/ HTTP/1.1" 200 11383
[2026-04-12 13:58:46,588] INFO django.server: "POST /api/meal-plan/generate/ HTTP/1.1" 200 10130
[2026-04-12 13:58:46,596] WARNING django.request: Not Found: /media/Diplom_2.jpg
[2026-04-12 13:58:46,596] WARNING django.server: "GET /media/Diplom_2.jpg HTTP/1.1" 404 5127
[2026-04-12 13:58:48,473] INFO django.server: "POST /api/meal-plan/generate/ HTTP/1.1" 200 8562
[2026-04-12 13:58:52,098] INFO django.server: "POST /api/meal-plan/generate/ HTTP/1.1" 200 10046
[2026-04-12 13:58:52,105] WARNING django.request: Not Found: /media/Diplom_2.jpg
[2026-04-12 13:58:52,105] WARNING django.server: "GET /media/Diplom_2.jpg HTTP/1.1" 404 5127
[2026-04-12 13:58:55,918] INFO django.server: "POST /api/meal-plan/generate/ HTTP/1.1" 200 10734
[2026-04-12 13:58:55,927] WARNING django.request: Not Found: /media/Diplom4.jpg
[2026-04-12 13:58:55,927] WARNING django.server: "GET /media/Diplom4.jpg HTTP/1.1" 404 5123
[2026-04-12 14:02:50,389] INFO django.utils.autoreload: C:\Users\Micie456\PycharmProjects\Diplom\diplom\mainapp\views.py changed, reloading.
[2026-04-12 14:02:50,854] INFO django.utils.autoreload: Watching for file changes with StatReloader
[2026-04-12 14:03:44,230] INFO django.utils.autoreload: C:\Users\Micie456\PycharmProjects\Diplom\diplom\mainapp\views.py changed, reloading.
[2026-04-12 14:03:44,695] INFO django.utils.autoreload: Watching for file changes with StatReloader
[2026-04-12 14:03:59,005] INFO django.utils.autoreload: C:\Users\Micie456\PycharmProjects\Diplom\diplom\mainapp\views.py changed, reloading.
[2026-04-12 14:03:59,466] INFO django.utils.autoreload: Watching for file changes with StatReloader
[2026-04-12 14:05:00,205] INFO django.utils.autoreload: Watching for file changes with StatReloader
[2026-04-12 14:05:31,138] INFO django.utils.autoreload: Watching for file changes with StatReloader
[2026-04-12 14:05:32,439] INFO django.server: "GET / HTTP/1.1" 200 4724
[2026-04-12 14:05:33,694] INFO django.server: "GET /meal-plan/ HTTP/1.1" 200 55974
[2026-04-12 14:05:36,153] INFO django.server: "POST /api/meal-plan/generate/ HTTP/1.1" 200 14432
[2026-04-12 14:05:36,162] WARNING django.request: Not Found: /media/Diplom4.jpg
[2026-04-12 14:05:36,162] WARNING django.server: "GET /media/Diplom4.jpg HTTP/1.1" 404 5123
[2026-04-12 14:05:47,177] INFO django.server: "POST /api/meal-plan/generate/ HTTP/1.1" 200 12262
[2026-04-12 14:05:49,381] INFO django.server: "POST /api/meal-plan/generate/ HTTP/1.1" 200 11911
[2026-04-12 14:05:53,960] INFO django.server: "POST /api/meal-plan/generate/ HTTP/1.1" 200 14120
[2026-04-12 14:05:53,971] WARNING django.request: Not Found: /media/diplom_1.jpg
[2026-04-12 14:05:53,971] WARNING django.server: "GET /media/diplom_1.jpg HTTP/1.1" 404 5127
[2026-04-12 14:05:57,573] INFO django.server: "POST /api/meal-plan/generate/ HTTP/1.1" 200 13013
[2026-04-12 14:05:57,580] WARNING django.request: Not Found: /media/diplom_1.jpg
[2026-04-12 14:05:57,581] WARNING django.server: "GET /media/diplom_1.jpg HTTP/1.1" 404 5127
[2026-04-12 14:05:58,837] INFO django.server: "POST /api/meal-plan/generate/ HTTP/1.1" 200 15019
[2026-04-12 14:05:58,900] WARNING django.request: Not Found: /media/Diplom4.jpg
[2026-04-12 14:05:58,900] WARNING django.server: "GET /media/Diplom4.jpg HTTP/1.1" 404 5123
[2026-04-12 14:06:13,937] INFO django.server: "POST /api/shopping-list/generate/ HTTP/1.1" 200 2317
[2026-04-12 14:06:22,299] INFO django.server: "POST /api/meal-plan/generate/ HTTP/1.1" 200 14120
[2026-04-12 14:06:22,308] WARNING django.request: Not Found: /media/diplom_1.jpg
[2026-04-12 14:06:22,308] WARNING django.server: "GET /media/diplom_1.jpg HTTP/1.1" 404 5127
[2026-04-12 14:06:23,118] INFO django.server: "POST /api/meal-plan/generate/ HTTP/1.1" 200 14116
[2026-04-12 14:06:23,126] WARNING django.request: Not Found: /media/diplom_1.jpg
[2026-04-12 14:06:23,126] WARNING django.server: "GET /media/diplom_1.jpg HTTP/1.1" 404 5127
[2026-04-12 14:06:43,565] INFO django.server: "POST /api/meal-plan/generate/ HTTP/1.1" 200 14042
[2026-04-12 14:06:43,573] WARNING django.request: Not Found: /media/diplom_1.jpg
[2026-04-12 14:06:43,573] WARNING django.server: "GET /media/diplom_1.jpg HTTP/1.1" 404 5127
[2026-04-12 14:06:47,234] INFO django.server: "POST /api/meal-plan/generate/ HTTP/1.1" 200 14026
[2026-04-12 14:06:47,242] WARNING django.request: Not Found: /media/diplom_1.jpg
[2026-04-12 14:06:47,243] WARNING django.server: "GET /media/diplom_1.jpg HTTP/1.1" 404 5127
[2026-04-12 14:06:47,811] INFO django.server: "POST /api/meal-plan/generate/ HTTP/1.1" 200 13914
[2026-04-12 14:06:47,819] WARNING django.request: Not Found: /media/diplom_1.jpg
[2026-04-12 14:06:47,819] WARNING django.server: "GET /media/diplom_1.jpg HTTP/1.1" 404 5127
[2026-04-12 14:06:49,002] INFO django.server: "POST /api/meal-plan/generate/ HTTP/1.1" 200 14427
[2026-04-12 14:06:49,009] WARNING django.request: Not Found: /media/diplom_1.jpg
[2026-04-12 14:06:49,010] WARNING django.server: "GET /media/diplom_1.jpg HTTP/1.1" 404 5127
[2026-04-12 14:06:49,862] INFO django.server: "POST /api/meal-plan/generate/ HTTP/1.1" 200 13976
[2026-04-12 14:06:49,870] WARNING django.request: Not Found: /media/diplom_1.jpg
[2026-04-12 14:06:49,870] WARNING django.server: "GET /media/diplom_1.jpg HTTP/1.1" 404 5127
[2026-04-12 14:06:52,143] INFO django.server: "POST /api/meal-plan/generate/ HTTP/1.1" 200 13703
[2026-04-12 14:06:52,151] WARNING django.request: Not Found: /media/diplom_1.jpg
[2026-04-12 14:06:52,151] WARNING django.server: "GET /media/diplom_1.jpg HTTP/1.1" 404 5127
[2026-04-12 14:06:56,121] INFO django.server: "POST /api/meal-plan/generate/ HTTP/1.1" 200 12286
[2026-04-12 14:06:56,849] INFO django.server: "POST /api/meal-plan/generate/ HTTP/1.1" 200 12286
[2026-04-12 14:06:59,449] INFO django.server: "POST /api/meal-plan/generate/ HTTP/1.1" 200 12286
[2026-04-12 14:10:37,301] INFO django.server: "GET / HTTP/1.1" 200 4724
[2026-04-12 14:10:38,951] INFO django.server: "GET /meal-plan/ HTTP/1.1" 200 55974
[2026-04-12 14:10:41,856] INFO django.server: "POST /api/meal-plan/generate/ HTTP/1.1" 200 13787
[2026-04-12 14:10:41,865] WARNING django.request: Not Found: /media/Diplom_3.jpg
[2026-04-12 14:10:41,865] WARNING django.server: "GET /media/Diplom_3.jpg HTTP/1.1" 404 5127
[2026-04-12 14:15:10,696] INFO django.utils.autoreload: C:\Users\Micie456\PycharmProjects\Diplom\diplom\mainapp\views.py changed, reloading.
[2026-04-12 14:15:11,176] INFO django.utils.autoreload: Watching for file changes with StatReloader
[2026-04-12 14:15:11,206] INFO django.utils.autoreload: C:\Users\Micie456\PycharmProjects\Diplom\diplom\mainapp\views.py changed, reloading.
[2026-04-12 14:15:11,686] INFO django.utils.autoreload: Watching for file changes with StatReloader
[2026-04-12 14:15:52,223] INFO django.utils.autoreload: C:\Users\Micie456\PycharmProjects\Diplom\diplom\mainapp\views.py changed, reloading.
[2026-04-12 14:15:52,694] INFO django.utils.autoreload: Watching for file changes with StatReloader
[2026-04-12 14:15:52,705] INFO django.utils.autoreload: C:\Users\Micie456\PycharmProjects\Diplom\diplom\mainapp\views.py changed, reloading.
[2026-04-12 14:15:53,200] INFO django.utils.autoreload: Watching for file changes with StatReloader
[2026-04-12 14:16:10,687] INFO django.utils.autoreload: C:\Users\Micie456\PycharmProjects\Diplom\diplom\mainapp\views.py changed, reloading.
[2026-04-12 14:16:11,153] INFO django.utils.autoreload: Watching for file changes with StatReloader
[2026-04-12 14:16:11,175] INFO django.utils.autoreload: C:\Users\Micie456\PycharmProjects\Diplom\diplom\mainapp\views.py changed, reloading.
[2026-04-12 14:16:11,652] INFO django.utils.autoreload: Watching for file changes with StatReloader
[2026-04-12 14:16:30,666] INFO django.utils.autoreload: C:\Users\Micie456\PycharmProjects\Diplom\diplom\mainapp\views.py changed, reloading.
[2026-04-12 14:16:31,102] INFO django.utils.autoreload: C:\Users\Micie456\PycharmProjects\Diplom\diplom\mainapp\views.py changed, reloading.
[2026-04-12 14:16:31,126] INFO django.utils.autoreload: Watching for file changes with StatReloader
[2026-04-12 14:16:31,587] INFO django.utils.autoreload: Watching for file changes with StatReloader
[2026-04-12 14:17:12,799] INFO django.utils.autoreload: Watching for file changes with StatReloader
[2026-04-12 14:17:14,243] INFO django.server: "GET / HTTP/1.1" 200 4724
[2026-04-12 14:17:16,349] INFO django.server: "GET /meal-plan/ HTTP/1.1" 200 53196
[2026-04-12 14:17:20,882] INFO django.server: "POST /api/meal-plan/generate/ HTTP/1.1" 200 14501
[2026-04-12 14:17:20,891] WARNING django.request: Not Found: /media/Diplom4.jpg
[2026-04-12 14:17:20,893] WARNING django.request: Not Found: /media/Diplom_2.jpg
[2026-04-12 14:17:20,893] WARNING django.server: "GET /media/Diplom4.jpg HTTP/1.1" 404 5123
[2026-04-12 14:17:20,893] WARNING django.server: "GET /media/Diplom_2.jpg HTTP/1.1" 404 5127
[2026-04-12 14:17:26,093] INFO django.server: "POST /api/meal-plan/generate/ HTTP/1.1" 200 11887
[2026-04-12 14:17:27,050] INFO django.server: "POST /api/meal-plan/generate/ HTTP/1.1" 200 12214
[2026-04-12 14:17:29,771] INFO django.server: "POST /api/shopping-list/generate/ HTTP/1.1" 200 2957
[2026-04-12 14:17:38,504] INFO django.server: "POST /api/favorites/save/ HTTP/1.1" 200 36
[2026-04-12 14:17:41,009] INFO django.server: "GET /profile/ HTTP/1.1" 200 29
[2026-04-12 14:34:23,346] INFO django.server: "GET / HTTP/1.1" 200 4724
[2026-04-12 14:34:23,384] INFO django.server: "GET /static/css/style.css HTTP/1.1" 304 0
[2026-04-12 14:34:23,393] INFO django.server: "GET /static/images/background.jpg HTTP/1.1" 304 0
[2026-04-12 14:34:26,922] INFO django.server: "GET /compose/ HTTP/1.1" 200 16201
[2026-04-12 14:34:54,825] INFO django.server: "GET /api/search_recipes/?ingredients=%D0%BA%D0%B0%D1%80%D1%82%D0%BE%D1%88%D0%BA%D0%B0+%D1%81%D0%B2%D0%B8%D0%BD%D0%B8%D0%BD%D0%B0&kitchen=eastern_european HTTP/1.1" 200 17260
[2026-04-12 14:35:42,828] INFO django.server: "GET / HTTP/1.1" 200 4724
[2026-04-12 14:35:50,832] INFO django.server: "GET /compose/ HTTP/1.1" 200 16201
[2026-04-12 14:54:23,135] INFO django.server: "GET /admin/ HTTP/1.1" 200 17191
[2026-04-12 14:54:24,776] INFO django.server: "GET /admin/mainapp/recipes/ HTTP/1.1" 200 28869
[2026-04-12 14:54:24,876] INFO django.server: "GET /admin/jsi18n/ HTTP/1.1" 200 3342
[2026-04-12 14:54:28,259] INFO django.server: "GET /admin/mainapp/recipes/5/change/ HTTP/1.1" 200 20734
[2026-04-12 14:54:28,348] INFO django.server: "GET /admin/jsi18n/ HTTP/1.1" 200 3342
[2026-04-12 14:54:29,932] INFO django.server: "GET /admin/mainapp/recipes/ HTTP/1.1" 200 28869
[2026-04-12 14:54:30,928] INFO django.server: "GET /admin/mainapp/recipes/11/change/ HTTP/1.1" 200 20704
[2026-04-12 14:54:31,133] INFO django.server: "GET /admin/jsi18n/ HTTP/1.1" 200 3342
[2026-04-12 14:54:32,583] INFO django.server: "GET /admin/mainapp/recipes/ HTTP/1.1" 200 28869
[2026-04-12 15:01:30,510] INFO django.utils.autoreload: C:\Users\Micie456\PycharmProjects\Diplom\diplom\mainapp\views.py changed, reloading.
[2026-04-12 15:01:30,998] INFO django.utils.autoreload: Watching for file changes with StatReloader
[2026-04-12 15:17:33,188] INFO django.utils.autoreload: Watching for file changes with StatReloader
[2026-04-12 15:17:35,489] INFO django.server: "GET / HTTP/1.1" 200 4724
[2026-04-12 15:17:35,863] WARNING django.request: Not Found: /favicon.ico
[2026-04-12 15:17:35,864] WARNING django.server: "GET /favicon.ico HTTP/1.1" 404 4878
[2026-04-12 15:17:37,757] INFO django.server: "GET /meal-plan/ HTTP/1.1" 200 53003
[2026-04-12 15:17:45,873] INFO django.server: "POST /api/meal-plan/generate/ HTTP/1.1" 200 13993
[2026-04-12 15:17:45,881] INFO django.server: "GET /media/recipes/9_%D0%A2%D0%B2%D0%BE%D1%80%D0%BE%D0%B3_%D1%81%D0%BE_%D1%81%D0%BC%D0%B5%D1%82%D0%B0%D0%BD%D0%BE%D0%B9.jpg HTTP/1.1" 304 0
[2026-04-12 15:17:45,884] WARNING django.request: Not Found: /media/diplom_1.jpg
[2026-04-12 15:17:45,884] INFO django.server: "GET /media/recipes/16_%D0%91%D0%BE%D1%80%D1%89.jpg HTTP/1.1" 304 0
[2026-04-12 15:17:45,885] WARNING django.server: "GET /media/diplom_1.jpg HTTP/1.1" 404 5127
[2026-04-12 15:17:50,322] INFO django.server: "POST /api/meal-plan/generate/ HTTP/1.1" 200 12493
[2026-04-12 15:17:50,327] INFO django.server: "GET /media/recipes/17_%D0%9A%D1%83%D1%80%D0%B8%D0%BD%D1%8B%D0%B9_%D1%81%D1%83%D0%BF.jpg HTTP/1.1" 304 0
[2026-04-12 15:17:51,217] INFO django.server: "POST /api/meal-plan/generate/ HTTP/1.1" 200 12682
[2026-04-12 15:17:54,798] INFO django.server: "POST /api/meal-plan/generate/ HTTP/1.1" 200 12250
[2026-04-12 15:17:56,298] INFO django.server: "POST /api/meal-plan/generate/ HTTP/1.1" 200 12445
[2026-04-12 15:18:03,251] INFO django.server: "POST /api/meal-plan/generate/ HTTP/1.1" 200 12286
[2026-04-12 15:18:07,158] INFO django.server: "POST /api/meal-plan/generate/ HTTP/1.1" 200 13324
[2026-04-12 15:18:07,165] WARNING django.request: Not Found: /media/diplom_1.jpg
[2026-04-12 15:18:07,165] INFO django.server: "GET /media/recipes/11_%D0%91%D1%83%D1%82%D0%B5%D1%80%D0%B1%D1%80%D0%BE%D0%B4_%D1%81_%D1%81%D1%8B%D1%80%D0%BE%D0%BC.jpg HTTP/1.1" 304 0
[2026-04-12 15:18:07,165] WARNING django.server: "GET /media/diplom_1.jpg HTTP/1.1" 404 5127
[2026-04-12 15:18:09,407] INFO django.server: "POST /api/meal-plan/generate/ HTTP/1.1" 200 12128
[2026-04-12 15:18:17,563] INFO django.server: "POST /api/meal-plan/generate/ HTTP/1.1" 200 12136
[2026-04-12 15:18:25,441] INFO django.server: "GET / HTTP/1.1" 200 4724
[2026-04-12 15:18:26,236] INFO django.server: "GET /meal-plan/ HTTP/1.1" 200 53003
[2026-04-12 15:18:31,602] INFO django.server: "POST /api/meal-plan/generate/ HTTP/1.1" 200 13183
[2026-04-12 15:18:31,610] WARNING django.request: Not Found: /media/diplom_1.jpg
[2026-04-12 15:18:31,611] WARNING django.server: "GET /media/diplom_1.jpg HTTP/1.1" 404 5127
[2026-04-12 15:18:34,180] INFO django.server: "POST /api/meal-plan/generate/ HTTP/1.1" 200 11963
[2026-04-12 15:18:35,610] INFO django.server: "POST /api/meal-plan/generate/ HTTP/1.1" 200 12500
[2026-04-12 15:18:36,538] INFO django.server: "POST /api/meal-plan/generate/ HTTP/1.1" 200 13583
[2026-04-12 15:18:36,546] WARNING django.request: Not Found: /media/diplom_1.jpg
[2026-04-12 15:18:36,547] WARNING django.server: "GET /media/diplom_1.jpg HTTP/1.1" 404 5127
[2026-04-12 15:18:38,206] INFO django.server: "POST /api/meal-plan/generate/ HTTP/1.1" 200 12088
[2026-04-12 15:18:39,860] INFO django.server: "POST /api/meal-plan/generate/ HTTP/1.1" 200 13732
[2026-04-12 15:18:39,867] WARNING django.request: Not Found: /media/diplom_1.jpg
[2026-04-12 15:18:39,868] WARNING django.server: "GET /media/diplom_1.jpg HTTP/1.1" 404 5127
[2026-04-12 15:18:40,739] INFO django.server: "POST /api/meal-plan/generate/ HTTP/1.1" 200 12847
[2026-04-12 15:18:40,747] WARNING django.request: Not Found: /media/diplom_1.jpg
[2026-04-12 15:18:40,747] WARNING django.server: "GET /media/diplom_1.jpg HTTP/1.1" 404 5127
[2026-04-12 15:18:45,099] INFO django.server: "POST /api/meal-plan/generate/ HTTP/1.1" 200 13690
[2026-04-12 15:18:45,107] WARNING django.request: Not Found: /media/diplom_1.jpg
[2026-04-12 15:18:45,108] WARNING django.server: "GET /media/diplom_1.jpg HTTP/1.1" 404 5127
[2026-04-12 15:18:45,922] INFO django.server: "POST /api/meal-plan/generate/ HTTP/1.1" 200 12832
[2026-04-12 15:18:45,931] WARNING django.request: Not Found: /media/diplom_1.jpg
[2026-04-12 15:18:45,932] WARNING django.server: "GET /media/diplom_1.jpg HTTP/1.1" 404 5127
[2026-04-12 15:18:50,090] INFO django.server: "POST /api/meal-plan/generate/ HTTP/1.1" 200 12283
[2026-04-12 15:18:51,420] INFO django.server: "POST /api/meal-plan/generate/ HTTP/1.1" 200 12400
[2026-04-12 15:18:52,707] INFO django.server: "POST /api/meal-plan/generate/ HTTP/1.1" 200 12232
[2026-04-12 15:19:03,009] INFO django.server: "POST /api/meal-plan/generate/ HTTP/1.1" 200 13672
[2026-04-12 15:19:03,016] WARNING django.request: Not Found: /media/diplom_1.jpg
[2026-04-12 15:19:03,017] WARNING django.server: "GET /media/diplom_1.jpg HTTP/1.1" 404 5127
[2026-04-12 15:19:03,973] INFO django.server: "POST /api/meal-plan/generate/ HTTP/1.1" 200 12340
[2026-04-12 15:19:07,015] INFO django.server: "POST /api/meal-plan/generate/ HTTP/1.1" 200 13492
[2026-04-12 15:19:07,023] WARNING django.request: Not Found: /media/diplom_1.jpg
[2026-04-12 15:19:07,024] WARNING django.server: "GET /media/diplom_1.jpg HTTP/1.1" 404 5127
[2026-04-12 15:23:45,993] INFO django.utils.autoreload: C:\Users\Micie456\PycharmProjects\Diplom\diplom\mainapp\views.py changed, reloading.
[2026-04-12 15:23:45,993] INFO django.utils.autoreload: C:\Users\Micie456\PycharmProjects\Diplom\diplom\mainapp\views.py changed, reloading.
[2026-04-12 15:23:46,493] INFO django.utils.autoreload: Watching for file changes with StatReloader
[2026-04-12 15:23:46,494] INFO django.utils.autoreload: Watching for file changes with StatReloader
[2026-04-12 15:24:24,926] INFO django.utils.autoreload: Watching for file changes with StatReloader
[2026-04-12 15:24:49,783] INFO django.utils.autoreload: Watching for file changes with StatReloader
[2026-04-12 15:24:51,410] INFO django.server: "GET / HTTP/1.1" 200 4724
[2026-04-12 15:24:52,689] INFO django.server: "GET /meal-plan/ HTTP/1.1" 200 53003
[2026-04-12 15:24:55,782] INFO django.server: "POST /api/meal-plan/generate/ HTTP/1.1" 200 12561
[2026-04-12 15:24:58,142] INFO django.server: "POST /api/meal-plan/generate/ HTTP/1.1" 200 14842
[2026-04-12 15:24:58,150] WARNING django.request: Not Found: /media/Diplom_2.jpg
[2026-04-12 15:24:58,150] WARNING django.server: "GET /media/Diplom_2.jpg HTTP/1.1" 404 5127
[2026-04-12 15:24:59,096] INFO django.server: "POST /api/meal-plan/generate/ HTTP/1.1" 200 12805
[2026-04-12 15:25:10,126] INFO django.server: "POST /api/meal-plan/generate/ HTTP/1.1" 200 13907
[2026-04-12 15:25:25,122] INFO django.server: "POST /api/meal-plan/generate/ HTTP/1.1" 200 13145
[2026-04-12 15:25:25,131] WARNING django.request: Not Found: /media/diplom_1.jpg
[2026-04-12 15:25:25,131] WARNING django.server: "GET /media/diplom_1.jpg HTTP/1.1" 404 5127
[2026-04-12 15:25:25,888] INFO django.server: "POST /api/meal-plan/generate/ HTTP/1.1" 200 13217
[2026-04-12 15:25:25,895] WARNING django.request: Not Found: /media/diplom_1.jpg
[2026-04-12 15:25:25,895] WARNING django.server: "GET /media/diplom_1.jpg HTTP/1.1" 404 5127
[2026-04-12 15:25:30,391] INFO django.server: "POST /api/meal-plan/generate/ HTTP/1.1" 200 13136
[2026-04-12 15:25:30,399] WARNING django.request: Not Found: /media/diplom_1.jpg
[2026-04-12 15:25:30,399] WARNING django.server: "GET /media/diplom_1.jpg HTTP/1.1" 404 5127
[2026-04-12 15:25:32,135] INFO django.server: "POST /api/meal-plan/generate/ HTTP/1.1" 200 11255
[2026-04-12 15:25:33,537] INFO django.server: "POST /api/meal-plan/generate/ HTTP/1.1" 200 11987
[2026-04-12 15:25:35,082] INFO django.server: "POST /api/meal-plan/generate/ HTTP/1.1" 200 13038
[2026-04-12 15:25:35,747] INFO django.server: "POST /api/meal-plan/generate/ HTTP/1.1" 200 14172
[2026-04-12 15:25:35,755] WARNING django.request: Not Found: /media/Diplom_3.jpg
[2026-04-12 15:25:35,759] WARNING django.request: Not Found: /media/Diplom_2.jpg
[2026-04-12 15:25:35,759] WARNING django.server: "GET /media/Diplom_3.jpg HTTP/1.1" 404 5127
[2026-04-12 15:25:35,759] WARNING django.server: "GET /media/Diplom_2.jpg HTTP/1.1" 404 5127
[2026-04-12 15:25:38,806] INFO django.server: "POST /api/meal-plan/generate/ HTTP/1.1" 200 13472
[2026-04-12 15:25:38,814] WARNING django.request: Not Found: /media/diplom_1.jpg
[2026-04-12 15:25:38,815] WARNING django.server: "GET /media/diplom_1.jpg HTTP/1.1" 404 5127
[2026-04-12 15:25:39,571] INFO django.server: "POST /api/meal-plan/generate/ HTTP/1.1" 200 13145
[2026-04-12 15:25:39,579] WARNING django.request: Not Found: /media/diplom_1.jpg
[2026-04-12 15:25:39,579] WARNING django.server: "GET /media/diplom_1.jpg HTTP/1.1" 404 5127
[2026-04-12 15:25:42,090] INFO django.server: "POST /api/meal-plan/generate/ HTTP/1.1" 200 13217
[2026-04-12 15:25:42,098] WARNING django.request: Not Found: /media/diplom_1.jpg
[2026-04-12 15:25:42,098] WARNING django.server: "GET /media/diplom_1.jpg HTTP/1.1" 404 5127
[2026-04-12 15:25:56,186] INFO django.server: "POST /api/shopping-list/generate/ HTTP/1.1" 200 2937
[2026-04-12 15:26:05,813] INFO django.server: "POST /api/meal-plan/generate/ HTTP/1.1" 200 11255
[2026-04-12 15:26:06,371] INFO django.server: "POST /api/meal-plan/generate/ HTTP/1.1" 200 11921
[2026-04-12 15:26:07,803] INFO django.server: "POST /api/shopping-list/generate/ HTTP/1.1" 200 2840
[2026-04-12 15:26:17,970] INFO django.server: "POST /api/meal-plan/generate/ HTTP/1.1" 200 13031
[2026-04-12 15:26:19,875] INFO django.server: "POST /api/meal-plan/generate/ HTTP/1.1" 200 11333
[2026-04-12 15:26:35,016] INFO django.server: "POST /api/meal-plan/generate/ HTTP/1.1" 200 12054
[2026-04-12 15:26:38,885] INFO django.server: "POST /api/meal-plan/generate/ HTTP/1.1" 200 12047
[2026-04-12 15:26:39,725] INFO django.server: "POST /api/meal-plan/generate/ HTTP/1.1" 200 12479
[2026-04-12 15:26:41,781] INFO django.server: "POST /api/meal-plan/generate/ HTTP/1.1" 200 12932
[2026-04-12 15:26:42,848] INFO django.server: "POST /api/meal-plan/generate/ HTTP/1.1" 200 13031
[2026-04-12 15:26:44,010] INFO django.server: "POST /api/meal-plan/generate/ HTTP/1.1" 200 12938
[2026-04-12 15:27:11,005] INFO django.server: "POST /api/meal-plan/generate/ HTTP/1.1" 200 12499
[2026-04-12 15:27:13,451] INFO django.server: "POST /api/meal-plan/generate/ HTTP/1.1" 200 12845
[2026-04-12 15:27:20,944] INFO django.server: "POST /api/meal-plan/generate/ HTTP/1.1" 200 13217
[2026-04-12 15:27:20,953] WARNING django.request: Not Found: /media/diplom_1.jpg
[2026-04-12 15:27:20,953] WARNING django.server: "GET /media/diplom_1.jpg HTTP/1.1" 404 5127
[2026-04-12 15:27:21,585] INFO django.server: "POST /api/meal-plan/generate/ HTTP/1.1" 200 13217
[2026-04-12 15:27:21,592] WARNING django.request: Not Found: /media/diplom_1.jpg
[2026-04-12 15:27:21,593] WARNING django.server: "GET /media/diplom_1.jpg HTTP/1.1" 404 5127
[2026-04-12 15:27:34,971] INFO django.server: "POST /api/meal-plan/generate/ HTTP/1.1" 200 13984
[2026-04-12 15:27:34,979] WARNING django.request: Not Found: /media/Diplom_3.jpg
[2026-04-12 15:27:34,980] WARNING django.server: "GET /media/Diplom_3.jpg HTTP/1.1" 404 5127
[2026-04-12 15:27:36,231] INFO django.server: "POST /api/meal-plan/generate/ HTTP/1.1" 200 13619
[2026-04-12 15:27:36,240] WARNING django.request: Not Found: /media/Diplom_3.jpg
[2026-04-12 15:27:36,242] WARNING django.request: Not Found: /media/Diplom_2.jpg
[2026-04-12 15:27:36,243] WARNING django.server: "GET /media/Diplom_3.jpg HTTP/1.1" 404 5127
[2026-04-12 15:27:36,243] WARNING django.server: "GET /media/Diplom_2.jpg HTTP/1.1" 404 5127
[2026-04-12 15:27:53,232] INFO django.server: "POST /api/shopping-list/generate/ HTTP/1.1" 200 2000
[2026-04-12 15:28:24,801] INFO django.server: "POST /api/meal-plan/generate/ HTTP/1.1" 200 12605
[2026-04-12 15:28:26,176] INFO django.server: "POST /api/meal-plan/generate/ HTTP/1.1" 200 13031
[2026-04-12 15:28:28,504] INFO django.server: "POST /api/meal-plan/generate/ HTTP/1.1" 200 12959
[2026-04-12 15:28:31,444] INFO django.server: "POST /api/meal-plan/generate/ HTTP/1.1" 200 11335
[2026-04-12 15:28:32,485] INFO django.server: "POST /api/meal-plan/generate/ HTTP/1.1" 200 11979
[2026-04-12 15:28:33,217] INFO django.server: "POST /api/meal-plan/generate/ HTTP/1.1" 200 11804
[2026-04-12 15:28:33,862] INFO django.server: "POST /api/meal-plan/generate/ HTTP/1.1" 200 11777
[2026-04-12 15:28:34,664] INFO django.server: "POST /api/meal-plan/generate/ HTTP/1.1" 200 11267
[2026-04-12 15:28:36,427] INFO django.server: "POST /api/meal-plan/generate/ HTTP/1.1" 200 13202
[2026-04-12 15:28:37,189] INFO django.server: "POST /api/meal-plan/generate/ HTTP/1.1" 200 12545
[2026-04-12 15:28:59,349] INFO django.server: "POST /api/meal-plan/generate/ HTTP/1.1" 200 12731
[2026-04-12 15:32:54,258] INFO django.utils.autoreload: C:\Users\Micie456\PycharmProjects\Diplom\diplom\mainapp\views.py changed, reloading.
[2026-04-12 15:32:54,321] INFO django.utils.autoreload: C:\Users\Micie456\PycharmProjects\Diplom\diplom\mainapp\views.py changed, reloading.
[2026-04-12 15:32:54,377] INFO django.utils.autoreload: C:\Users\Micie456\PycharmProjects\Diplom\diplom\mainapp\views.py changed, reloading.
[2026-04-12 15:32:54,748] INFO django.utils.autoreload: Watching for file changes with StatReloader
[2026-04-12 15:32:54,819] INFO django.utils.autoreload: Watching for file changes with StatReloader
[2026-04-12 15:32:54,880] INFO django.utils.autoreload: Watching for file changes with StatReloader
[2026-04-12 15:33:11,205] INFO django.utils.autoreload: C:\Users\Micie456\PycharmProjects\Diplom\diplom\mainapp\views.py changed, reloading.
[2026-04-12 15:33:11,292] INFO django.utils.autoreload: C:\Users\Micie456\PycharmProjects\Diplom\diplom\mainapp\views.py changed, reloading.
[2026-04-12 15:33:11,307] INFO django.utils.autoreload: C:\Users\Micie456\PycharmProjects\Diplom\diplom\mainapp\views.py changed, reloading.
[2026-04-12 15:33:11,699] INFO django.utils.autoreload: Watching for file changes with StatReloader
[2026-04-12 15:33:11,803] INFO django.utils.autoreload: Watching for file changes with StatReloader
[2026-04-12 15:33:11,810] INFO django.utils.autoreload: Watching for file changes with StatReloader
[2026-04-12 15:34:40,916] INFO django.utils.autoreload: Watching for file changes with StatReloader
[2026-04-12 15:35:22,627] INFO django.utils.autoreload: Watching for file changes with StatReloader
[2026-04-12 15:35:24,604] INFO django.server: "GET / HTTP/1.1" 200 4724
[2026-04-12 15:35:26,489] INFO django.server: "GET /meal-plan/ HTTP/1.1" 200 55430
[2026-04-12 15:35:34,573] INFO django.server: "POST /api/meal-plan/generate/ HTTP/1.1" 200 13428
[2026-04-12 15:35:34,581] WARNING django.request: Not Found: /media/Diplom_2.jpg
[2026-04-12 15:35:34,581] WARNING django.server: "GET /media/Diplom_2.jpg HTTP/1.1" 404 5127
[2026-04-12 15:35:39,361] INFO django.server: "POST /api/meal-plan/generate/ HTTP/1.1" 200 16162
[2026-04-12 15:35:39,369] WARNING django.request: Not Found: /media/Diplom_5.png
[2026-04-12 15:35:39,369] WARNING django.server: "GET /media/Diplom_5.png HTTP/1.1" 404 5127
[2026-04-12 15:35:40,090] INFO django.server: "POST /api/meal-plan/generate/ HTTP/1.1" 200 16274
[2026-04-12 15:35:40,101] WARNING django.request: Not Found: /media/Diplom_2.jpg
[2026-04-12 15:35:40,104] WARNING django.request: Not Found: /media/Diplom_5.png
[2026-04-12 15:35:40,108] WARNING django.request: Not Found: /media/Diplom_3.jpg
[2026-04-12 15:35:40,109] WARNING django.server: "GET /media/Diplom_2.jpg HTTP/1.1" 404 5127
[2026-04-12 15:35:40,109] WARNING django.server: "GET /media/Diplom_5.png HTTP/1.1" 404 5127
[2026-04-12 15:35:40,109] WARNING django.server: "GET /media/Diplom_3.jpg HTTP/1.1" 404 5127
[2026-04-12 15:35:44,262] INFO django.server: "POST /api/meal-plan/generate/ HTTP/1.1" 200 13145
[2026-04-12 15:35:44,270] WARNING django.request: Not Found: /media/diplom_1.jpg
[2026-04-12 15:35:44,271] WARNING django.server: "GET /media/diplom_1.jpg HTTP/1.1" 404 5127
[2026-04-12 15:35:45,915] INFO django.server: "POST /api/meal-plan/generate/ HTTP/1.1" 200 13129
[2026-04-12 15:35:45,923] WARNING django.request: Not Found: /media/diplom_1.jpg
[2026-04-12 15:35:45,924] WARNING django.server: "GET /media/diplom_1.jpg HTTP/1.1" 404 5127
[2026-04-12 15:36:10,762] INFO django.server: "POST /api/meal-plan/generate/ HTTP/1.1" 200 13213
[2026-04-12 15:36:10,771] WARNING django.request: Not Found: /media/diplom_1.jpg
[2026-04-12 15:36:10,771] WARNING django.server: "GET /media/diplom_1.jpg HTTP/1.1" 404 5127
[2026-04-12 15:36:19,350] INFO django.server: "POST /api/meal-plan/generate/ HTTP/1.1" 200 12989
[2026-04-12 15:36:19,358] WARNING django.request: Not Found: /media/diplom_1.jpg
[2026-04-12 15:36:19,359] WARNING django.server: "GET /media/diplom_1.jpg HTTP/1.1" 404 5127
[2026-04-12 15:36:24,091] INFO django.server: "POST /api/shopping-list/generate/ HTTP/1.1" 200 2660
[2026-04-12 15:36:32,704] INFO django.server: "POST /api/meal-plan/generate/ HTTP/1.1" 200 12388
[2026-04-12 15:36:33,652] INFO django.server: "POST /api/meal-plan/generate/ HTTP/1.1" 200 12299
[2026-04-12 15:36:35,476] INFO django.server: "POST /api/meal-plan/generate/ HTTP/1.1" 200 12844
[2026-04-12 15:38:17,414] INFO django.server: "GET / HTTP/1.1" 200 4724
[2026-04-12 15:38:46,259] INFO django.server: "GET /admin/ HTTP/1.1" 200 17191
[2026-04-12 15:38:53,165] INFO django.server: "GET /admin/mainapp/cookinghistory/ HTTP/1.1" 200 13202
[2026-04-12 15:38:53,242] INFO django.server: "GET /admin/jsi18n/ HTTP/1.1" 200 3342
[2026-04-12 15:38:54,305] INFO django.server: "GET /admin/ HTTP/1.1" 200 17191
[2026-04-12 15:39:36,442] INFO django.server: "GET / HTTP/1.1" 200 4724
[2026-04-12 15:46:22,520] INFO django.server: "GET /admin/ HTTP/1.1" 200 17191
[2026-04-12 15:46:23,865] INFO django.server: "GET /admin/mainapp/cookinghistory/ HTTP/1.1" 200 13202
[2026-04-12 15:46:23,963] INFO django.server: "GET /admin/jsi18n/ HTTP/1.1" 200 3342
[2026-04-12 15:46:24,820] INFO django.server: "GET /admin/ HTTP/1.1" 200 17191
[2026-04-12 15:46:25,341] INFO django.server: "GET /admin/mainapp/favorite/ HTTP/1.1" 200 17057
[2026-04-12 15:46:25,421] INFO django.server: "GET /admin/jsi18n/ HTTP/1.1" 200 3342
[2026-04-12 15:46:27,065] INFO django.server: "GET /admin/mainapp/favorite/10/change/ HTTP/1.1" 200 20215
[2026-04-12 15:46:27,144] INFO django.server: "GET /admin/jsi18n/ HTTP/1.1" 200 3342
[2026-04-12 15:46:30,064] INFO django.server: "GET /admin/mainapp/favorite/ HTTP/1.1" 200 17057
[2026-04-12 15:46:31,524] INFO django.server: "GET /admin/mainapp/ingredients/ HTTP/1.1" 200 28388
[2026-04-12 15:46:31,604] INFO django.server: "GET /admin/jsi18n/ HTTP/1.1" 200 3342
[2026-04-12 15:46:33,006] INFO django.server: "GET /admin/mainapp/ingredients/47/change/ HTTP/1.1" 200 15355
[2026-04-12 15:46:33,207] INFO django.server: "GET /admin/jsi18n/ HTTP/1.1" 200 3342
[2026-04-12 15:46:34,301] INFO django.server: "GET /admin/mainapp/ingredients/ HTTP/1.1" 200 28388
[2026-04-12 15:46:36,473] INFO django.server: "GET /admin/mainapp/ingredients/37/change/ HTTP/1.1" 200 15363
[2026-04-12 15:46:36,558] INFO django.server: "GET /admin/jsi18n/ HTTP/1.1" 200 3342
[2026-04-12 15:46:37,738] INFO django.server: "GET /admin/mainapp/ingredients/ HTTP/1.1" 200 28388
[2026-04-12 15:46:38,787] INFO django.server: "GET /admin/mainapp/kitchenname/ HTTP/1.1" 200 16871
[2026-04-12 15:46:38,871] INFO django.server: "GET /admin/jsi18n/ HTTP/1.1" 200 3342
[2026-04-12 15:46:40,995] INFO django.server: "GET /admin/mainapp/recipeingredient/ HTTP/1.1" 200 46924
[2026-04-12 15:46:41,075] INFO django.server: "GET /admin/jsi18n/ HTTP/1.1" 200 3342
[2026-04-12 15:46:44,115] INFO django.server: "GET /admin/mainapp/recipeingredient/ HTTP/1.1" 200 46924
[2026-04-12 15:46:44,193] INFO django.server: "GET /admin/jsi18n/ HTTP/1.1" 200 3342
[2026-04-12 15:46:47,481] INFO django.server: "GET /admin/mainapp/recipeingredient/182/change/ HTTP/1.1" 200 23521
[2026-04-12 15:46:47,619] INFO django.server: "GET /admin/jsi18n/ HTTP/1.1" 200 3342
[2026-04-12 15:46:50,196] INFO django.server: "GET /admin/mainapp/recipeingredient/ HTTP/1.1" 200 46924
[2026-04-12 15:46:51,444] INFO django.server: "GET /admin/mainapp/recipes/ HTTP/1.1" 200 28869
[2026-04-12 15:46:51,529] INFO django.server: "GET /admin/jsi18n/ HTTP/1.1" 200 3342
[2026-04-12 15:46:56,209] INFO django.server: "GET /admin/mainapp/ingredients/ HTTP/1.1" 200 28388
[2026-04-12 15:46:56,293] INFO django.server: "GET /admin/jsi18n/ HTTP/1.1" 200 3342
[2026-04-12 15:46:58,504] INFO django.server: "GET /admin/mainapp/ingredients/39/change/ HTTP/1.1" 200 15361
[2026-04-12 15:46:58,588] INFO django.server: "GET /admin/jsi18n/ HTTP/1.1" 200 3342
[2026-04-12 15:47:00,460] INFO django.server: "GET /admin/mainapp/ingredients/ HTTP/1.1" 200 28388
[2026-04-12 15:47:03,192] INFO django.server: "GET /admin/mainapp/kitchenname/ HTTP/1.1" 200 16871
[2026-04-12 15:47:03,281] INFO django.server: "GET /admin/jsi18n/ HTTP/1.1" 200 3342
[2026-04-12 15:47:04,542] INFO django.server: "GET /admin/mainapp/recipeingredient/ HTTP/1.1" 200 46924
[2026-04-12 15:47:04,625] INFO django.server: "GET /admin/jsi18n/ HTTP/1.1" 200 3342
[2026-04-12 15:47:08,065] INFO django.server: "GET /admin/mainapp/recipes/ HTTP/1.1" 200 28869
[2026-04-12 15:47:08,148] INFO django.server: "GET /admin/jsi18n/ HTTP/1.1" 200 3342
[2026-04-12 15:47:12,699] INFO django.server: "GET /admin/mainapp/shoppinglist/ HTTP/1.1" 200 19471
[2026-04-12 15:47:12,779] INFO django.server: "GET /admin/jsi18n/ HTTP/1.1" 200 3342
[2026-04-12 15:47:15,816] INFO django.server: "GET /admin/mainapp/shoppinglist/310/change/ HTTP/1.1" 200 20731
[2026-04-12 15:47:15,895] INFO django.server: "GET /admin/jsi18n/ HTTP/1.1" 200 3342
[2026-04-12 15:47:17,093] INFO django.server: "GET /admin/mainapp/shoppinglist/ HTTP/1.1" 200 19471
[2026-04-12 15:47:19,169] INFO django.server: "GET /admin/mainapp/shoppinglist/294/change/ HTTP/1.1" 200 20731
[2026-04-12 15:47:19,251] INFO django.server: "GET /admin/jsi18n/ HTTP/1.1" 200 3342
[2026-04-12 15:47:20,532] INFO django.server: "GET /admin/mainapp/shoppinglist/ HTTP/1.1" 200 19471
[2026-04-12 15:47:21,910] INFO django.server: "GET /admin/mainapp/usersettings/ HTTP/1.1" 200 15060
[2026-04-12 15:47:21,989] INFO django.server: "GET /admin/jsi18n/ HTTP/1.1" 200 3342
[2026-04-12 15:47:23,119] INFO django.server: "GET /admin/mainapp/mealplan/ HTTP/1.1" 200 14966
[2026-04-12 15:47:23,200] INFO django.server: "GET /admin/jsi18n/ HTTP/1.1" 200 3342
[2026-04-12 15:47:24,248] INFO django.server: "GET /admin/mainapp/userpreference/ HTTP/1.1" 200 13409
[2026-04-12 15:47:24,328] INFO django.server: "GET /admin/jsi18n/ HTTP/1.1" 200 3342
[2026-04-12 15:47:25,874] INFO django.server: "GET /admin/mainapp/mealplanitem/ HTTP/1.1" 200 30965
[2026-04-12 15:47:25,957] INFO django.server: "GET /admin/jsi18n/ HTTP/1.1" 200 3342
[2026-04-12 15:47:27,941] INFO django.server: "GET /admin/mainapp/mealplanitem/37/change/ HTTP/1.1" 200 23171
[2026-04-12 15:47:28,023] INFO django.server: "GET /admin/jsi18n/ HTTP/1.1" 200 3342
[2026-04-12 15:47:29,584] INFO django.server: "GET /admin/mainapp/mealplanitem/ HTTP/1.1" 200 30965
[2026-04-12 15:47:30,988] INFO django.server: "GET /admin/mainapp/userpreference/ HTTP/1.1" 200 13409
[2026-04-12 15:47:32,248] INFO django.server: "GET /admin/mainapp/ingredients/ HTTP/1.1" 200 28388
[2026-04-12 15:47:32,335] INFO django.server: "GET /admin/jsi18n/ HTTP/1.1" 200 3342
[2026-04-12 15:47:34,321] INFO django.server: "GET /admin/mainapp/ingredients/15/change/ HTTP/1.1" 200 15376
[2026-04-12 15:47:34,515] INFO django.server: "GET /admin/jsi18n/ HTTP/1.1" 200 3342
[2026-04-12 15:47:35,832] INFO django.server: "GET /admin/mainapp/ingredients/ HTTP/1.1" 200 28388
[2026-04-12 15:47:36,847] INFO django.server: "GET /admin/mainapp/ingredients/27/change/ HTTP/1.1" 200 15359
[2026-04-12 15:47:36,933] INFO django.server: "GET /admin/jsi18n/ HTTP/1.1" 200 3342
[2026-04-12 15:47:41,177] INFO django.server: "GET /admin/mainapp/recipeingredient/ HTTP/1.1" 200 46924
[2026-04-12 15:47:41,258] INFO django.server: "GET /admin/jsi18n/ HTTP/1.1" 200 3342
[2026-04-12 15:47:42,562] INFO django.server: "GET /admin/mainapp/recipeingredient/180/change/ HTTP/1.1" 200 23521
[2026-04-12 15:47:42,648] INFO django.server: "GET /admin/jsi18n/ HTTP/1.1" 200 3342
[2026-04-12 15:48:01,788] INFO django.server: "GET /admin/mainapp/recipes/ HTTP/1.1" 200 28869
[2026-04-12 15:48:01,973] INFO django.server: "GET /admin/jsi18n/ HTTP/1.1" 200 3342
[2026-04-12 15:48:03,379] INFO django.server: "GET /admin/mainapp/recipes/14/change/ HTTP/1.1" 200 20639
[2026-04-12 15:48:03,457] INFO django.server: "GET /admin/jsi18n/ HTTP/1.1" 200 3342
[2026-04-12 15:48:29,861] INFO django.server: "GET /admin/mainapp/recipes/ HTTP/1.1" 200 28869
[2026-04-12 15:48:29,941] INFO django.server: "GET /admin/jsi18n/ HTTP/1.1" 200 3342
[2026-04-12 15:48:41,682] INFO django.server: "GET / HTTP/1.1" 200 4724
[2026-04-12 15:48:42,725] INFO django.server: "GET /meal-plan/ HTTP/1.1" 200 55430
[2026-04-12 15:48:59,235] INFO django.server: "POST /api/meal-plan/generate/ HTTP/1.1" 200 14599
[2026-04-12 15:48:59,246] WARNING django.request: Not Found: /media/Diplom_2.jpg
[2026-04-12 15:48:59,249] WARNING django.request: Not Found: /media/Diplom_3.jpg
[2026-04-12 15:48:59,250] WARNING django.server: "GET /media/Diplom_2.jpg HTTP/1.1" 404 5127
[2026-04-12 15:48:59,250] WARNING django.server: "GET /media/Diplom_3.jpg HTTP/1.1" 404 5127
[2026-04-12 15:49:04,038] INFO django.server: "POST /api/meal-plan/generate/ HTTP/1.1" 200 12681
[2026-04-12 15:49:04,048] WARNING django.request: Not Found: /media/diplom_1.jpg
[2026-04-12 15:49:04,048] WARNING django.server: "GET /media/diplom_1.jpg HTTP/1.1" 404 5127
[2026-04-12 15:49:06,409] INFO django.server: "POST /api/meal-plan/generate/ HTTP/1.1" 200 12998
[2026-04-12 15:49:06,417] WARNING django.request: Not Found: /media/diplom_1.jpg
[2026-04-12 15:49:06,417] WARNING django.server: "GET /media/diplom_1.jpg HTTP/1.1" 404 5127
[2026-04-12 15:49:07,950] INFO django.server: "POST /api/meal-plan/generate/ HTTP/1.1" 200 12838
[2026-04-12 15:49:07,958] WARNING django.request: Not Found: /media/diplom_1.jpg
[2026-04-12 15:49:07,958] WARNING django.server: "GET /media/diplom_1.jpg HTTP/1.1" 404 5127
[2026-04-12 15:49:13,457] INFO django.server: "POST /api/meal-plan/generate/ HTTP/1.1" 200 15830
[2026-04-12 15:49:13,468] WARNING django.request: Not Found: /media/Diplom_5.png
[2026-04-12 15:49:13,470] WARNING django.request: Not Found: /media/Diplom_2.jpg
[2026-04-12 15:49:13,474] WARNING django.request: Not Found: /media/Diplom_3.jpg
[2026-04-12 15:49:13,475] WARNING django.server: "GET /media/Diplom_5.png HTTP/1.1" 404 5127
[2026-04-12 15:49:13,475] WARNING django.server: "GET /media/Diplom_2.jpg HTTP/1.1" 404 5127
[2026-04-12 15:49:13,475] WARNING django.server: "GET /media/Diplom_3.jpg HTTP/1.1" 404 5127
[2026-04-12 15:49:16,010] INFO django.server: "POST /api/meal-plan/generate/ HTTP/1.1" 200 15437
[2026-04-12 15:49:16,019] WARNING django.request: Not Found: /media/Diplom_2.jpg
[2026-04-12 15:49:16,023] WARNING django.request: Not Found: /media/Diplom_5.png
[2026-04-12 15:49:16,023] WARNING django.server: "GET /media/Diplom_2.jpg HTTP/1.1" 404 5127
[2026-04-12 15:49:16,023] WARNING django.server: "GET /media/Diplom_5.png HTTP/1.1" 404 5127
[2026-04-12 15:49:40,677] INFO django.server: "POST /api/meal-plan/generate/ HTTP/1.1" 200 12777
[2026-04-12 15:49:40,686] WARNING django.request: Not Found: /media/Diplom_2.jpg
[2026-04-12 15:49:40,686] WARNING django.server: "GET /media/Diplom_2.jpg HTTP/1.1" 404 5127
[2026-04-12 15:49:41,612] INFO django.server: "POST /api/meal-plan/generate/ HTTP/1.1" 200 11753
[2026-04-12 15:49:55,981] INFO django.server: "GET /admin/ HTTP/1.1" 200 17191
[2026-04-12 15:49:57,225] INFO django.server: "GET /admin/mainapp/recipes/ HTTP/1.1" 200 28869
[2026-04-12 15:49:57,314] INFO django.server: "GET /admin/jsi18n/ HTTP/1.1" 200 3342
[2026-04-12 15:50:16,335] INFO django.server: "GET /admin/mainapp/recipes/14/change/ HTTP/1.1" 200 20639
[2026-04-12 15:50:16,420] INFO django.server: "GET /admin/jsi18n/ HTTP/1.1" 200 3342
[2026-04-12 15:50:19,382] INFO django.server: "GET /admin/mainapp/recipes/ HTTP/1.1" 200 28869
[2026-04-12 15:50:26,332] INFO django.server: "GET / HTTP/1.1" 200 4724
[2026-04-12 15:50:27,345] INFO django.server: "GET /meal-plan/ HTTP/1.1" 200 55430
[2026-04-12 15:50:36,594] INFO django.server: "POST /api/meal-plan/generate/ HTTP/1.1" 200 14791
[2026-04-12 15:50:36,604] WARNING django.request: Not Found: /media/Diplom_3.jpg
[2026-04-12 15:50:36,607] WARNING django.request: Not Found: /media/Diplom_2.jpg
[2026-04-12 15:50:36,608] WARNING django.server: "GET /media/Diplom_3.jpg HTTP/1.1" 404 5127
[2026-04-12 15:50:36,608] WARNING django.server: "GET /media/Diplom_2.jpg HTTP/1.1" 404 5127
[2026-04-12 15:50:40,129] INFO django.server: "POST /api/meal-plan/generate/ HTTP/1.1" 200 14339
[2026-04-12 15:50:40,135] WARNING django.request: Not Found: /media/Diplom4.jpg
[2026-04-12 15:50:40,136] WARNING django.server: "GET /media/Diplom4.jpg HTTP/1.1" 404 5123
[2026-04-12 15:50:41,840] INFO django.server: "POST /api/meal-plan/generate/ HTTP/1.1" 200 13866
[2026-04-12 15:50:42,610] INFO django.server: "POST /api/meal-plan/generate/ HTTP/1.1" 200 14833
[2026-04-12 15:50:42,619] WARNING django.request: Not Found: /media/Diplom4.jpg
[2026-04-12 15:50:42,619] WARNING django.server: "GET /media/Diplom4.jpg HTTP/1.1" 404 5123
[2026-04-12 15:50:43,365] INFO django.server: "POST /api/meal-plan/generate/ HTTP/1.1" 200 14795
[2026-04-12 15:50:43,372] WARNING django.request: Not Found: /media/Diplom_2.jpg
[2026-04-12 15:50:43,372] WARNING django.server: "GET /media/Diplom_2.jpg HTTP/1.1" 404 5127
[2026-04-12 15:50:43,991] INFO django.server: "POST /api/meal-plan/generate/ HTTP/1.1" 200 12646
[2026-04-12 15:50:44,984] INFO django.server: "POST /api/meal-plan/generate/ HTTP/1.1" 200 13435
[2026-04-12 15:52:20,148] INFO django.server: "POST /api/meal-plan/generate/ HTTP/1.1" 200 13283
[2026-04-12 15:52:20,999] INFO django.server: "POST /api/meal-plan/generate/ HTTP/1.1" 200 12183
[2026-04-12 15:52:21,008] WARNING django.request: Not Found: /media/Diplom_2.jpg
[2026-04-12 15:52:21,009] WARNING django.server: "GET /media/Diplom_2.jpg HTTP/1.1" 404 5127
[2026-04-12 15:52:28,727] INFO django.server: "POST /api/meal-plan/generate/ HTTP/1.1" 200 12827
[2026-04-12 15:52:28,736] WARNING django.request: Not Found: /media/diplom_1.jpg
[2026-04-12 15:52:28,736] WARNING django.server: "GET /media/diplom_1.jpg HTTP/1.1" 404 5127
[2026-04-12 15:52:29,383] INFO django.server: "POST /api/meal-plan/generate/ HTTP/1.1" 200 13033
[2026-04-12 15:52:29,391] WARNING django.request: Not Found: /media/diplom_1.jpg
[2026-04-12 15:52:29,392] WARNING django.server: "GET /media/diplom_1.jpg HTTP/1.1" 404 5127
[2026-04-12 15:52:38,386] INFO django.server: "POST /api/meal-plan/generate/ HTTP/1.1" 200 13307
[2026-04-12 15:52:38,395] WARNING django.request: Not Found: /media/Diplom_2.jpg
[2026-04-12 15:52:38,398] WARNING django.request: Not Found: /media/diplom_1.jpg
[2026-04-12 15:52:38,399] WARNING django.server: "GET /media/Diplom_2.jpg HTTP/1.1" 404 5127
[2026-04-12 15:52:38,399] WARNING django.server: "GET /media/diplom_1.jpg HTTP/1.1" 404 5127
[2026-04-12 15:52:47,419] INFO django.server: "POST /api/meal-plan/generate/ HTTP/1.1" 200 12900
[2026-04-12 15:52:47,427] WARNING django.request: Not Found: /media/diplom_1.jpg
[2026-04-12 15:52:47,428] WARNING django.server: "GET /media/diplom_1.jpg HTTP/1.1" 404 5127
[2026-04-12 15:52:49,498] INFO django.server: "POST /api/meal-plan/generate/ HTTP/1.1" 200 12705
[2026-04-12 15:52:50,240] INFO django.server: "POST /api/meal-plan/generate/ HTTP/1.1" 200 12160
[2026-04-12 15:52:50,248] WARNING django.request: Not Found: /media/diplom_1.jpg
[2026-04-12 15:52:50,248] WARNING django.server: "GET /media/diplom_1.jpg HTTP/1.1" 404 5127
[2026-04-12 15:53:00,749] INFO django.server: "POST /api/shopping-list/generate/ HTTP/1.1" 200 3064
[2026-04-12 15:53:02,726] INFO django.server: "GET / HTTP/1.1" 200 4724
[2026-04-12 15:54:55,102] INFO django.utils.autoreload: C:\Users\Micie456\PycharmProjects\Diplom\diplom\mainapp\models.py changed, reloading.
[2026-04-12 15:54:55,115] INFO django.utils.autoreload: C:\Users\Micie456\PycharmProjects\Diplom\diplom\mainapp\models.py changed, reloading.
[2026-04-12 15:54:55,549] INFO django.utils.autoreload: C:\Users\Micie456\PycharmProjects\Diplom\diplom\mainapp\models.py changed, reloading.
[2026-04-12 15:54:55,570] INFO django.utils.autoreload: C:\Users\Micie456\PycharmProjects\Diplom\diplom\mainapp\models.py changed, reloading.
[2026-04-12 15:54:55,645] INFO django.utils.autoreload: Watching for file changes with StatReloader
[2026-04-12 15:54:55,645] INFO django.utils.autoreload: Watching for file changes with StatReloader
[2026-04-12 15:54:56,097] INFO django.utils.autoreload: Watching for file changes with StatReloader
[2026-04-12 15:54:56,098] INFO django.utils.autoreload: Watching for file changes with StatReloader
[2026-04-12 15:56:25,330] INFO django.utils.autoreload: C:\Users\Micie456\PycharmProjects\Diplom\diplom\mainapp\models.py changed, reloading.
[2026-04-12 15:56:25,361] INFO django.utils.autoreload: C:\Users\Micie456\PycharmProjects\Diplom\diplom\mainapp\models.py changed, reloading.
[2026-04-12 15:56:25,587] INFO django.utils.autoreload: C:\Users\Micie456\PycharmProjects\Diplom\diplom\mainapp\models.py changed, reloading.
[2026-04-12 15:56:25,614] INFO django.utils.autoreload: C:\Users\Micie456\PycharmProjects\Diplom\diplom\mainapp\models.py changed, reloading.
[2026-04-12 15:56:25,849] INFO django.utils.autoreload: Watching for file changes with StatReloader
[2026-04-12 15:56:25,870] INFO django.utils.autoreload: Watching for file changes with StatReloader
[2026-04-12 15:56:26,105] INFO django.utils.autoreload: Watching for file changes with StatReloader
[2026-04-12 15:56:26,145] INFO django.utils.autoreload: Watching for file changes with StatReloader
[2026-04-12 16:04:12,029] INFO django.utils.autoreload: Watching for file changes with StatReloader
[2026-04-12 16:04:15,978] INFO django.server: "GET / HTTP/1.1" 200 4724
[2026-04-12 16:04:20,143] INFO django.server: "GET /admin/ HTTP/1.1" 200 17191
[2026-04-12 16:04:24,406] INFO django.server: "GET /admin/mainapp/recipes/ HTTP/1.1" 200 28869
[2026-04-12 16:04:24,599] INFO django.server: "GET /admin/jsi18n/ HTTP/1.1" 200 3342
[2026-04-12 16:04:29,165] INFO django.server: "GET /admin/mainapp/recipes/2/change/ HTTP/1.1" 200 20666
[2026-04-12 16:04:29,247] INFO django.server: "GET /admin/jsi18n/ HTTP/1.1" 200 3342
[2026-04-12 16:04:31,384] INFO django.server: "GET /admin/mainapp/recipes/ HTTP/1.1" 200 28869
[2026-04-12 16:04:33,097] INFO django.server: "GET /admin/mainapp/recipes/add/ HTTP/1.1" 200 19829
[2026-04-12 16:04:33,178] INFO django.server: "GET /admin/jsi18n/ HTTP/1.1" 200 3342
[2026-04-12 16:08:50,934] INFO django.utils.autoreload: Watching for file changes with StatReloader
[2026-04-12 16:08:54,718] INFO django.server: "POST /admin/mainapp/recipes/add/ HTTP/1.1" 200 20534
[2026-04-12 16:08:54,817] INFO django.server: "GET /admin/jsi18n/ HTTP/1.1" 200 3342
[2026-04-12 16:10:12,673] INFO django.server: "GET /admin/mainapp/kitchenname/ HTTP/1.1" 200 16871
[2026-04-12 16:10:12,767] INFO django.server: "GET /admin/jsi18n/ HTTP/1.1" 200 3342
[2026-04-12 16:10:13,669] INFO django.server: "GET /admin/mainapp/kitchenname/9/change/ HTTP/1.1" 200 14017
[2026-04-12 16:10:13,750] INFO django.server: "GET /admin/jsi18n/ HTTP/1.1" 200 3342
[2026-04-12 16:10:14,933] INFO django.server: "GET /admin/mainapp/kitchenname/ HTTP/1.1" 200 16871
[2026-04-12 16:10:15,862] INFO django.server: "GET /admin/mainapp/kitchenname/1/change/ HTTP/1.1" 200 14044
[2026-04-12 16:10:15,945] INFO django.server: "GET /admin/jsi18n/ HTTP/1.1" 200 3342
[2026-04-12 16:10:17,101] INFO django.server: "GET /admin/mainapp/kitchenname/ HTTP/1.1" 200 16871
[2026-04-12 16:10:20,200] INFO django.server: "GET /admin/mainapp/recipes/ HTTP/1.1" 200 28869
[2026-04-12 16:10:20,281] INFO django.server: "GET /admin/jsi18n/ HTTP/1.1" 200 3342
[2026-04-12 16:10:24,931] INFO django.server: "GET /admin/mainapp/recipes/add/ HTTP/1.1" 200 19829
[2026-04-12 16:10:25,009] INFO django.server: "GET /admin/jsi18n/ HTTP/1.1" 200 3342
[2026-04-12 16:10:43,178] INFO django.server: "POST /admin/mainapp/recipes/add/ HTTP/1.1" 302 0
[2026-04-12 16:10:43,230] INFO django.server: "GET /admin/mainapp/recipes/add/ HTTP/1.1" 200 20128
[2026-04-12 16:10:43,307] INFO django.server: "GET /admin/jsi18n/ HTTP/1.1" 200 3342
[2026-04-12 16:10:43,415] INFO django.server: "GET /static/admin/img/icon-yes-dark.svg HTTP/1.1" 200 558
[2026-04-12 16:10:44,830] INFO django.server: "GET /admin/mainapp/recipes/ HTTP/1.1" 200 29258
[2026-04-12 16:10:44,906] INFO django.server: "GET /admin/jsi18n/ HTTP/1.1" 200 3342
[2026-04-12 16:10:46,038] INFO django.server: "GET /admin/mainapp/recipes/43/change/ HTTP/1.1" 200 21006
[2026-04-12 16:10:46,115] INFO django.server: "GET /admin/jsi18n/ HTTP/1.1" 200 3342
[2026-04-12 16:10:48,430] INFO django.server: "GET /admin/mainapp/recipes/ HTTP/1.1" 200 29258
[2026-04-12 16:11:42,688] INFO django.server: "GET / HTTP/1.1" 200 4724
[2026-04-12 16:12:02,143] INFO django.server: "GET /admin/ HTTP/1.1" 200 17242
[2026-04-12 16:12:15,469] INFO django.server: "GET /admin/mainapp/recipes/ HTTP/1.1" 200 29258
[2026-04-12 16:12:15,665] INFO django.server: "GET /admin/jsi18n/ HTTP/1.1" 200 3342
[2026-04-12 16:12:24,274] INFO django.server: "GET /admin/mainapp/recipes/43/change/ HTTP/1.1" 200 21006
[2026-04-12 16:12:24,358] INFO django.server: "GET /admin/jsi18n/ HTTP/1.1" 200 3342
[2026-04-12 16:13:58,934] INFO django.utils.autoreload: C:\Users\Micie456\PycharmProjects\Diplom\diplom\mainapp\views.py changed, reloading.
[2026-04-12 16:13:58,994] INFO django.utils.autoreload: C:\Users\Micie456\PycharmProjects\Diplom\diplom\mainapp\views.py changed, reloading.
[2026-04-12 16:13:59,436] INFO django.utils.autoreload: Watching for file changes with StatReloader
[2026-04-12 16:13:59,508] INFO django.utils.autoreload: Watching for file changes with StatReloader
[2026-04-12 16:13:59,723] INFO django.utils.autoreload: C:\Users\Micie456\PycharmProjects\Diplom\diplom\mainapp\views.py changed, reloading.
[2026-04-12 16:13:59,725] INFO django.utils.autoreload: C:\Users\Micie456\PycharmProjects\Diplom\diplom\mainapp\views.py changed, reloading.
[2026-04-12 16:14:00,255] INFO django.utils.autoreload: Watching for file changes with StatReloader
[2026-04-12 16:14:00,260] INFO django.utils.autoreload: Watching for file changes with StatReloader
[2026-04-12 16:15:13,639] INFO django.server: "GET / HTTP/1.1" 200 5470
[2026-04-12 16:15:13,803] WARNING django.server: "GET /static/images/recipes/Diplom_6.png HTTP/1.1" 404 2008
[2026-04-12 16:16:14,991] INFO django.server: "GET / HTTP/1.1" 200 5470
[2026-04-12 16:16:15,034] WARNING django.server: "GET /static/images/recipes/Diplom_6.png HTTP/1.1" 404 2008
[2026-04-12 16:16:17,659] INFO django.server: "GET / HTTP/1.1" 200 5470
[2026-04-12 16:16:17,841] INFO django.server: "GET /static/css/style.css HTTP/1.1" 200 5830
[2026-04-12 16:16:17,842] INFO django.server: "GET /static/images/diplom_1.jpg HTTP/1.1" 200 21609
[2026-04-12 16:16:17,846] INFO django.server: "GET /static/images/Diplom_3.jpg HTTP/1.1" 200 16226
[2026-04-12 16:16:17,848] INFO django.server: "GET /static/images/Diplom4.jpg HTTP/1.1" 200 9632
[2026-04-12 16:16:17,851] INFO django.server: "GET /static/images/Diplom_5.png HTTP/1.1" 200 175374
[2026-04-12 16:16:17,852] INFO django.server: "GET /static/images/Diplom_2.jpg HTTP/1.1" 200 13406
[2026-04-12 16:16:17,859] WARNING django.server: "GET /static/images/recipes/Diplom_6.png HTTP/1.1" 404 2008
[2026-04-12 16:16:17,880] INFO django.server: "GET /static/images/background.jpg HTTP/1.1" 200 162739
[2026-04-12 16:16:17,965] WARNING django.request: Not Found: /favicon.ico
[2026-04-12 16:16:17,965] WARNING django.server: "GET /favicon.ico HTTP/1.1" 404 4878
[2026-04-12 16:16:48,589] INFO django.server: "GET / HTTP/1.1" 200 5470
[2026-04-12 16:16:48,627] WARNING django.server: "GET /static/images/recipes/Diplom_6.png HTTP/1.1" 404 2008
[2026-04-12 16:16:53,585] INFO django.server: "GET / HTTP/1.1" 200 5470
[2026-04-12 16:16:53,652] WARNING django.server: "GET /static/images/recipes/Diplom_6.png HTTP/1.1" 404 2008
[2026-04-12 16:25:02,489] INFO django.server: "GET / HTTP/1.1" 200 5882
[2026-04-12 16:25:02,528] WARNING django.request: Not Found: /media/Diplom_6.png
[2026-04-12 16:25:02,531] WARNING django.request: Not Found: /media/Diplom_3.jpg
[2026-04-12 16:25:02,535] WARNING django.request: Not Found: /media/Diplom4.jpg
[2026-04-12 16:25:02,536] WARNING django.server: "GET /media/Diplom_6.png HTTP/1.1" 404 5127
[2026-04-12 16:25:02,539] WARNING django.request: Not Found: /media/diplom_1.jpg
[2026-04-12 16:25:02,540] WARNING django.server: "GET /media/Diplom_3.jpg HTTP/1.1" 404 5127
[2026-04-12 16:25:02,544] WARNING django.request: Not Found: /media/Diplom_2.jpg
[2026-04-12 16:25:02,548] WARNING django.request: Not Found: /media/Diplom_5.png
[2026-04-12 16:25:02,548] WARNING django.server: "GET /media/diplom_1.jpg HTTP/1.1" 404 5127
[2026-04-12 16:25:02,548] WARNING django.server: "GET /media/Diplom4.jpg HTTP/1.1" 404 5123
[2026-04-12 16:25:02,548] WARNING django.server: "GET /media/Diplom_2.jpg HTTP/1.1" 404 5127
[2026-04-12 16:25:02,549] WARNING django.server: "GET /media/Diplom_5.png HTTP/1.1" 404 5127
[2026-04-12 16:25:07,338] INFO django.server: "GET / HTTP/1.1" 200 5882
[2026-04-12 16:25:07,372] WARNING django.request: Not Found: /media/Diplom_2.jpg
[2026-04-12 16:25:07,377] WARNING django.request: Not Found: /media/Diplom_3.jpg
[2026-04-12 16:25:07,379] WARNING django.request: Not Found: /media/Diplom_6.png
[2026-04-12 16:25:07,382] WARNING django.request: Not Found: /media/diplom_1.jpg
[2026-04-12 16:25:07,385] WARNING django.request: Not Found: /media/Diplom_5.png
[2026-04-12 16:25:07,387] WARNING django.request: Not Found: /media/Diplom4.jpg
[2026-04-12 16:25:07,387] WARNING django.server: "GET /media/Diplom_2.jpg HTTP/1.1" 404 5127
[2026-04-12 16:25:07,388] WARNING django.server: "GET /media/Diplom_3.jpg HTTP/1.1" 404 5127
[2026-04-12 16:25:07,388] WARNING django.server: "GET /media/Diplom_6.png HTTP/1.1" 404 5127
[2026-04-12 16:25:07,388] WARNING django.server: "GET /media/diplom_1.jpg HTTP/1.1" 404 5127
[2026-04-12 16:25:07,388] WARNING django.server: "GET /media/Diplom_5.png HTTP/1.1" 404 5127
[2026-04-12 16:25:07,389] WARNING django.server: "GET /media/Diplom4.jpg HTTP/1.1" 404 5123
[2026-04-12 16:26:36,659] INFO django.utils.autoreload: Watching for file changes with StatReloader
[2026-04-12 16:26:37,997] INFO django.server: "GET / HTTP/1.1" 200 5720
[2026-04-12 16:26:38,304] INFO django.server: "GET /static/images/Diplom_6.png HTTP/1.1" 200 245054
[2026-04-12 16:28:44,635] INFO django.server: "GET / HTTP/1.1" 200 5720
[2026-04-12 16:28:52,705] INFO django.server: "GET /compose/ HTTP/1.1" 200 16201
[2026-04-12 16:28:54,424] INFO django.server: "GET /static/images/rice.png HTTP/1.1" 304 0
[2026-04-12 16:29:42,058] INFO django.server: "GET / HTTP/1.1" 200 5720
[2026-04-12 16:29:42,103] INFO django.server: "GET /static/images/Diplom_6.png HTTP/1.1" 304 0
[2026-04-12 16:35:52,370] INFO django.utils.autoreload: C:\Users\Micie456\PycharmProjects\Diplom\diplom\mainapp\views.py changed, reloading.
[2026-04-12 16:35:52,391] INFO django.utils.autoreload: C:\Users\Micie456\PycharmProjects\Diplom\diplom\mainapp\views.py changed, reloading.
[2026-04-12 16:35:52,438] INFO django.utils.autoreload: C:\Users\Micie456\PycharmProjects\Diplom\diplom\mainapp\views.py changed, reloading.
[2026-04-12 16:35:52,556] INFO django.utils.autoreload: C:\Users\Micie456\PycharmProjects\Diplom\diplom\mainapp\views.py changed, reloading.
[2026-04-12 16:35:53,064] INFO django.utils.autoreload: Watching for file changes with StatReloader
[2026-04-12 16:37:15,326] INFO django.utils.autoreload: C:\Users\Micie456\PycharmProjects\Diplom\diplom\diplom\urls.py changed, reloading.
[2026-04-12 16:37:15,796] INFO django.utils.autoreload: Watching for file changes with StatReloader
[2026-04-12 16:42:00,835] INFO django.utils.autoreload: Watching for file changes with StatReloader
[2026-04-12 16:43:41,292] INFO django.utils.autoreload: Watching for file changes with StatReloader
[2026-04-12 16:43:45,376] INFO django.server: "GET / HTTP/1.1" 200 5775
[2026-04-12 16:43:45,431] INFO django.server: "GET /static/images/Diplom_6.png HTTP/1.1" 304 0
[2026-04-12 16:43:47,509] ERROR django.request: Internal Server Error: /recipe/3/
Traceback (most recent call last):
  File "C:\Users\Micie456\PycharmProjects\Diplom\.venv\Lib\site-packages\django\template\base.py", line 964, in _resolve_lookup
    raise TypeError
TypeError

During handling of the above exception, another exception occurred:

Traceback (most recent call last):
  File "C:\Users\Micie456\PycharmProjects\Diplom\.venv\Lib\site-packages\django\template\base.py", line 976, in _resolve_lookup
    current = getattr(current, bit)
              ^^^^^^^^^^^^^^^^^^^^^
AttributeError: 'NoneType' object has no attribute 'title_ru'

During handling of the above exception, another exception occurred:

Traceback (most recent call last):
  File "C:\Users\Micie456\PycharmProjects\Diplom\.venv\Lib\site-packages\django\template\base.py", line 982, in _resolve_lookup
    current = current[int(bit)]
                      ^^^^^^^^
ValueError: invalid literal for int() with base 10: 'title_ru'

During handling of the above exception, another exception occurred:

Traceback (most recent call last):
  File "C:\Users\Micie456\PycharmProjects\Diplom\.venv\Lib\site-packages\django\core\handlers\exception.py", line 55, in inner
    response = get_response(request)
               ^^^^^^^^^^^^^^^^^^^^^
  File "C:\Users\Micie456\PycharmProjects\Diplom\.venv\Lib\site-packages\django\core\handlers\base.py", line 198, in _get_response
    response = wrapped_callback(request, *callback_args, **callback_kwargs)
               ^^^^^^^^^^^^^^^^^^^^^^^^^^^^^^^^^^^^^^^^^^^^^^^^^^^^^^^^^^^^
  File "C:\Users\Micie456\PycharmProjects\Diplom\diplom\mainapp\views.py", line 137, in recipe_detail
    return render(request, 'recipe_detail.html', context)
           ^^^^^^^^^^^^^^^^^^^^^^^^^^^^^^^^^^^^^^^^^^^^^^
  File "C:\Users\Micie456\PycharmProjects\Diplom\.venv\Lib\site-packages\django\shortcuts.py", line 25, in render
    content = loader.render_to_string(template_name, context, request, using=using)
              ^^^^^^^^^^^^^^^^^^^^^^^^^^^^^^^^^^^^^^^^^^^^^^^^^^^^^^^^^^^^^^^^^^^^^
  File "C:\Users\Micie456\PycharmProjects\Diplom\.venv\Lib\site-packages\django\template\loader.py", line 62, in render_to_string
    return template.render(context, request)
           ^^^^^^^^^^^^^^^^^^^^^^^^^^^^^^^^^
  File "C:\Users\Micie456\PycharmProjects\Diplom\.venv\Lib\site-packages\django\template\backends\django.py", line 107, in render
    return self.template.render(context)
           ^^^^^^^^^^^^^^^^^^^^^^^^^^^^^
  File "C:\Users\Micie456\PycharmProjects\Diplom\.venv\Lib\site-packages\django\template\base.py", line 174, in render
    return self._render(context)
           ^^^^^^^^^^^^^^^^^^^^^
  File "C:\Users\Micie456\PycharmProjects\Diplom\.venv\Lib\site-packages\django\template\base.py", line 166, in _render
    return self.nodelist.render(context)
           ^^^^^^^^^^^^^^^^^^^^^^^^^^^^^
  File "C:\Users\Micie456\PycharmProjects\Diplom\.venv\Lib\site-packages\django\template\base.py", line 1091, in render
    return SafeString("".join([node.render_annotated(context) for node in self]))
                               ^^^^^^^^^^^^^^^^^^^^^^^^^^^^^^
  File "C:\Users\Micie456\PycharmProjects\Diplom\.venv\Lib\site-packages\django\template\base.py", line 1052, in render_annotated
    return self.render(context)
           ^^^^^^^^^^^^^^^^^^^^
  File "C:\Users\Micie456\PycharmProjects\Diplom\.venv\Lib\site-packages\django\template\base.py", line 1150, in render
    output = self.filter_expression.resolve(context)
             ^^^^^^^^^^^^^^^^^^^^^^^^^^^^^^^^^^^^^^^
  File "C:\Users\Micie456\PycharmProjects\Diplom\.venv\Lib\site-packages\django\template\base.py", line 809, in resolve
    arg_vals.append(arg.resolve(context))
                    ^^^^^^^^^^^^^^^^^^^^
  File "C:\Users\Micie456\PycharmProjects\Diplom\.venv\Lib\site-packages\django\template\base.py", line 928, in resolve
    value = self._resolve_lookup(context)
            ^^^^^^^^^^^^^^^^^^^^^^^^^^^^^
  File "C:\Users\Micie456\PycharmProjects\Diplom\.venv\Lib\site-packages\django\template\base.py", line 989, in _resolve_lookup
    raise VariableDoesNotExist(
django.template.base.VariableDoesNotExist: Failed lookup for key [title_ru] in None
[2026-04-12 16:43:47,512] ERROR django.server: "GET /recipe/3/ HTTP/1.1" 500 138493
[2026-04-12 16:43:55,272] INFO django.server: "GET / HTTP/1.1" 200 5767
[2026-04-12 16:44:09,004] ERROR django.request: Internal Server Error: /recipe/3/
Traceback (most recent call last):
  File "C:\Users\Micie456\PycharmProjects\Diplom\.venv\Lib\site-packages\django\template\base.py", line 964, in _resolve_lookup
    raise TypeError
TypeError

During handling of the above exception, another exception occurred:

Traceback (most recent call last):
  File "C:\Users\Micie456\PycharmProjects\Diplom\.venv\Lib\site-packages\django\template\base.py", line 976, in _resolve_lookup
    current = getattr(current, bit)
              ^^^^^^^^^^^^^^^^^^^^^
AttributeError: 'NoneType' object has no attribute 'title_ru'

During handling of the above exception, another exception occurred:

Traceback (most recent call last):
  File "C:\Users\Micie456\PycharmProjects\Diplom\.venv\Lib\site-packages\django\template\base.py", line 982, in _resolve_lookup
    current = current[int(bit)]
                      ^^^^^^^^
ValueError: invalid literal for int() with base 10: 'title_ru'

During handling of the above exception, another exception occurred:

Traceback (most recent call last):
  File "C:\Users\Micie456\PycharmProjects\Diplom\.venv\Lib\site-packages\django\core\handlers\exception.py", line 55, in inner
    response = get_response(request)
               ^^^^^^^^^^^^^^^^^^^^^
  File "C:\Users\Micie456\PycharmProjects\Diplom\.venv\Lib\site-packages\django\core\handlers\base.py", line 198, in _get_response
    response = wrapped_callback(request, *callback_args, **callback_kwargs)
               ^^^^^^^^^^^^^^^^^^^^^^^^^^^^^^^^^^^^^^^^^^^^^^^^^^^^^^^^^^^^
  File "C:\Users\Micie456\PycharmProjects\Diplom\diplom\mainapp\views.py", line 137, in recipe_detail
    return render(request, 'recipe_detail.html', context)
           ^^^^^^^^^^^^^^^^^^^^^^^^^^^^^^^^^^^^^^^^^^^^^^
  File "C:\Users\Micie456\PycharmProjects\Diplom\.venv\Lib\site-packages\django\shortcuts.py", line 25, in render
    content = loader.render_to_string(template_name, context, request, using=using)
              ^^^^^^^^^^^^^^^^^^^^^^^^^^^^^^^^^^^^^^^^^^^^^^^^^^^^^^^^^^^^^^^^^^^^^
  File "C:\Users\Micie456\PycharmProjects\Diplom\.venv\Lib\site-packages\django\template\loader.py", line 62, in render_to_string
    return template.render(context, request)
           ^^^^^^^^^^^^^^^^^^^^^^^^^^^^^^^^^
  File "C:\Users\Micie456\PycharmProjects\Diplom\.venv\Lib\site-packages\django\template\backends\django.py", line 107, in render
    return self.template.render(context)
           ^^^^^^^^^^^^^^^^^^^^^^^^^^^^^
  File "C:\Users\Micie456\PycharmProjects\Diplom\.venv\Lib\site-packages\django\template\base.py", line 174, in render
    return self._render(context)
           ^^^^^^^^^^^^^^^^^^^^^
  File "C:\Users\Micie456\PycharmProjects\Diplom\.venv\Lib\site-packages\django\template\base.py", line 166, in _render
    return self.nodelist.render(context)
           ^^^^^^^^^^^^^^^^^^^^^^^^^^^^^
  File "C:\Users\Micie456\PycharmProjects\Diplom\.venv\Lib\site-packages\django\template\base.py", line 1091, in render
    return SafeString("".join([node.render_annotated(context) for node in self]))
                               ^^^^^^^^^^^^^^^^^^^^^^^^^^^^^^
  File "C:\Users\Micie456\PycharmProjects\Diplom\.venv\Lib\site-packages\django\template\base.py", line 1052, in render_annotated
    return self.render(context)
           ^^^^^^^^^^^^^^^^^^^^
  File "C:\Users\Micie456\PycharmProjects\Diplom\.venv\Lib\site-packages\django\template\base.py", line 1150, in render
    output = self.filter_expression.resolve(context)
             ^^^^^^^^^^^^^^^^^^^^^^^^^^^^^^^^^^^^^^^
  File "C:\Users\Micie456\PycharmProjects\Diplom\.venv\Lib\site-packages\django\template\base.py", line 809, in resolve
    arg_vals.append(arg.resolve(context))
                    ^^^^^^^^^^^^^^^^^^^^
  File "C:\Users\Micie456\PycharmProjects\Diplom\.venv\Lib\site-packages\django\template\base.py", line 928, in resolve
    value = self._resolve_lookup(context)
            ^^^^^^^^^^^^^^^^^^^^^^^^^^^^^
  File "C:\Users\Micie456\PycharmProjects\Diplom\.venv\Lib\site-packages\django\template\base.py", line 989, in _resolve_lookup
    raise VariableDoesNotExist(
django.template.base.VariableDoesNotExist: Failed lookup for key [title_ru] in None
[2026-04-12 16:44:09,005] ERROR django.server: "GET /recipe/3/ HTTP/1.1" 500 135364
[2026-04-12 16:47:35,004] ERROR django.request: Internal Server Error: /recipe/3/
Traceback (most recent call last):
  File "C:\Users\Micie456\PycharmProjects\Diplom\.venv\Lib\site-packages\django\template\base.py", line 964, in _resolve_lookup
    raise TypeError
TypeError

During handling of the above exception, another exception occurred:

Traceback (most recent call last):
  File "C:\Users\Micie456\PycharmProjects\Diplom\.venv\Lib\site-packages\django\template\base.py", line 976, in _resolve_lookup
    current = getattr(current, bit)
              ^^^^^^^^^^^^^^^^^^^^^
AttributeError: 'NoneType' object has no attribute 'title_ru'

During handling of the above exception, another exception occurred:

Traceback (most recent call last):
  File "C:\Users\Micie456\PycharmProjects\Diplom\.venv\Lib\site-packages\django\template\base.py", line 982, in _resolve_lookup
    current = current[int(bit)]
                      ^^^^^^^^
ValueError: invalid literal for int() with base 10: 'title_ru'

During handling of the above exception, another exception occurred:

Traceback (most recent call last):
  File "C:\Users\Micie456\PycharmProjects\Diplom\.venv\Lib\site-packages\django\core\handlers\exception.py", line 55, in inner
    response = get_response(request)
               ^^^^^^^^^^^^^^^^^^^^^
  File "C:\Users\Micie456\PycharmProjects\Diplom\.venv\Lib\site-packages\django\core\handlers\base.py", line 198, in _get_response
    response = wrapped_callback(request, *callback_args, **callback_kwargs)
               ^^^^^^^^^^^^^^^^^^^^^^^^^^^^^^^^^^^^^^^^^^^^^^^^^^^^^^^^^^^^
  File "C:\Users\Micie456\PycharmProjects\Diplom\diplom\mainapp\views.py", line 137, in recipe_detail
    return render(request, 'recipe_detail.html', context)
           ^^^^^^^^^^^^^^^^^^^^^^^^^^^^^^^^^^^^^^^^^^^^^^
  File "C:\Users\Micie456\PycharmProjects\Diplom\.venv\Lib\site-packages\django\shortcuts.py", line 25, in render
    content = loader.render_to_string(template_name, context, request, using=using)
              ^^^^^^^^^^^^^^^^^^^^^^^^^^^^^^^^^^^^^^^^^^^^^^^^^^^^^^^^^^^^^^^^^^^^^
  File "C:\Users\Micie456\PycharmProjects\Diplom\.venv\Lib\site-packages\django\template\loader.py", line 62, in render_to_string
    return template.render(context, request)
           ^^^^^^^^^^^^^^^^^^^^^^^^^^^^^^^^^
  File "C:\Users\Micie456\PycharmProjects\Diplom\.venv\Lib\site-packages\django\template\backends\django.py", line 107, in render
    return self.template.render(context)
           ^^^^^^^^^^^^^^^^^^^^^^^^^^^^^
  File "C:\Users\Micie456\PycharmProjects\Diplom\.venv\Lib\site-packages\django\template\base.py", line 174, in render
    return self._render(context)
           ^^^^^^^^^^^^^^^^^^^^^
  File "C:\Users\Micie456\PycharmProjects\Diplom\.venv\Lib\site-packages\django\template\base.py", line 166, in _render
    return self.nodelist.render(context)
           ^^^^^^^^^^^^^^^^^^^^^^^^^^^^^
  File "C:\Users\Micie456\PycharmProjects\Diplom\.venv\Lib\site-packages\django\template\base.py", line 1091, in render
    return SafeString("".join([node.render_annotated(context) for node in self]))
                               ^^^^^^^^^^^^^^^^^^^^^^^^^^^^^^
  File "C:\Users\Micie456\PycharmProjects\Diplom\.venv\Lib\site-packages\django\template\base.py", line 1052, in render_annotated
    return self.render(context)
           ^^^^^^^^^^^^^^^^^^^^
  File "C:\Users\Micie456\PycharmProjects\Diplom\.venv\Lib\site-packages\django\template\base.py", line 1150, in render
    output = self.filter_expression.resolve(context)
             ^^^^^^^^^^^^^^^^^^^^^^^^^^^^^^^^^^^^^^^
  File "C:\Users\Micie456\PycharmProjects\Diplom\.venv\Lib\site-packages\django\template\base.py", line 809, in resolve
    arg_vals.append(arg.resolve(context))
                    ^^^^^^^^^^^^^^^^^^^^
  File "C:\Users\Micie456\PycharmProjects\Diplom\.venv\Lib\site-packages\django\template\base.py", line 928, in resolve
    value = self._resolve_lookup(context)
            ^^^^^^^^^^^^^^^^^^^^^^^^^^^^^
  File "C:\Users\Micie456\PycharmProjects\Diplom\.venv\Lib\site-packages\django\template\base.py", line 989, in _resolve_lookup
    raise VariableDoesNotExist(
django.template.base.VariableDoesNotExist: Failed lookup for key [title_ru] in None
[2026-04-12 16:47:35,006] ERROR django.server: "GET /recipe/3/ HTTP/1.1" 500 135364
[2026-04-12 16:47:47,214] ERROR django.request: Internal Server Error: /recipe/3/
Traceback (most recent call last):
  File "C:\Users\Micie456\PycharmProjects\Diplom\.venv\Lib\site-packages\django\template\base.py", line 964, in _resolve_lookup
    raise TypeError
TypeError

During handling of the above exception, another exception occurred:

Traceback (most recent call last):
  File "C:\Users\Micie456\PycharmProjects\Diplom\.venv\Lib\site-packages\django\template\base.py", line 976, in _resolve_lookup
    current = getattr(current, bit)
              ^^^^^^^^^^^^^^^^^^^^^
AttributeError: 'NoneType' object has no attribute 'title_ru'

During handling of the above exception, another exception occurred:

Traceback (most recent call last):
  File "C:\Users\Micie456\PycharmProjects\Diplom\.venv\Lib\site-packages\django\template\base.py", line 982, in _resolve_lookup
    current = current[int(bit)]
                      ^^^^^^^^
ValueError: invalid literal for int() with base 10: 'title_ru'

During handling of the above exception, another exception occurred:

Traceback (most recent call last):
  File "C:\Users\Micie456\PycharmProjects\Diplom\.venv\Lib\site-packages\django\core\handlers\exception.py", line 55, in inner
    response = get_response(request)
               ^^^^^^^^^^^^^^^^^^^^^
  File "C:\Users\Micie456\PycharmProjects\Diplom\.venv\Lib\site-packages\django\core\handlers\base.py", line 198, in _get_response
    response = wrapped_callback(request, *callback_args, **callback_kwargs)
               ^^^^^^^^^^^^^^^^^^^^^^^^^^^^^^^^^^^^^^^^^^^^^^^^^^^^^^^^^^^^
  File "C:\Users\Micie456\PycharmProjects\Diplom\diplom\mainapp\views.py", line 137, in recipe_detail
    return render(request, 'recipe_detail.html', context)
           ^^^^^^^^^^^^^^^^^^^^^^^^^^^^^^^^^^^^^^^^^^^^^^
  File "C:\Users\Micie456\PycharmProjects\Diplom\.venv\Lib\site-packages\django\shortcuts.py", line 25, in render
    content = loader.render_to_string(template_name, context, request, using=using)
              ^^^^^^^^^^^^^^^^^^^^^^^^^^^^^^^^^^^^^^^^^^^^^^^^^^^^^^^^^^^^^^^^^^^^^
  File "C:\Users\Micie456\PycharmProjects\Diplom\.venv\Lib\site-packages\django\template\loader.py", line 62, in render_to_string
    return template.render(context, request)
           ^^^^^^^^^^^^^^^^^^^^^^^^^^^^^^^^^
  File "C:\Users\Micie456\PycharmProjects\Diplom\.venv\Lib\site-packages\django\template\backends\django.py", line 107, in render
    return self.template.render(context)
           ^^^^^^^^^^^^^^^^^^^^^^^^^^^^^
  File "C:\Users\Micie456\PycharmProjects\Diplom\.venv\Lib\site-packages\django\template\base.py", line 174, in render
    return self._render(context)
           ^^^^^^^^^^^^^^^^^^^^^
  File "C:\Users\Micie456\PycharmProjects\Diplom\.venv\Lib\site-packages\django\template\base.py", line 166, in _render
    return self.nodelist.render(context)
           ^^^^^^^^^^^^^^^^^^^^^^^^^^^^^
  File "C:\Users\Micie456\PycharmProjects\Diplom\.venv\Lib\site-packages\django\template\base.py", line 1091, in render
    return SafeString("".join([node.render_annotated(context) for node in self]))
                               ^^^^^^^^^^^^^^^^^^^^^^^^^^^^^^
  File "C:\Users\Micie456\PycharmProjects\Diplom\.venv\Lib\site-packages\django\template\base.py", line 1052, in render_annotated
    return self.render(context)
           ^^^^^^^^^^^^^^^^^^^^
  File "C:\Users\Micie456\PycharmProjects\Diplom\.venv\Lib\site-packages\django\template\base.py", line 1150, in render
    output = self.filter_expression.resolve(context)
             ^^^^^^^^^^^^^^^^^^^^^^^^^^^^^^^^^^^^^^^
  File "C:\Users\Micie456\PycharmProjects\Diplom\.venv\Lib\site-packages\django\template\base.py", line 809, in resolve
    arg_vals.append(arg.resolve(context))
                    ^^^^^^^^^^^^^^^^^^^^
  File "C:\Users\Micie456\PycharmProjects\Diplom\.venv\Lib\site-packages\django\template\base.py", line 928, in resolve
    value = self._resolve_lookup(context)
            ^^^^^^^^^^^^^^^^^^^^^^^^^^^^^
  File "C:\Users\Micie456\PycharmProjects\Diplom\.venv\Lib\site-packages\django\template\base.py", line 989, in _resolve_lookup
    raise VariableDoesNotExist(
django.template.base.VariableDoesNotExist: Failed lookup for key [title_ru] in None
[2026-04-12 16:47:47,215] ERROR django.server: "GET /recipe/3/ HTTP/1.1" 500 135364
[2026-04-12 16:49:47,095] INFO django.server: - Broken pipe from ('127.0.0.1', 57167)
[2026-04-12 16:53:09,921] INFO django.utils.autoreload: C:\Users\Micie456\PycharmProjects\Diplom\diplom\mainapp\views.py changed, reloading.
[2026-04-12 16:53:10,428] INFO django.utils.autoreload: Watching for file changes with StatReloader
[2026-04-12 16:53:43,287] INFO django.utils.autoreload: Watching for file changes with StatReloader
[2026-04-13 12:10:08,566] INFO django.utils.autoreload: Watching for file changes with StatReloader
[2026-04-13 12:10:10,990] INFO django.server: "GET / HTTP/1.1" 200 5775
[2026-04-13 12:10:11,086] INFO django.server: "GET /static/images/Diplom_6.png HTTP/1.1" 304 0
[2026-04-13 12:10:11,135] INFO django.server: "GET /static/css/style.css HTTP/1.1" 200 11745
[2026-04-13 12:10:11,142] INFO django.server: "GET /static/images/background.jpg HTTP/1.1" 304 0
[2026-04-13 12:10:11,318] WARNING django.request: Not Found: /favicon.ico
[2026-04-13 12:10:11,319] WARNING django.server: "GET /favicon.ico HTTP/1.1" 404 5072
[2026-04-13 12:10:17,302] INFO django.server: "GET /meal-plan/ HTTP/1.1" 200 55430
[2026-04-13 12:10:23,758] INFO django.server: "GET / HTTP/1.1" 200 5775
[2026-04-13 12:10:26,355] ERROR django.request: Internal Server Error: /recipe/4/
Traceback (most recent call last):
  File "C:\Users\Micie456\PycharmProjects\Diplom\.venv\Lib\site-packages\django\template\base.py", line 964, in _resolve_lookup
    raise TypeError
TypeError

During handling of the above exception, another exception occurred:

Traceback (most recent call last):
  File "C:\Users\Micie456\PycharmProjects\Diplom\.venv\Lib\site-packages\django\template\base.py", line 976, in _resolve_lookup
    current = getattr(current, bit)
              ^^^^^^^^^^^^^^^^^^^^^
AttributeError: 'NoneType' object has no attribute 'title_ru'

During handling of the above exception, another exception occurred:

Traceback (most recent call last):
  File "C:\Users\Micie456\PycharmProjects\Diplom\.venv\Lib\site-packages\django\template\base.py", line 982, in _resolve_lookup
    current = current[int(bit)]
                      ^^^^^^^^
ValueError: invalid literal for int() with base 10: 'title_ru'

During handling of the above exception, another exception occurred:

Traceback (most recent call last):
  File "C:\Users\Micie456\PycharmProjects\Diplom\.venv\Lib\site-packages\django\core\handlers\exception.py", line 55, in inner
    response = get_response(request)
               ^^^^^^^^^^^^^^^^^^^^^
  File "C:\Users\Micie456\PycharmProjects\Diplom\.venv\Lib\site-packages\django\core\handlers\base.py", line 198, in _get_response
    response = wrapped_callback(request, *callback_args, **callback_kwargs)
               ^^^^^^^^^^^^^^^^^^^^^^^^^^^^^^^^^^^^^^^^^^^^^^^^^^^^^^^^^^^^
  File "C:\Users\Micie456\PycharmProjects\Diplom\diplom\mainapp\views.py", line 138, in recipe_detail
    return render(request, 'recipe_detail.html', context)
           ^^^^^^^^^^^^^^^^^^^^^^^^^^^^^^^^^^^^^^^^^^^^^^
  File "C:\Users\Micie456\PycharmProjects\Diplom\.venv\Lib\site-packages\django\shortcuts.py", line 25, in render
    content = loader.render_to_string(template_name, context, request, using=using)
              ^^^^^^^^^^^^^^^^^^^^^^^^^^^^^^^^^^^^^^^^^^^^^^^^^^^^^^^^^^^^^^^^^^^^^
  File "C:\Users\Micie456\PycharmProjects\Diplom\.venv\Lib\site-packages\django\template\loader.py", line 62, in render_to_string
    return template.render(context, request)
           ^^^^^^^^^^^^^^^^^^^^^^^^^^^^^^^^^
  File "C:\Users\Micie456\PycharmProjects\Diplom\.venv\Lib\site-packages\django\template\backends\django.py", line 107, in render
    return self.template.render(context)
           ^^^^^^^^^^^^^^^^^^^^^^^^^^^^^
  File "C:\Users\Micie456\PycharmProjects\Diplom\.venv\Lib\site-packages\django\template\base.py", line 174, in render
    return self._render(context)
           ^^^^^^^^^^^^^^^^^^^^^
  File "C:\Users\Micie456\PycharmProjects\Diplom\.venv\Lib\site-packages\django\template\base.py", line 166, in _render
    return self.nodelist.render(context)
           ^^^^^^^^^^^^^^^^^^^^^^^^^^^^^
  File "C:\Users\Micie456\PycharmProjects\Diplom\.venv\Lib\site-packages\django\template\base.py", line 1091, in render
    return SafeString("".join([node.render_annotated(context) for node in self]))
                               ^^^^^^^^^^^^^^^^^^^^^^^^^^^^^^
  File "C:\Users\Micie456\PycharmProjects\Diplom\.venv\Lib\site-packages\django\template\base.py", line 1052, in render_annotated
    return self.render(context)
           ^^^^^^^^^^^^^^^^^^^^
  File "C:\Users\Micie456\PycharmProjects\Diplom\.venv\Lib\site-packages\django\template\base.py", line 1150, in render
    output = self.filter_expression.resolve(context)
             ^^^^^^^^^^^^^^^^^^^^^^^^^^^^^^^^^^^^^^^
  File "C:\Users\Micie456\PycharmProjects\Diplom\.venv\Lib\site-packages\django\template\base.py", line 809, in resolve
    arg_vals.append(arg.resolve(context))
                    ^^^^^^^^^^^^^^^^^^^^
  File "C:\Users\Micie456\PycharmProjects\Diplom\.venv\Lib\site-packages\django\template\base.py", line 928, in resolve
    value = self._resolve_lookup(context)
            ^^^^^^^^^^^^^^^^^^^^^^^^^^^^^
  File "C:\Users\Micie456\PycharmProjects\Diplom\.venv\Lib\site-packages\django\template\base.py", line 989, in _resolve_lookup
    raise VariableDoesNotExist(
django.template.base.VariableDoesNotExist: Failed lookup for key [title_ru] in None
[2026-04-13 12:10:26,359] ERROR django.server: "GET /recipe/4/ HTTP/1.1" 500 139223
[2026-04-13 12:10:31,723] ERROR django.request: Internal Server Error: /recipe/3/
Traceback (most recent call last):
  File "C:\Users\Micie456\PycharmProjects\Diplom\.venv\Lib\site-packages\django\template\base.py", line 964, in _resolve_lookup
    raise TypeError
TypeError

During handling of the above exception, another exception occurred:

Traceback (most recent call last):
  File "C:\Users\Micie456\PycharmProjects\Diplom\.venv\Lib\site-packages\django\template\base.py", line 976, in _resolve_lookup
    current = getattr(current, bit)
              ^^^^^^^^^^^^^^^^^^^^^
AttributeError: 'NoneType' object has no attribute 'title_ru'

During handling of the above exception, another exception occurred:

Traceback (most recent call last):
  File "C:\Users\Micie456\PycharmProjects\Diplom\.venv\Lib\site-packages\django\template\base.py", line 982, in _resolve_lookup
    current = current[int(bit)]
                      ^^^^^^^^
ValueError: invalid literal for int() with base 10: 'title_ru'

During handling of the above exception, another exception occurred:

Traceback (most recent call last):
  File "C:\Users\Micie456\PycharmProjects\Diplom\.venv\Lib\site-packages\django\core\handlers\exception.py", line 55, in inner
    response = get_response(request)
               ^^^^^^^^^^^^^^^^^^^^^
  File "C:\Users\Micie456\PycharmProjects\Diplom\.venv\Lib\site-packages\django\core\handlers\base.py", line 198, in _get_response
    response = wrapped_callback(request, *callback_args, **callback_kwargs)
               ^^^^^^^^^^^^^^^^^^^^^^^^^^^^^^^^^^^^^^^^^^^^^^^^^^^^^^^^^^^^
  File "C:\Users\Micie456\PycharmProjects\Diplom\diplom\mainapp\views.py", line 138, in recipe_detail
    return render(request, 'recipe_detail.html', context)
           ^^^^^^^^^^^^^^^^^^^^^^^^^^^^^^^^^^^^^^^^^^^^^^
  File "C:\Users\Micie456\PycharmProjects\Diplom\.venv\Lib\site-packages\django\shortcuts.py", line 25, in render
    content = loader.render_to_string(template_name, context, request, using=using)
              ^^^^^^^^^^^^^^^^^^^^^^^^^^^^^^^^^^^^^^^^^^^^^^^^^^^^^^^^^^^^^^^^^^^^^
  File "C:\Users\Micie456\PycharmProjects\Diplom\.venv\Lib\site-packages\django\template\loader.py", line 62, in render_to_string
    return template.render(context, request)
           ^^^^^^^^^^^^^^^^^^^^^^^^^^^^^^^^^
  File "C:\Users\Micie456\PycharmProjects\Diplom\.venv\Lib\site-packages\django\template\backends\django.py", line 107, in render
    return self.template.render(context)
           ^^^^^^^^^^^^^^^^^^^^^^^^^^^^^
  File "C:\Users\Micie456\PycharmProjects\Diplom\.venv\Lib\site-packages\django\template\base.py", line 174, in render
    return self._render(context)
           ^^^^^^^^^^^^^^^^^^^^^
  File "C:\Users\Micie456\PycharmProjects\Diplom\.venv\Lib\site-packages\django\template\base.py", line 166, in _render
    return self.nodelist.render(context)
           ^^^^^^^^^^^^^^^^^^^^^^^^^^^^^
  File "C:\Users\Micie456\PycharmProjects\Diplom\.venv\Lib\site-packages\django\template\base.py", line 1091, in render
    return SafeString("".join([node.render_annotated(context) for node in self]))
                               ^^^^^^^^^^^^^^^^^^^^^^^^^^^^^^
  File "C:\Users\Micie456\PycharmProjects\Diplom\.venv\Lib\site-packages\django\template\base.py", line 1052, in render_annotated
    return self.render(context)
           ^^^^^^^^^^^^^^^^^^^^
  File "C:\Users\Micie456\PycharmProjects\Diplom\.venv\Lib\site-packages\django\template\base.py", line 1150, in render
    output = self.filter_expression.resolve(context)
             ^^^^^^^^^^^^^^^^^^^^^^^^^^^^^^^^^^^^^^^
  File "C:\Users\Micie456\PycharmProjects\Diplom\.venv\Lib\site-packages\django\template\base.py", line 809, in resolve
    arg_vals.append(arg.resolve(context))
                    ^^^^^^^^^^^^^^^^^^^^
  File "C:\Users\Micie456\PycharmProjects\Diplom\.venv\Lib\site-packages\django\template\base.py", line 928, in resolve
    value = self._resolve_lookup(context)
            ^^^^^^^^^^^^^^^^^^^^^^^^^^^^^
  File "C:\Users\Micie456\PycharmProjects\Diplom\.venv\Lib\site-packages\django\template\base.py", line 989, in _resolve_lookup
    raise VariableDoesNotExist(
django.template.base.VariableDoesNotExist: Failed lookup for key [title_ru] in None
[2026-04-13 12:10:31,725] ERROR django.server: "GET /recipe/3/ HTTP/1.1" 500 139495
[2026-04-13 12:10:43,362] ERROR django.request: Internal Server Error: /recipe/3/
Traceback (most recent call last):
  File "C:\Users\Micie456\PycharmProjects\Diplom\.venv\Lib\site-packages\django\template\base.py", line 964, in _resolve_lookup
    raise TypeError
TypeError

During handling of the above exception, another exception occurred:

Traceback (most recent call last):
  File "C:\Users\Micie456\PycharmProjects\Diplom\.venv\Lib\site-packages\django\template\base.py", line 976, in _resolve_lookup
    current = getattr(current, bit)
              ^^^^^^^^^^^^^^^^^^^^^
AttributeError: 'NoneType' object has no attribute 'title_ru'

During handling of the above exception, another exception occurred:

Traceback (most recent call last):
  File "C:\Users\Micie456\PycharmProjects\Diplom\.venv\Lib\site-packages\django\template\base.py", line 982, in _resolve_lookup
    current = current[int(bit)]
                      ^^^^^^^^
ValueError: invalid literal for int() with base 10: 'title_ru'

During handling of the above exception, another exception occurred:

Traceback (most recent call last):
  File "C:\Users\Micie456\PycharmProjects\Diplom\.venv\Lib\site-packages\django\core\handlers\exception.py", line 55, in inner
    response = get_response(request)
               ^^^^^^^^^^^^^^^^^^^^^
  File "C:\Users\Micie456\PycharmProjects\Diplom\.venv\Lib\site-packages\django\core\handlers\base.py", line 198, in _get_response
    response = wrapped_callback(request, *callback_args, **callback_kwargs)
               ^^^^^^^^^^^^^^^^^^^^^^^^^^^^^^^^^^^^^^^^^^^^^^^^^^^^^^^^^^^^
  File "C:\Users\Micie456\PycharmProjects\Diplom\diplom\mainapp\views.py", line 138, in recipe_detail
    return render(request, 'recipe_detail.html', context)
           ^^^^^^^^^^^^^^^^^^^^^^^^^^^^^^^^^^^^^^^^^^^^^^
  File "C:\Users\Micie456\PycharmProjects\Diplom\.venv\Lib\site-packages\django\shortcuts.py", line 25, in render
    content = loader.render_to_string(template_name, context, request, using=using)
              ^^^^^^^^^^^^^^^^^^^^^^^^^^^^^^^^^^^^^^^^^^^^^^^^^^^^^^^^^^^^^^^^^^^^^
  File "C:\Users\Micie456\PycharmProjects\Diplom\.venv\Lib\site-packages\django\template\loader.py", line 62, in render_to_string
    return template.render(context, request)
           ^^^^^^^^^^^^^^^^^^^^^^^^^^^^^^^^^
  File "C:\Users\Micie456\PycharmProjects\Diplom\.venv\Lib\site-packages\django\template\backends\django.py", line 107, in render
    return self.template.render(context)
           ^^^^^^^^^^^^^^^^^^^^^^^^^^^^^
  File "C:\Users\Micie456\PycharmProjects\Diplom\.venv\Lib\site-packages\django\template\base.py", line 174, in render
    return self._render(context)
           ^^^^^^^^^^^^^^^^^^^^^
  File "C:\Users\Micie456\PycharmProjects\Diplom\.venv\Lib\site-packages\django\template\base.py", line 166, in _render
    return self.nodelist.render(context)
           ^^^^^^^^^^^^^^^^^^^^^^^^^^^^^
  File "C:\Users\Micie456\PycharmProjects\Diplom\.venv\Lib\site-packages\django\template\base.py", line 1091, in render
    return SafeString("".join([node.render_annotated(context) for node in self]))
                               ^^^^^^^^^^^^^^^^^^^^^^^^^^^^^^
  File "C:\Users\Micie456\PycharmProjects\Diplom\.venv\Lib\site-packages\django\template\base.py", line 1052, in render_annotated
    return self.render(context)
           ^^^^^^^^^^^^^^^^^^^^
  File "C:\Users\Micie456\PycharmProjects\Diplom\.venv\Lib\site-packages\django\template\base.py", line 1150, in render
    output = self.filter_expression.resolve(context)
             ^^^^^^^^^^^^^^^^^^^^^^^^^^^^^^^^^^^^^^^
  File "C:\Users\Micie456\PycharmProjects\Diplom\.venv\Lib\site-packages\django\template\base.py", line 809, in resolve
    arg_vals.append(arg.resolve(context))
                    ^^^^^^^^^^^^^^^^^^^^
  File "C:\Users\Micie456\PycharmProjects\Diplom\.venv\Lib\site-packages\django\template\base.py", line 928, in resolve
    value = self._resolve_lookup(context)
            ^^^^^^^^^^^^^^^^^^^^^^^^^^^^^
  File "C:\Users\Micie456\PycharmProjects\Diplom\.venv\Lib\site-packages\django\template\base.py", line 989, in _resolve_lookup
    raise VariableDoesNotExist(
django.template.base.VariableDoesNotExist: Failed lookup for key [title_ru] in None
[2026-04-13 12:10:43,364] ERROR django.server: "GET /recipe/3/ HTTP/1.1" 500 139495
[2026-04-13 12:13:08,581] INFO django.utils.autoreload: Watching for file changes with StatReloader
[2026-04-13 12:13:10,280] INFO django.server: "GET / HTTP/1.1" 200 5775
[2026-04-13 12:13:11,474] INFO django.server: "GET /recipe/3/ HTTP/1.1" 200 3349
[2026-04-13 12:13:11,519] WARNING django.request: Not Found: /media/Diplom_3.jpg
[2026-04-13 12:13:11,519] WARNING django.server: "GET /media/Diplom_3.jpg HTTP/1.1" 404 5321
[2026-04-13 12:13:19,522] INFO django.server: "GET /meal-plan/ HTTP/1.1" 200 55430
[2026-04-13 12:13:20,832] INFO django.server: "GET / HTTP/1.1" 200 5775
[2026-04-13 12:13:21,902] INFO django.server: "GET /recipe/3/ HTTP/1.1" 200 3349
[2026-04-13 12:13:21,938] WARNING django.request: Not Found: /media/Diplom_3.jpg
[2026-04-13 12:13:21,939] WARNING django.server: "GET /media/Diplom_3.jpg HTTP/1.1" 404 5321
[2026-04-13 12:28:49,281] INFO django.utils.autoreload: Watching for file changes with StatReloader
[2026-04-13 12:28:50,676] INFO django.server: "GET / HTTP/1.1" 200 5775
[2026-04-13 12:28:51,931] INFO django.server: "GET /recipe/3/ HTTP/1.1" 200 7382
[2026-04-13 12:28:51,970] WARNING django.request: Not Found: /media/Diplom_3.jpg
[2026-04-13 12:28:51,970] WARNING django.server: "GET /media/Diplom_3.jpg HTTP/1.1" 404 5321
[2026-04-13 12:33:26,563] INFO django.server: "GET /recipe/5/ HTTP/1.1" 200 5353
[2026-04-13 12:33:26,601] WARNING django.request: Not Found: /media/Diplom_5.png
[2026-04-13 12:33:26,601] WARNING django.server: "GET /media/Diplom_5.png HTTP/1.1" 404 5321
[2026-04-13 13:47:15,089] INFO django.utils.autoreload: Watching for file changes with StatReloader
[2026-04-13 13:47:33,201] INFO django.server: "GET / HTTP/1.1" 200 5775
[2026-04-13 13:47:33,524] WARNING django.request: Not Found: /favicon.ico
[2026-04-13 13:47:33,525] WARNING django.server: "GET /favicon.ico HTTP/1.1" 404 5072
[2026-04-13 13:47:35,509] INFO django.server: "GET /recipe/3/ HTTP/1.1" 200 7382
[2026-04-13 13:47:35,545] WARNING django.request: Not Found: /media/Diplom_3.jpg
[2026-04-13 13:47:35,545] WARNING django.server: "GET /media/Diplom_3.jpg HTTP/1.1" 404 5321
[2026-04-13 13:50:29,395] INFO django.server: "GET /meal-plan/ HTTP/1.1" 200 55430
[2026-04-13 14:28:01,614] INFO django.server: "GET / HTTP/1.1" 200 5775
[2026-04-13 14:28:01,659] INFO django.server: "GET /static/css/style.css HTTP/1.1" 304 0
[2026-04-13 14:28:01,659] INFO django.server: "GET /static/images/Diplom_6.png HTTP/1.1" 304 0
[2026-04-13 14:28:02,621] INFO django.server: "GET /meal-plan/ HTTP/1.1" 200 55430
[2026-04-13 14:28:08,785] INFO django.server: "GET / HTTP/1.1" 200 5775
[2026-04-13 14:28:12,330] INFO django.server: "GET /profile/ HTTP/1.1" 200 29
[2026-04-13 14:28:13,825] INFO django.server: "GET /compose/ HTTP/1.1" 200 20765
[2026-04-13 14:28:13,922] INFO django.server: "GET /media/ingridients/kokososovoe__moloko.png HTTP/1.1" 304 0
[2026-04-13 14:28:16,499] INFO django.server: "GET /static/images/kokososovoemoloko.png HTTP/1.1" 304 0
[2026-04-13 14:28:16,500] INFO django.server: "GET /static/images/soevy_souse.jpg HTTP/1.1" 304 0
[2026-04-13 14:28:16,500] INFO django.server: "GET /static/images/kunzhut_maslo.jpg HTTP/1.1" 304 0
[2026-04-13 14:28:16,500] INFO django.server: "GET /static/images/onion.png HTTP/1.1" 304 0
[2026-04-13 14:28:16,501] INFO django.server: "GET /static/images/rice.png HTTP/1.1" 304 0
[2026-04-13 14:28:16,502] INFO django.server: "GET /static/images/lime.jpg HTTP/1.1" 304 0
[2026-04-13 14:28:16,502] INFO django.server: "GET /static/images/imbir.png HTTP/1.1" 304 0
[2026-04-13 14:28:44,228] INFO django.server: "GET /api/search_recipes/?ingredients=%D0%BA%D0%BE%D0%BA%D0%BE%D1%81%D0%BE%D0%B2%D0%BE%D0%B5+%D0%BC%D0%BE%D0%BB%D0%BE%D0%BA%D0%BE%2C+%D0%BA%D1%80%D0%B5%D0%B2%D0%B5%D1%82%D0%BA%D0%B8&kitchen=asian HTTP/1.1" 200 4498
[2026-04-13 14:29:47,056] INFO django.server: "GET /api/search_recipes/?ingredients=%D0%BA%D0%BE%D0%BA%D0%BE%D1%81%D0%BE%D0%B2%D0%BE%D0%B5+%D0%BC%D0%BE%D0%BB%D0%BE%D0%BA%D0%BE%2C+%D0%BA%D1%80%D0%B5%D0%B2%D0%B5%D1%82%D0%BA%D0%B8&kitchen=vietnamese HTTP/1.1" 200 4498
[2026-04-13 14:30:23,195] INFO django.server: "GET /api/search_recipes/?ingredients=%D1%80%D0%B8%D1%81%2C+%D1%80%D1%8B%D0%B1%D0%B0&kitchen=japanese HTTP/1.1" 200 29317
[2026-04-13 14:32:43,445] ERROR django.request: Bad Gateway: /api/search_recipes/
[2026-04-13 14:32:43,445] ERROR django.server: "GET /api/search_recipes/?ingredients=%D1%82%D0%BE%D1%84%D1%83++%D0%B2%D0%BE%D0%B4%D0%BE%D1%80%D0%BE%D1%81%D0%BB%D0%B8+%D0%B2%D0%B0%D0%BA%D0%B0%D0%BC%D0%B5&kitchen=japanese HTTP/1.1" 502 122
[2026-04-13 14:32:59,278] INFO django.server: "GET /api/search_recipes/?ingredients=%D1%82%D0%BE%D1%84%D1%83%2C+%D0%B2%D0%BE%D0%B4%D0%BE%D1%80%D0%BE%D1%81%D0%BB%D0%B8+%D0%B2%D0%B0%D0%BA%D0%B0%D0%BC%D0%B5&kitchen=japanese HTTP/1.1" 200 61
[2026-04-13 14:33:25,206] INFO django.server: "GET /api/search_recipes/?ingredients=%D1%8F%D0%B9%D1%86%D0%B0%2C+%D1%80%D0%B5%D0%B4%D1%8C%D0%BA%D0%B0+%D0%B4%D0%B0%D0%B9%D0%BA%D0%BE%D0%BD%2C&kitchen=japanese HTTP/1.1" 200 2665
[2026-04-13 14:34:26,670] INFO django.server: "GET /api/search_recipes/?ingredients=%D1%81%D0%B2%D0%B8%D0%BD%D0%B8%D0%BD%D0%B0+%2C+%D0%BB%D0%B0%D0%BF%D1%88%D0%B0&kitchen=japanese HTTP/1.1" 200 2668
[2026-04-13 14:37:53,661] INFO django.utils.autoreload: C:\Users\Micie456\PycharmProjects\Diplom\diplom\mainapp\views.py changed, reloading.
[2026-04-13 14:37:54,355] INFO django.utils.autoreload: Watching for file changes with StatReloader
[2026-04-13 14:38:18,329] INFO django.utils.autoreload: Watching for file changes with StatReloader
[2026-04-13 14:38:20,635] INFO django.server: "GET / HTTP/1.1" 200 5775
[2026-04-13 14:38:24,519] INFO django.server: "GET /meal-plan/ HTTP/1.1" 200 55430
[2026-04-13 14:38:25,981] INFO django.server: "GET / HTTP/1.1" 200 5775
[2026-04-13 14:38:26,441] INFO django.server: "GET /compose/ HTTP/1.1" 200 20765
[2026-04-13 14:38:35,978] INFO django.server: "GET /api/search_recipes/?ingredients=%D1%81%D0%B2%D0%B8%D0%BD%D0%B8%D0%BD%D0%B0+%2C+%D0%BB%D0%B0%D0%BF%D1%88%D0%B0&kitchen=japanese HTTP/1.1" 200 61
[2026-04-13 14:39:13,214] INFO django.server: "GET /api/search_recipes/?ingredients=%D0%BB%D0%B0%D0%BF%D1%88%D0%B0&kitchen=japanese HTTP/1.1" 200 14629
[2026-04-13 14:39:52,380] INFO django.server: "GET /api/search_recipes/?ingredients=%D1%80%D0%B8%D1%81%2C+%D1%80%D1%8B%D0%B1%D0%B0&kitchen=japanese HTTP/1.1" 200 4768
[2026-04-13 14:41:06,910] INFO django.server: "GET /api/search_recipes/?ingredients=%D0%BA%D0%BE%D0%BA%D0%BE%D1%81%D0%BE%D0%B2%D0%BE%D0%B5+%D0%BC%D0%BE%D0%BB%D0%BE%D0%BA%D0%BE%2C+%D0%BA%D1%80%D0%B5%D0%B2%D0%B5%D1%82%D0%BA%D0%B8&kitchen=asian HTTP/1.1" 200 4498
[2026-04-13 14:44:33,947] INFO django.server: "GET /api/search_recipes/?ingredients=%D0%BA%D0%BE%D0%BA%D0%BE%D1%81%D0%BE%D0%B2%D0%BE%D0%B5+%D0%BC%D0%BE%D0%BB%D0%BE%D0%BA%D0%BE&kitchen=asian HTTP/1.1" 200 30338
[2026-04-13 14:45:20,221] INFO django.server: "GET /meal-plan/ HTTP/1.1" 200 55430
[2026-04-13 14:45:21,092] INFO django.server: "GET /meal-plan/ HTTP/1.1" 200 55430
[2026-04-13 14:45:23,449] INFO django.server: "GET /compose/ HTTP/1.1" 200 20765
[2026-04-13 14:45:26,362] INFO django.server: "GET /api/search_recipes/?ingredients=%D0%BA%D0%BE%D0%BA%D0%BE%D1%81%D0%BE%D0%B2%D0%BE%D0%B5+%D0%BC%D0%BE%D0%BB%D0%BE%D0%BA%D0%BE%2C+%D0%BA%D1%83%D1%80%D0%B8%D1%86%D0%B0&kitchen=asian HTTP/1.1" 200 20899
[2026-04-13 14:46:36,027] INFO django.server: "GET /api/search_recipes/?ingredients=%D0%BA%D0%BE%D0%BA%D0%BE%D1%81%D0%BE%D0%B2%D0%BE%D0%B5+%D0%BC%D0%BE%D0%BB%D0%BE%D0%BA%D0%BE%2C+%D0%BB%D0%B0%D0%B9%D0%BC&kitchen=asian HTTP/1.1" 200 27202
[2026-04-13 14:50:27,498] INFO django.utils.autoreload: C:\Users\Micie456\PycharmProjects\Diplom\diplom\mainapp\views.py changed, reloading.
[2026-04-13 14:50:27,997] INFO django.utils.autoreload: Watching for file changes with StatReloader
[2026-04-13 14:50:56,787] INFO django.utils.autoreload: C:\Users\Micie456\PycharmProjects\Diplom\diplom\mainapp\views.py changed, reloading.
[2026-04-13 14:50:57,248] INFO django.utils.autoreload: Watching for file changes with StatReloader
[2026-04-13 14:52:54,576] INFO django.utils.autoreload: Watching for file changes with StatReloader
[2026-04-13 14:52:55,983] INFO django.server: "GET / HTTP/1.1" 200 5775
[2026-04-13 14:53:00,257] INFO django.server: "GET /compose/ HTTP/1.1" 200 21397
[2026-04-13 14:53:25,024] INFO django.server: "GET /api/search_recipes/?ingredients=%D0%BA%D0%BE%D0%BA%D0%BE%D1%81%D0%BE%D0%B2%D0%BE%D0%B5+%D0%BC%D0%BE%D0%BB%D0%BE%D0%BA%D0%BE%2C+%D0%BB%D0%B0%D0%B9%D0%BC&kitchen=asian HTTP/1.1" 200 30570
[2026-04-13 14:54:26,024] INFO django.server: "GET /api/search_recipes/?ingredients=%D0%BA%D0%BE%D0%BA%D0%BE%D1%81%D0%BE%D0%B2%D0%BE%D0%B5+%D0%BC%D0%BE%D0%BB%D0%BE%D0%BA%D0%BE%2C+%D1%81%D0%BE%D0%BA+%D0%BB%D0%B0%D0%B9%D0%BC%D0%B0&kitchen=asian HTTP/1.1" 200 30570
[2026-04-13 14:55:04,905] INFO django.server: "GET /api/search_recipes/?ingredients=%D0%BA%D0%BE%D0%BA%D0%BE%D1%81%D0%BE%D0%B2%D0%BE%D0%B5+%D0%BC%D0%BE%D0%BB%D0%BE%D0%BA%D0%BE%2C+%D1%81%D0%BE%D0%BA+%D0%BB%D0%B0%D0%B9%D0%BC%D0%B0%2C+%D0%B1%D1%83%D0%BB%D1%8C%D0%BE%D0%BD%2C+%D1%81%D0%BE%D0%BB%D1%8C&kitchen=asian HTTP/1.1" 200 30570
[2026-04-13 15:02:01,914] INFO django.utils.autoreload: C:\Users\Micie456\PycharmProjects\Diplom\diplom\mainapp\views.py changed, reloading.
[2026-04-13 15:02:02,387] INFO django.utils.autoreload: Watching for file changes with StatReloader
[2026-04-13 15:10:47,982] INFO django.utils.autoreload: C:\Users\Micie456\PycharmProjects\Diplom\diplom\mainapp\views.py changed, reloading.
[2026-04-13 15:10:48,447] INFO django.utils.autoreload: Watching for file changes with StatReloader
[2026-04-13 15:11:02,935] INFO django.utils.autoreload: C:\Users\Micie456\PycharmProjects\Diplom\diplom\mainapp\views.py changed, reloading.
[2026-04-13 15:11:03,382] INFO django.utils.autoreload: Watching for file changes with StatReloader
[2026-04-13 15:13:41,422] INFO django.server: "GET / HTTP/1.1" 200 5775
[2026-04-13 15:13:42,537] INFO django.server: "GET /compose/ HTTP/1.1" 200 24636
[2026-04-13 15:13:43,096] INFO django.server: "GET / HTTP/1.1" 200 5775
[2026-04-13 15:13:43,516] INFO django.server: "GET /meal-plan/ HTTP/1.1" 200 55430
[2026-04-13 15:29:33,337] INFO django.server: "GET / HTTP/1.1" 200 5775
[2026-04-13 15:29:34,158] INFO django.server: "GET /compose/ HTTP/1.1" 200 24636
[2026-04-13 15:29:35,165] INFO django.server: "GET / HTTP/1.1" 200 5775
[2026-04-13 15:29:44,718] INFO django.server: "GET /recipe/4/ HTTP/1.1" 200 6030
[2026-04-13 15:29:44,757] WARNING django.request: Not Found: /media/Diplom4.jpg
[2026-04-13 15:29:44,757] WARNING django.server: "GET /media/Diplom4.jpg HTTP/1.1" 404 5317
[2026-04-13 16:02:56,376] INFO django.server: "GET /recipe/4/ HTTP/1.1" 200 6030
[2026-04-13 16:02:56,422] WARNING django.request: Not Found: /media/Diplom4.jpg
[2026-04-13 16:02:56,422] WARNING django.server: "GET /media/Diplom4.jpg HTTP/1.1" 404 5317
[2026-04-13 16:03:03,765] INFO django.server: "GET / HTTP/1.1" 200 5775
[2026-04-13 16:03:05,848] INFO django.server: "GET /meal-plan/ HTTP/1.1" 200 55430
[2026-04-13 16:03:16,566] INFO django.server: "POST /api/meal-plan/generate/ HTTP/1.1" 200 14095
[2026-04-13 16:03:16,575] INFO django.server: "GET /media/recipes/13_%D0%9A%D1%83%D1%80%D0%B8%D0%BD%D0%BE%D0%B5_%D1%84%D0%B8%D0%BB%D0%B5_%D1%81_%D1%80%D0%B8%D1%81%D0%BE%D0%BC.jpg HTTP/1.1" 304 0
[2026-04-13 16:03:16,575] INFO django.server: "GET /media/recipes/18_%D0%9A%D0%B0%D1%80%D1%82%D0%BE%D1%84%D0%B5%D0%BB%D1%8C%D0%BD%D0%BE%D0%B5_%D0%BF%D1%8E%D1%80%D0%B5_%D1%81_%D0%BA%D0%BE%D1%82%D0%BB%D0%B5%D1%82%D0%BE%D0%B9.jpg HTTP/1.1" 304 0
[2026-04-13 16:03:16,580] WARNING django.request: Not Found: /media/Diplom_2.jpg
[2026-04-13 16:03:16,581] WARNING django.server: "GET /media/Diplom_2.jpg HTTP/1.1" 404 5321
[2026-04-13 16:03:25,875] INFO django.server: "POST /api/shopping-list/generate/ HTTP/1.1" 200 3542
[2026-04-13 16:03:35,086] INFO django.server: "GET / HTTP/1.1" 200 5775
[2026-04-13 16:03:39,395] INFO django.server: "GET /recipe/1/ HTTP/1.1" 200 5546
[2026-04-13 16:03:39,440] WARNING django.request: Not Found: /media/diplom_1.jpg
[2026-04-13 16:03:39,440] WARNING django.server: "GET /media/diplom_1.jpg HTTP/1.1" 404 5321
[2026-04-13 16:03:42,918] INFO django.server: "GET /compose/ HTTP/1.1" 200 24636
[2026-04-13 16:03:47,162] INFO django.server: "GET / HTTP/1.1" 200 5775
[2026-04-13 16:03:54,752] INFO django.server: "GET /compose/ HTTP/1.1" 200 24636
[2026-04-13 16:04:34,536] WARNING django.request: Payment Required: /api/search_recipes/
[2026-04-13 16:04:34,536] WARNING django.server: "GET /api/search_recipes/?ingredients=%D0%BA%D0%B0%D1%80%D1%82%D0%BE%D1%84%D0%B5%D0%BB%D1%8C%2C+%D0%BC%D0%BE%D1%80%D0%BA%D0%BE%D0%B2%D1%8C&kitchen=eastern_european HTTP/1.1" 402 335
[2026-04-13 16:06:35,721] WARNING django.request: Payment Required: /api/search_recipes/
[2026-04-13 16:06:35,721] WARNING django.server: "GET /api/search_recipes/?ingredients=%D0%BA%D0%B0%D1%80%D1%82%D0%BE%D1%84%D0%B5%D0%BB%D1%8C%2C+%D0%BC%D0%BE%D1%80%D0%BA%D0%BE%D0%B2%D1%8C&kitchen=eastern_european HTTP/1.1" 402 335
[2026-04-13 16:06:37,684] INFO django.server: "GET / HTTP/1.1" 200 5775
[2026-04-13 16:09:34,488] INFO django.server: "GET /recipe/3/ HTTP/1.1" 200 7382
[2026-04-13 16:09:34,530] WARNING django.request: Not Found: /media/Diplom_3.jpg
[2026-04-13 16:09:34,530] WARNING django.server: "GET /media/Diplom_3.jpg HTTP/1.1" 404 5321
[2026-04-13 16:09:37,044] INFO django.server: "GET /recipe/5/ HTTP/1.1" 200 5353
[2026-04-13 16:09:37,088] WARNING django.request: Not Found: /media/Diplom_5.png
[2026-04-13 16:09:37,089] WARNING django.server: "GET /media/Diplom_5.png HTTP/1.1" 404 5321
[2026-04-13 16:10:27,821] INFO django.server: "GET / HTTP/1.1" 200 5775
[2026-04-13 16:10:29,201] INFO django.server: "GET /profile/ HTTP/1.1" 200 29
[2026-04-13 16:10:31,959] INFO django.server: "GET /meal-plan/ HTTP/1.1" 200 55430
[2026-04-13 16:10:35,926] INFO django.server: "POST /api/meal-plan/generate/ HTTP/1.1" 200 13299
[2026-04-13 16:10:35,936] WARNING django.request: Not Found: /media/Diplom_3.jpg
[2026-04-13 16:10:35,937] INFO django.server: "GET /media/recipes/23_%D0%93%D1%83%D0%BB%D1%8F%D1%88_%D0%B8%D0%B7_%D0%B3%D0%BE%D0%B2%D1%8F%D0%B4%D0%B8%D0%BD%D1%8B_%D1%81_%D0%BF%D1%8E%D1%80%D0%B5.jpg HTTP/1.1" 304 0
[2026-04-13 16:10:35,937] INFO django.server: "GET /media/recipes/34_%D0%9A%D0%BE%D1%82%D0%BB%D0%B5%D1%82%D1%8B_%D0%BF%D0%BE-%D0%BA%D0%B8%D0%B5%D0%B2%D1%81%D0%BA%D0%B8.jpg HTTP/1.1" 304 0
[2026-04-13 16:10:35,937] WARNING django.server: "GET /media/Diplom_3.jpg HTTP/1.1" 404 5321
[2026-04-13 16:10:40,737] INFO django.server: "POST /api/meal-plan/generate/ HTTP/1.1" 200 13456
[2026-04-13 16:10:40,747] WARNING django.request: Not Found: /media/diplom_1.jpg
[2026-04-13 16:10:40,747] INFO django.server: "GET /media/recipes/17_%D0%9A%D1%83%D1%80%D0%B8%D0%BD%D1%8B%D0%B9_%D1%81%D1%83%D0%BF.jpg HTTP/1.1" 304 0
[2026-04-13 16:10:40,747] INFO django.server: "GET /media/recipes/9_%D0%A2%D0%B2%D0%BE%D1%80%D0%BE%D0%B3_%D1%81%D0%BE_%D1%81%D0%BC%D0%B5%D1%82%D0%B0%D0%BD%D0%BE%D0%B9.jpg HTTP/1.1" 304 0
[2026-04-13 16:10:40,747] WARNING django.server: "GET /media/diplom_1.jpg HTTP/1.1" 404 5321
[2026-04-13 16:10:41,419] INFO django.server: "POST /api/meal-plan/generate/ HTTP/1.1" 200 13217
[2026-04-13 16:10:41,426] WARNING django.request: Not Found: /media/diplom_1.jpg
[2026-04-13 16:10:41,427] WARNING django.server: "GET /media/diplom_1.jpg HTTP/1.1" 404 5321
[2026-04-13 16:10:46,382] INFO django.server: "POST /api/shopping-list/generate/ HTTP/1.1" 200 3985
[2026-04-13 16:11:50,831] INFO django.server: "POST /api/meal-plan/generate/ HTTP/1.1" 200 12411
[2026-04-13 16:11:50,838] INFO django.server: "GET /media/recipes/8_%D0%9E%D0%BC%D0%BB%D0%B5%D1%82.jpg HTTP/1.1" 304 0
[2026-04-13 16:11:50,838] INFO django.server: "GET /media/recipes/6_%D0%9E%D0%B2%D1%81%D1%8F%D0%BD%D0%BA%D0%B0_%D0%BD%D0%B0_%D0%BC%D0%BE%D0%BB%D0%BE%D0%BA%D0%B5.jpg HTTP/1.1" 304 0
[2026-04-13 16:11:50,838] INFO django.server: "GET /media/recipes/21_%D0%93%D0%BE%D1%80%D0%BE%D1%85%D0%BE%D0%B2%D1%8B%D0%B9_%D1%81%D1%83%D0%BF.jpg HTTP/1.1" 304 0
[2026-04-13 16:11:51,614] INFO django.server: "POST /api/meal-plan/generate/ HTTP/1.1" 200 13213
[2026-04-13 16:11:51,622] WARNING django.request: Not Found: /media/diplom_1.jpg
[2026-04-13 16:11:51,622] WARNING django.server: "GET /media/diplom_1.jpg HTTP/1.1" 404 5321
[2026-04-13 16:11:52,121] INFO django.server: "POST /api/meal-plan/generate/ HTTP/1.1" 200 11401
[2026-04-13 16:12:03,710] INFO django.server: "GET / HTTP/1.1" 200 5775
[2026-04-13 17:38:59,477] INFO django.utils.autoreload: Watching for file changes with StatReloader
[2026-04-13 17:39:02,568] INFO django.server: "GET / HTTP/1.1" 200 5775
[2026-04-13 17:39:02,647] INFO django.server: "GET /static/css/style.css HTTP/1.1" 304 0
[2026-04-13 17:39:02,647] INFO django.server: "GET /static/images/Diplom_6.png HTTP/1.1" 304 0
[2026-04-13 17:39:02,709] INFO django.server: "GET /static/images/background.jpg HTTP/1.1" 304 0
[2026-04-13 17:39:02,864] WARNING django.request: Not Found: /favicon.ico
[2026-04-13 17:39:02,866] WARNING django.server: "GET /favicon.ico HTTP/1.1" 404 5072
[2026-04-13 17:39:04,145] INFO django.server: "GET /meal-plan/ HTTP/1.1" 200 55430
[2026-04-13 17:39:08,667] INFO django.server: "GET /compose/ HTTP/1.1" 200 24636
[2026-04-13 17:39:22,964] WARNING django.request: Payment Required: /api/search_recipes/
[2026-04-13 17:39:22,964] WARNING django.server: "GET /api/search_recipes/?ingredients=%D1%80%D0%B8%D1%81+%2C+%D1%80%D1%8B%D0%B1%D0%B0&kitchen=japanese HTTP/1.1" 402 335
[2026-04-13 17:39:50,223] INFO django.server: "GET / HTTP/1.1" 200 5775
[2026-04-13 17:39:52,929] INFO django.server: "GET /recipe/3/ HTTP/1.1" 200 7382
[2026-04-13 17:39:52,968] WARNING django.request: Not Found: /media/Diplom_3.jpg
[2026-04-13 17:39:52,968] WARNING django.server: "GET /media/Diplom_3.jpg HTTP/1.1" 404 5321
[2026-04-13 17:40:01,844] INFO django.server: "GET / HTTP/1.1" 200 5775
[2026-04-13 17:40:02,904] INFO django.server: "GET /recipe/4/ HTTP/1.1" 200 6030
[2026-04-13 17:40:02,943] WARNING django.request: Not Found: /media/Diplom4.jpg
[2026-04-13 17:40:02,943] WARNING django.server: "GET /media/Diplom4.jpg HTTP/1.1" 404 5317
[2026-04-13 17:40:04,959] INFO django.server: "GET /recipe/1/ HTTP/1.1" 200 5546
[2026-04-13 17:40:05,001] WARNING django.request: Not Found: /media/diplom_1.jpg
[2026-04-13 17:40:05,001] WARNING django.server: "GET /media/diplom_1.jpg HTTP/1.1" 404 5321
[2026-04-13 17:40:08,330] INFO django.server: "GET /recipe/43/ HTTP/1.1" 200 6036
[2026-04-13 17:40:08,373] WARNING django.request: Not Found: /media/Diplom_6.png
[2026-04-13 17:40:08,373] WARNING django.server: "GET /media/Diplom_6.png HTTP/1.1" 404 5321
[2026-04-13 17:40:19,949] INFO django.server: "GET / HTTP/1.1" 200 5775
[2026-04-13 17:40:21,386] INFO django.server: "GET /recipe/2/ HTTP/1.1" 200 5243
[2026-04-13 17:40:21,435] WARNING django.request: Not Found: /media/Diplom_2.jpg
[2026-04-13 17:40:21,435] WARNING django.server: "GET /media/Diplom_2.jpg HTTP/1.1" 404 5321
[2026-04-13 17:40:57,485] INFO django.server: "GET / HTTP/1.1" 200 5775
[2026-04-13 17:41:02,549] INFO django.server: "GET /recipe/3/ HTTP/1.1" 200 7382
[2026-04-13 17:41:02,625] WARNING django.request: Not Found: /media/Diplom_3.jpg
[2026-04-13 17:41:02,625] WARNING django.server: "GET /media/Diplom_3.jpg HTTP/1.1" 404 5321
[2026-04-13 17:43:22,258] INFO django.server: "GET /recipe/3/ HTTP/1.1" 200 7382
[2026-04-13 17:43:22,294] WARNING django.request: Not Found: /media/Diplom_3.jpg
[2026-04-13 17:43:22,295] WARNING django.server: "GET /media/Diplom_3.jpg HTTP/1.1" 404 5321
[2026-04-13 17:43:28,681] INFO django.utils.autoreload: Watching for file changes with StatReloader
[2026-04-13 17:43:30,506] INFO django.server: "GET / HTTP/1.1" 200 5775
[2026-04-13 17:43:31,697] INFO django.server: "GET /recipe/3/ HTTP/1.1" 200 7382
[2026-04-13 17:43:31,736] WARNING django.request: Not Found: /media/Diplom_3.jpg
[2026-04-13 17:43:31,736] WARNING django.server: "GET /media/Diplom_3.jpg HTTP/1.1" 404 5321
[2026-04-13 17:48:34,855] INFO django.server: "GET / HTTP/1.1" 200 5775
[2026-04-13 17:48:35,657] INFO django.server: "GET /recipe/1/ HTTP/1.1" 200 5546
[2026-04-13 17:48:35,696] WARNING django.request: Not Found: /media/diplom_1.jpg
[2026-04-13 17:48:35,696] WARNING django.server: "GET /media/diplom_1.jpg HTTP/1.1" 404 5321
[2026-04-13 17:48:41,261] INFO django.utils.autoreload: C:\Users\Micie456\PycharmProjects\Diplom\diplom\mainapp\views.py changed, reloading.
[2026-04-13 17:48:41,749] INFO django.utils.autoreload: Watching for file changes with StatReloader
[2026-04-13 17:48:53,422] INFO django.utils.autoreload: Watching for file changes with StatReloader
[2026-04-13 17:55:37,418] INFO django.server: "GET /recipe/1/ HTTP/1.1" 200 5546
[2026-04-13 17:55:37,452] WARNING django.request: Not Found: /media/diplom_1.jpg
[2026-04-13 17:55:37,453] WARNING django.server: "GET /media/diplom_1.jpg HTTP/1.1" 404 5321
[2026-04-13 17:55:43,896] INFO django.utils.autoreload: Watching for file changes with StatReloader
[2026-04-13 17:55:45,284] INFO django.server: "GET / HTTP/1.1" 200 5775
[2026-04-13 17:55:46,575] INFO django.server: "GET /recipe/3/ HTTP/1.1" 200 7382
[2026-04-13 17:55:46,613] WARNING django.request: Not Found: /media/Diplom_3.jpg
[2026-04-13 17:55:46,613] WARNING django.server: "GET /media/Diplom_3.jpg HTTP/1.1" 404 5321
[2026-04-13 17:56:31,814] INFO django.server: "GET /meal-plan/ HTTP/1.1" 200 55430
[2026-04-13 17:56:32,818] INFO django.server: "GET / HTTP/1.1" 200 5775
[2026-04-13 17:56:33,267] INFO django.server: "GET /meal-plan/ HTTP/1.1" 200 55430
[2026-04-13 17:56:33,905] INFO django.server: "GET / HTTP/1.1" 200 5775
[2026-04-13 17:57:19,160] INFO django.server: "GET /recipe/1/ HTTP/1.1" 200 5546
[2026-04-13 17:57:19,200] WARNING django.request: Not Found: /media/diplom_1.jpg
[2026-04-13 17:57:19,200] WARNING django.server: "GET /media/diplom_1.jpg HTTP/1.1" 404 5321
[2026-04-13 17:57:25,035] INFO django.server: "GET / HTTP/1.1" 200 5775
[2026-04-14 14:44:13,566] INFO django.utils.autoreload: Watching for file changes with StatReloader
[2026-04-14 14:44:16,357] INFO django.server: "GET / HTTP/1.1" 200 5775
[2026-04-14 14:44:16,413] INFO django.server: "GET /static/images/Diplom4.jpg HTTP/1.1" 304 0
[2026-04-14 14:44:16,413] INFO django.server: "GET /static/images/diplom_1.jpg HTTP/1.1" 304 0
[2026-04-14 14:44:16,415] INFO django.server: "GET /static/css/style.css HTTP/1.1" 304 0
[2026-04-14 14:44:16,416] INFO django.server: "GET /static/images/Diplom_6.png HTTP/1.1" 304 0
[2026-04-14 14:44:16,416] INFO django.server: "GET /static/images/Diplom_3.jpg HTTP/1.1" 304 0
[2026-04-14 14:44:16,417] INFO django.server: "GET /static/images/Diplom_2.jpg HTTP/1.1" 304 0
[2026-04-14 14:44:16,421] INFO django.server: "GET /static/images/Diplom_5.png HTTP/1.1" 304 0
[2026-04-14 14:44:16,430] INFO django.server: "GET /static/images/background.jpg HTTP/1.1" 304 0
[2026-04-14 14:44:16,593] WARNING django.request: Not Found: /favicon.ico
[2026-04-14 14:44:16,594] WARNING django.server: "GET /favicon.ico HTTP/1.1" 404 5072
[2026-04-14 14:44:20,276] INFO django.server: "GET /recipe/4/ HTTP/1.1" 200 6030
[2026-04-14 14:44:20,305] WARNING django.request: Not Found: /media/Diplom4.jpg
[2026-04-14 14:44:20,306] WARNING django.server: "GET /media/Diplom4.jpg HTTP/1.1" 404 5317
[2026-04-14 14:44:32,347] INFO django.server: "GET / HTTP/1.1" 200 5775
[2026-04-14 14:44:35,055] INFO django.server: "GET /compose/ HTTP/1.1" 200 24636
[2026-04-14 14:44:35,087] INFO django.server: "GET /media/ingridients/kokososovoe__moloko.png HTTP/1.1" 304 0
[2026-04-14 14:44:56,417] INFO django.server: "GET /api/search_recipes/?ingredients=%D1%80%D0%B8%D1%81%2C+%D1%80%D1%8B%D0%B1%D0%B0&kitchen=japanese HTTP/1.1" 200 12834
[2026-04-14 14:57:14,445] INFO django.utils.autoreload: Watching for file changes with StatReloader
[2026-04-14 14:57:17,519] INFO django.server: "GET / HTTP/1.1" 200 5775
[2026-04-14 14:57:20,639] INFO django.server: "GET /meal-plan/ HTTP/1.1" 200 55430
[2026-04-14 14:57:21,863] INFO django.server: "GET / HTTP/1.1" 200 5775
[2026-04-14 14:57:22,343] INFO django.server: "GET /compose/ HTTP/1.1" 200 24649
[2026-04-14 14:57:23,371] INFO django.server: "GET /static/images/soevy_souse.jpg HTTP/1.1" 304 0
[2026-04-14 14:57:23,371] INFO django.server: "GET /static/images/kokososovoemoloko.png HTTP/1.1" 304 0
[2026-04-14 14:57:23,372] INFO django.server: "GET /static/images/onion.png HTTP/1.1" 304 0
[2026-04-14 14:57:23,373] INFO django.server: "GET /static/images/imbir.png HTTP/1.1" 304 0
[2026-04-14 14:57:23,373] INFO django.server: "GET /static/images/rice.png HTTP/1.1" 304 0
[2026-04-14 14:57:23,374] INFO django.server: "GET /static/images/lime.jpg HTTP/1.1" 304 0
[2026-04-14 14:57:23,374] INFO django.server: "GET /static/images/kunzhut_maslo.jpg HTTP/1.1" 304 0
[2026-04-14 14:57:41,476] INFO django.server: "GET /api/search_recipes/?ingredients=%D1%80%D1%8B%D0%B1%D0%B0+%D1%80%D0%B8%D1%81&kitchen=japanese HTTP/1.1" 200 12834
[2026-04-14 14:57:43,094] INFO django.server: "GET /recipe/648506/ HTTP/1.1" 200 1514
[2026-04-14 14:57:47,690] INFO django.server: "GET / HTTP/1.1" 200 5775
[2026-04-14 14:57:48,757] INFO django.server: "GET /meal-plan/ HTTP/1.1" 200 55430
[2026-04-14 14:57:49,722] INFO django.server: "GET / HTTP/1.1" 200 5775
[2026-04-14 14:57:50,346] INFO django.server: "GET /compose/ HTTP/1.1" 200 24649
[2026-04-14 14:58:04,617] INFO django.server: "GET /api/search_recipes/?ingredients=%D1%80%D0%B8%D1%81+%D1%80%D1%8B%D0%B1%D0%B0&kitchen=japanese HTTP/1.1" 200 12834
[2026-04-14 14:58:05,336] INFO django.server: "GET /recipe/654430/ HTTP/1.1" 200 1514
[2026-04-14 14:58:06,408] INFO django.server: "GET / HTTP/1.1" 200 5775
[2026-04-14 14:58:07,239] INFO django.server: "GET /meal-plan/ HTTP/1.1" 200 55430
[2026-04-14 14:58:08,285] INFO django.server: "GET / HTTP/1.1" 200 5775
[2026-04-14 14:58:08,904] INFO django.server: "GET /compose/ HTTP/1.1" 200 24649
[2026-04-14 15:02:35,094] INFO django.utils.autoreload: C:\Users\Micie456\PycharmProjects\Diplom\diplom\mainapp\views.py changed, reloading.
[2026-04-14 15:02:35,563] INFO django.utils.autoreload: Watching for file changes with StatReloader
[2026-04-14 15:02:42,688] INFO django.utils.autoreload: C:\Users\Micie456\PycharmProjects\Diplom\diplom\mainapp\views.py changed, reloading.
[2026-04-14 15:02:43,164] INFO django.utils.autoreload: Watching for file changes with StatReloader
[2026-04-14 15:03:59,593] INFO django.utils.autoreload: Watching for file changes with StatReloader
[2026-04-14 15:04:01,776] INFO django.server: "GET / HTTP/1.1" 200 5775
[2026-04-14 15:04:03,108] INFO django.server: "GET /meal-plan/ HTTP/1.1" 200 55430
[2026-04-14 15:04:04,284] INFO django.server: "GET / HTTP/1.1" 200 5775
[2026-04-14 15:04:04,680] INFO django.server: "GET /compose/ HTTP/1.1" 200 24649
[2026-04-14 15:04:32,930] INFO django.server: "GET /api/search_recipes/?ingredients=%D1%80%D0%B8%D1%81+%D1%80%D1%8B%D0%B1%D0%B0&kitchen=japanese HTTP/1.1" 200 12734
[2026-04-14 15:04:34,706] INFO django.server: "GET /recipe/648506/ HTTP/1.1" 200 1514
[2026-04-14 15:04:36,023] INFO django.server: "GET / HTTP/1.1" 200 5775
[2026-04-14 15:04:37,221] INFO django.server: "GET /meal-plan/ HTTP/1.1" 200 55430
[2026-04-14 15:04:38,261] INFO django.server: "GET / HTTP/1.1" 200 5775
[2026-04-14 15:04:38,726] INFO django.server: "GET /compose/ HTTP/1.1" 200 24649
[2026-04-14 15:04:48,542] INFO django.server: "GET /api/search_recipes/?ingredients=%D1%80%D0%B8%D1%81+%D1%80%D1%8B%D0%B1%D0%B0&kitchen=japanese HTTP/1.1" 200 12834
[2026-04-14 15:04:51,247] INFO django.server: "GET /recipe/654430/ HTTP/1.1" 200 1514
[2026-04-14 15:04:59,855] INFO django.server: "GET / HTTP/1.1" 200 5775
[2026-04-14 15:05:02,384] INFO django.server: "GET /meal-plan/ HTTP/1.1" 200 55430
[2026-04-14 15:05:03,809] INFO django.server: "GET / HTTP/1.1" 200 5775
[2026-04-14 15:05:04,362] INFO django.server: "GET /compose/ HTTP/1.1" 200 24649
[2026-04-14 15:05:27,571] INFO django.server: "GET /api/search_recipes/?ingredients=%D1%80%D0%B8%D1%81+%D1%80%D1%8B%D0%B1%D0%B0&kitchen=japanese HTTP/1.1" 200 12834
[2026-04-14 15:05:30,233] INFO django.server: "GET /recipe/648506/ HTTP/1.1" 200 1514
[2026-04-14 15:05:41,810] INFO django.server: "GET / HTTP/1.1" 200 5775
[2026-04-14 15:06:43,490] INFO django.server: "GET /compose/ HTTP/1.1" 200 24649
[2026-04-14 15:07:21,701] INFO django.server: "GET /api/search_recipes/?ingredients=%D0%BA%D0%B0%D1%80%D1%82%D0%BE%D1%84%D0%B5%D0%BB%D1%8C+%D0%BC%D0%BE%D1%80%D0%BA%D0%BE%D0%B2%D1%8C&kitchen=eastern_european HTTP/1.1" 200 9366
[2026-04-14 15:07:26,181] INFO django.server: "GET /recipe/635686/ HTTP/1.1" 200 1514
[2026-04-14 15:08:28,948] INFO django.utils.autoreload: C:\Users\Micie456\PycharmProjects\Diplom\diplom\mainapp\views.py changed, reloading.
[2026-04-14 15:08:29,437] INFO django.utils.autoreload: Watching for file changes with StatReloader
[2026-04-14 15:09:39,276] INFO django.utils.autoreload: Watching for file changes with StatReloader
[2026-04-14 15:09:40,618] INFO django.server: "GET / HTTP/1.1" 200 5775
[2026-04-14 15:09:42,449] INFO django.server: "GET /compose/ HTTP/1.1" 200 24649
[2026-04-14 15:09:56,844] INFO django.server: "GET /api/search_recipes/?ingredients=%D1%80%D0%B8%D1%81+%D1%80%D1%8B%D0%B1%D0%B0&kitchen=japanese HTTP/1.1" 200 12834
[2026-04-14 15:10:21,265] ERROR django.request: Internal Server Error: /recipe/648506/
Traceback (most recent call last):
  File "C:\Users\Micie456\PycharmProjects\Diplom\.venv\Lib\site-packages\django\template\base.py", line 965, in _resolve_lookup
    current = current[bit]
              ~~~~~~~^^^^^
KeyError: 'unitshort'

During handling of the above exception, another exception occurred:

Traceback (most recent call last):
  File "C:\Users\Micie456\PycharmProjects\Diplom\.venv\Lib\site-packages\django\template\base.py", line 976, in _resolve_lookup
    current = getattr(current, bit)
              ^^^^^^^^^^^^^^^^^^^^^
AttributeError: 'dict' object has no attribute 'unitshort'

During handling of the above exception, another exception occurred:

Traceback (most recent call last):
  File "C:\Users\Micie456\PycharmProjects\Diplom\.venv\Lib\site-packages\django\template\base.py", line 982, in _resolve_lookup
    current = current[int(bit)]
                      ^^^^^^^^
ValueError: invalid literal for int() with base 10: 'unitshort'

During handling of the above exception, another exception occurred:

Traceback (most recent call last):
  File "C:\Users\Micie456\PycharmProjects\Diplom\.venv\Lib\site-packages\django\core\handlers\exception.py", line 55, in inner
    response = get_response(request)
               ^^^^^^^^^^^^^^^^^^^^^
  File "C:\Users\Micie456\PycharmProjects\Diplom\.venv\Lib\site-packages\django\core\handlers\base.py", line 198, in _get_response
    response = wrapped_callback(request, *callback_args, **callback_kwargs)
               ^^^^^^^^^^^^^^^^^^^^^^^^^^^^^^^^^^^^^^^^^^^^^^^^^^^^^^^^^^^^
  File "C:\Users\Micie456\PycharmProjects\Diplom\diplom\mainapp\views.py", line 115, in recipe_detail
    return render(request, 'recipe_detail.html', context)
           ^^^^^^^^^^^^^^^^^^^^^^^^^^^^^^^^^^^^^^^^^^^^^^
  File "C:\Users\Micie456\PycharmProjects\Diplom\.venv\Lib\site-packages\django\shortcuts.py", line 25, in render
    content = loader.render_to_string(template_name, context, request, using=using)
              ^^^^^^^^^^^^^^^^^^^^^^^^^^^^^^^^^^^^^^^^^^^^^^^^^^^^^^^^^^^^^^^^^^^^^
  File "C:\Users\Micie456\PycharmProjects\Diplom\.venv\Lib\site-packages\django\template\loader.py", line 62, in render_to_string
    return template.render(context, request)
           ^^^^^^^^^^^^^^^^^^^^^^^^^^^^^^^^^
  File "C:\Users\Micie456\PycharmProjects\Diplom\.venv\Lib\site-packages\django\template\backends\django.py", line 107, in render
    return self.template.render(context)
           ^^^^^^^^^^^^^^^^^^^^^^^^^^^^^
  File "C:\Users\Micie456\PycharmProjects\Diplom\.venv\Lib\site-packages\django\template\base.py", line 174, in render
    return self._render(context)
           ^^^^^^^^^^^^^^^^^^^^^
  File "C:\Users\Micie456\PycharmProjects\Diplom\.venv\Lib\site-packages\django\template\base.py", line 166, in _render
    return self.nodelist.render(context)
           ^^^^^^^^^^^^^^^^^^^^^^^^^^^^^
  File "C:\Users\Micie456\PycharmProjects\Diplom\.venv\Lib\site-packages\django\template\base.py", line 1091, in render
    return SafeString("".join([node.render_annotated(context) for node in self]))
                               ^^^^^^^^^^^^^^^^^^^^^^^^^^^^^^
  File "C:\Users\Micie456\PycharmProjects\Diplom\.venv\Lib\site-packages\django\template\base.py", line 1052, in render_annotated
    return self.render(context)
           ^^^^^^^^^^^^^^^^^^^^
  File "C:\Users\Micie456\PycharmProjects\Diplom\.venv\Lib\site-packages\django\template\defaulttags.py", line 333, in render
    return nodelist.render(context)
           ^^^^^^^^^^^^^^^^^^^^^^^^
  File "C:\Users\Micie456\PycharmProjects\Diplom\.venv\Lib\site-packages\django\template\base.py", line 1091, in render
    return SafeString("".join([node.render_annotated(context) for node in self]))
                               ^^^^^^^^^^^^^^^^^^^^^^^^^^^^^^
  File "C:\Users\Micie456\PycharmProjects\Diplom\.venv\Lib\site-packages\django\template\base.py", line 1052, in render_annotated
    return self.render(context)
           ^^^^^^^^^^^^^^^^^^^^
  File "C:\Users\Micie456\PycharmProjects\Diplom\.venv\Lib\site-packages\django\template\defaulttags.py", line 333, in render
    return nodelist.render(context)
           ^^^^^^^^^^^^^^^^^^^^^^^^
  File "C:\Users\Micie456\PycharmProjects\Diplom\.venv\Lib\site-packages\django\template\base.py", line 1091, in render
    return SafeString("".join([node.render_annotated(context) for node in self]))
                               ^^^^^^^^^^^^^^^^^^^^^^^^^^^^^^
  File "C:\Users\Micie456\PycharmProjects\Diplom\.venv\Lib\site-packages\django\template\base.py", line 1052, in render_annotated
    return self.render(context)
           ^^^^^^^^^^^^^^^^^^^^
  File "C:\Users\Micie456\PycharmProjects\Diplom\.venv\Lib\site-packages\django\template\defaulttags.py", line 249, in render
    nodelist.append(node.render_annotated(context))
                    ^^^^^^^^^^^^^^^^^^^^^^^^^^^^^^
  File "C:\Users\Micie456\PycharmProjects\Diplom\.venv\Lib\site-packages\django\template\base.py", line 1052, in render_annotated
    return self.render(context)
           ^^^^^^^^^^^^^^^^^^^^
  File "C:\Users\Micie456\PycharmProjects\Diplom\.venv\Lib\site-packages\django\template\base.py", line 1150, in render
    output = self.filter_expression.resolve(context)
             ^^^^^^^^^^^^^^^^^^^^^^^^^^^^^^^^^^^^^^^
  File "C:\Users\Micie456\PycharmProjects\Diplom\.venv\Lib\site-packages\django\template\base.py", line 809, in resolve
    arg_vals.append(arg.resolve(context))
                    ^^^^^^^^^^^^^^^^^^^^
  File "C:\Users\Micie456\PycharmProjects\Diplom\.venv\Lib\site-packages\django\template\base.py", line 928, in resolve
    value = self._resolve_lookup(context)
            ^^^^^^^^^^^^^^^^^^^^^^^^^^^^^
  File "C:\Users\Micie456\PycharmProjects\Diplom\.venv\Lib\site-packages\django\template\base.py", line 989, in _resolve_lookup
    raise VariableDoesNotExist(
django.template.base.VariableDoesNotExist: Failed lookup for key [unitshort] in {'amount': 1.0, 'unitShort': 'serving', 'unitLong': 'serving'}
[2026-04-14 15:10:21,271] INFO django.server: - Broken pipe from ('127.0.0.1', 51516)
[2026-04-14 15:10:21,596] ERROR django.request: Internal Server Error: /recipe/648506/
Traceback (most recent call last):
  File "C:\Users\Micie456\PycharmProjects\Diplom\.venv\Lib\site-packages\django\template\base.py", line 965, in _resolve_lookup
    current = current[bit]
              ~~~~~~~^^^^^
KeyError: 'unitshort'

During handling of the above exception, another exception occurred:

Traceback (most recent call last):
  File "C:\Users\Micie456\PycharmProjects\Diplom\.venv\Lib\site-packages\django\template\base.py", line 976, in _resolve_lookup
    current = getattr(current, bit)
              ^^^^^^^^^^^^^^^^^^^^^
AttributeError: 'dict' object has no attribute 'unitshort'

During handling of the above exception, another exception occurred:

Traceback (most recent call last):
  File "C:\Users\Micie456\PycharmProjects\Diplom\.venv\Lib\site-packages\django\template\base.py", line 982, in _resolve_lookup
    current = current[int(bit)]
                      ^^^^^^^^
ValueError: invalid literal for int() with base 10: 'unitshort'

During handling of the above exception, another exception occurred:

Traceback (most recent call last):
  File "C:\Users\Micie456\PycharmProjects\Diplom\.venv\Lib\site-packages\django\core\handlers\exception.py", line 55, in inner
    response = get_response(request)
               ^^^^^^^^^^^^^^^^^^^^^
  File "C:\Users\Micie456\PycharmProjects\Diplom\.venv\Lib\site-packages\django\core\handlers\base.py", line 198, in _get_response
    response = wrapped_callback(request, *callback_args, **callback_kwargs)
               ^^^^^^^^^^^^^^^^^^^^^^^^^^^^^^^^^^^^^^^^^^^^^^^^^^^^^^^^^^^^
  File "C:\Users\Micie456\PycharmProjects\Diplom\diplom\mainapp\views.py", line 115, in recipe_detail
    return render(request, 'recipe_detail.html', context)
           ^^^^^^^^^^^^^^^^^^^^^^^^^^^^^^^^^^^^^^^^^^^^^^
  File "C:\Users\Micie456\PycharmProjects\Diplom\.venv\Lib\site-packages\django\shortcuts.py", line 25, in render
    content = loader.render_to_string(template_name, context, request, using=using)
              ^^^^^^^^^^^^^^^^^^^^^^^^^^^^^^^^^^^^^^^^^^^^^^^^^^^^^^^^^^^^^^^^^^^^^
  File "C:\Users\Micie456\PycharmProjects\Diplom\.venv\Lib\site-packages\django\template\loader.py", line 62, in render_to_string
    return template.render(context, request)
           ^^^^^^^^^^^^^^^^^^^^^^^^^^^^^^^^^
  File "C:\Users\Micie456\PycharmProjects\Diplom\.venv\Lib\site-packages\django\template\backends\django.py", line 107, in render
    return self.template.render(context)
           ^^^^^^^^^^^^^^^^^^^^^^^^^^^^^
  File "C:\Users\Micie456\PycharmProjects\Diplom\.venv\Lib\site-packages\django\template\base.py", line 174, in render
    return self._render(context)
           ^^^^^^^^^^^^^^^^^^^^^
  File "C:\Users\Micie456\PycharmProjects\Diplom\.venv\Lib\site-packages\django\template\base.py", line 166, in _render
    return self.nodelist.render(context)
           ^^^^^^^^^^^^^^^^^^^^^^^^^^^^^
  File "C:\Users\Micie456\PycharmProjects\Diplom\.venv\Lib\site-packages\django\template\base.py", line 1091, in render
    return SafeString("".join([node.render_annotated(context) for node in self]))
                               ^^^^^^^^^^^^^^^^^^^^^^^^^^^^^^
  File "C:\Users\Micie456\PycharmProjects\Diplom\.venv\Lib\site-packages\django\template\base.py", line 1052, in render_annotated
    return self.render(context)
           ^^^^^^^^^^^^^^^^^^^^
  File "C:\Users\Micie456\PycharmProjects\Diplom\.venv\Lib\site-packages\django\template\defaulttags.py", line 333, in render
    return nodelist.render(context)
           ^^^^^^^^^^^^^^^^^^^^^^^^
  File "C:\Users\Micie456\PycharmProjects\Diplom\.venv\Lib\site-packages\django\template\base.py", line 1091, in render
    return SafeString("".join([node.render_annotated(context) for node in self]))
                               ^^^^^^^^^^^^^^^^^^^^^^^^^^^^^^
  File "C:\Users\Micie456\PycharmProjects\Diplom\.venv\Lib\site-packages\django\template\base.py", line 1052, in render_annotated
    return self.render(context)
           ^^^^^^^^^^^^^^^^^^^^
  File "C:\Users\Micie456\PycharmProjects\Diplom\.venv\Lib\site-packages\django\template\defaulttags.py", line 333, in render
    return nodelist.render(context)
           ^^^^^^^^^^^^^^^^^^^^^^^^
  File "C:\Users\Micie456\PycharmProjects\Diplom\.venv\Lib\site-packages\django\template\base.py", line 1091, in render
    return SafeString("".join([node.render_annotated(context) for node in self]))
                               ^^^^^^^^^^^^^^^^^^^^^^^^^^^^^^
  File "C:\Users\Micie456\PycharmProjects\Diplom\.venv\Lib\site-packages\django\template\base.py", line 1052, in render_annotated
    return self.render(context)
           ^^^^^^^^^^^^^^^^^^^^
  File "C:\Users\Micie456\PycharmProjects\Diplom\.venv\Lib\site-packages\django\template\defaulttags.py", line 249, in render
    nodelist.append(node.render_annotated(context))
                    ^^^^^^^^^^^^^^^^^^^^^^^^^^^^^^
  File "C:\Users\Micie456\PycharmProjects\Diplom\.venv\Lib\site-packages\django\template\base.py", line 1052, in render_annotated
    return self.render(context)
           ^^^^^^^^^^^^^^^^^^^^
  File "C:\Users\Micie456\PycharmProjects\Diplom\.venv\Lib\site-packages\django\template\base.py", line 1150, in render
    output = self.filter_expression.resolve(context)
             ^^^^^^^^^^^^^^^^^^^^^^^^^^^^^^^^^^^^^^^
  File "C:\Users\Micie456\PycharmProjects\Diplom\.venv\Lib\site-packages\django\template\base.py", line 809, in resolve
    arg_vals.append(arg.resolve(context))
                    ^^^^^^^^^^^^^^^^^^^^
  File "C:\Users\Micie456\PycharmProjects\Diplom\.venv\Lib\site-packages\django\template\base.py", line 928, in resolve
    value = self._resolve_lookup(context)
            ^^^^^^^^^^^^^^^^^^^^^^^^^^^^^
  File "C:\Users\Micie456\PycharmProjects\Diplom\.venv\Lib\site-packages\django\template\base.py", line 989, in _resolve_lookup
    raise VariableDoesNotExist(
django.template.base.VariableDoesNotExist: Failed lookup for key [unitshort] in {'amount': 1.0, 'unitShort': 'serving', 'unitLong': 'serving'}
[2026-04-14 15:10:21,597] ERROR django.request: Internal Server Error: /recipe/648506/
Traceback (most recent call last):
  File "C:\Users\Micie456\PycharmProjects\Diplom\.venv\Lib\site-packages\django\template\base.py", line 965, in _resolve_lookup
    current = current[bit]
              ~~~~~~~^^^^^
KeyError: 'unitshort'

During handling of the above exception, another exception occurred:

Traceback (most recent call last):
  File "C:\Users\Micie456\PycharmProjects\Diplom\.venv\Lib\site-packages\django\template\base.py", line 976, in _resolve_lookup
    current = getattr(current, bit)
              ^^^^^^^^^^^^^^^^^^^^^
AttributeError: 'dict' object has no attribute 'unitshort'

During handling of the above exception, another exception occurred:

Traceback (most recent call last):
  File "C:\Users\Micie456\PycharmProjects\Diplom\.venv\Lib\site-packages\django\template\base.py", line 982, in _resolve_lookup
    current = current[int(bit)]
                      ^^^^^^^^
ValueError: invalid literal for int() with base 10: 'unitshort'

During handling of the above exception, another exception occurred:

Traceback (most recent call last):
  File "C:\Users\Micie456\PycharmProjects\Diplom\.venv\Lib\site-packages\django\core\handlers\exception.py", line 55, in inner
    response = get_response(request)
               ^^^^^^^^^^^^^^^^^^^^^
  File "C:\Users\Micie456\PycharmProjects\Diplom\.venv\Lib\site-packages\django\core\handlers\base.py", line 198, in _get_response
    response = wrapped_callback(request, *callback_args, **callback_kwargs)
               ^^^^^^^^^^^^^^^^^^^^^^^^^^^^^^^^^^^^^^^^^^^^^^^^^^^^^^^^^^^^
  File "C:\Users\Micie456\PycharmProjects\Diplom\diplom\mainapp\views.py", line 115, in recipe_detail
    return render(request, 'recipe_detail.html', context)
           ^^^^^^^^^^^^^^^^^^^^^^^^^^^^^^^^^^^^^^^^^^^^^^
  File "C:\Users\Micie456\PycharmProjects\Diplom\.venv\Lib\site-packages\django\shortcuts.py", line 25, in render
    content = loader.render_to_string(template_name, context, request, using=using)
              ^^^^^^^^^^^^^^^^^^^^^^^^^^^^^^^^^^^^^^^^^^^^^^^^^^^^^^^^^^^^^^^^^^^^^
  File "C:\Users\Micie456\PycharmProjects\Diplom\.venv\Lib\site-packages\django\template\loader.py", line 62, in render_to_string
    return template.render(context, request)
           ^^^^^^^^^^^^^^^^^^^^^^^^^^^^^^^^^
  File "C:\Users\Micie456\PycharmProjects\Diplom\.venv\Lib\site-packages\django\template\backends\django.py", line 107, in render
    return self.template.render(context)
           ^^^^^^^^^^^^^^^^^^^^^^^^^^^^^
  File "C:\Users\Micie456\PycharmProjects\Diplom\.venv\Lib\site-packages\django\template\base.py", line 174, in render
    return self._render(context)
           ^^^^^^^^^^^^^^^^^^^^^
  File "C:\Users\Micie456\PycharmProjects\Diplom\.venv\Lib\site-packages\django\template\base.py", line 166, in _render
    return self.nodelist.render(context)
           ^^^^^^^^^^^^^^^^^^^^^^^^^^^^^
  File "C:\Users\Micie456\PycharmProjects\Diplom\.venv\Lib\site-packages\django\template\base.py", line 1091, in render
    return SafeString("".join([node.render_annotated(context) for node in self]))
                               ^^^^^^^^^^^^^^^^^^^^^^^^^^^^^^
  File "C:\Users\Micie456\PycharmProjects\Diplom\.venv\Lib\site-packages\django\template\base.py", line 1052, in render_annotated
    return self.render(context)
           ^^^^^^^^^^^^^^^^^^^^
  File "C:\Users\Micie456\PycharmProjects\Diplom\.venv\Lib\site-packages\django\template\defaulttags.py", line 333, in render
    return nodelist.render(context)
           ^^^^^^^^^^^^^^^^^^^^^^^^
  File "C:\Users\Micie456\PycharmProjects\Diplom\.venv\Lib\site-packages\django\template\base.py", line 1091, in render
    return SafeString("".join([node.render_annotated(context) for node in self]))
                               ^^^^^^^^^^^^^^^^^^^^^^^^^^^^^^
  File "C:\Users\Micie456\PycharmProjects\Diplom\.venv\Lib\site-packages\django\template\base.py", line 1052, in render_annotated
    return self.render(context)
           ^^^^^^^^^^^^^^^^^^^^
  File "C:\Users\Micie456\PycharmProjects\Diplom\.venv\Lib\site-packages\django\template\defaulttags.py", line 333, in render
    return nodelist.render(context)
           ^^^^^^^^^^^^^^^^^^^^^^^^
  File "C:\Users\Micie456\PycharmProjects\Diplom\.venv\Lib\site-packages\django\template\base.py", line 1091, in render
    return SafeString("".join([node.render_annotated(context) for node in self]))
                               ^^^^^^^^^^^^^^^^^^^^^^^^^^^^^^
  File "C:\Users\Micie456\PycharmProjects\Diplom\.venv\Lib\site-packages\django\template\base.py", line 1052, in render_annotated
    return self.render(context)
           ^^^^^^^^^^^^^^^^^^^^
  File "C:\Users\Micie456\PycharmProjects\Diplom\.venv\Lib\site-packages\django\template\defaulttags.py", line 249, in render
    nodelist.append(node.render_annotated(context))
                    ^^^^^^^^^^^^^^^^^^^^^^^^^^^^^^
  File "C:\Users\Micie456\PycharmProjects\Diplom\.venv\Lib\site-packages\django\template\base.py", line 1052, in render_annotated
    return self.render(context)
           ^^^^^^^^^^^^^^^^^^^^
  File "C:\Users\Micie456\PycharmProjects\Diplom\.venv\Lib\site-packages\django\template\base.py", line 1150, in render
    output = self.filter_expression.resolve(context)
             ^^^^^^^^^^^^^^^^^^^^^^^^^^^^^^^^^^^^^^^
  File "C:\Users\Micie456\PycharmProjects\Diplom\.venv\Lib\site-packages\django\template\base.py", line 809, in resolve
    arg_vals.append(arg.resolve(context))
                    ^^^^^^^^^^^^^^^^^^^^
  File "C:\Users\Micie456\PycharmProjects\Diplom\.venv\Lib\site-packages\django\template\base.py", line 928, in resolve
    value = self._resolve_lookup(context)
            ^^^^^^^^^^^^^^^^^^^^^^^^^^^^^
  File "C:\Users\Micie456\PycharmProjects\Diplom\.venv\Lib\site-packages\django\template\base.py", line 989, in _resolve_lookup
    raise VariableDoesNotExist(
django.template.base.VariableDoesNotExist: Failed lookup for key [unitshort] in {'amount': 1.0, 'unitShort': 'serving', 'unitLong': 'serving'}
[2026-04-14 15:10:21,599] ERROR django.server: "GET /recipe/648506/ HTTP/1.1" 500 358685
[2026-04-14 15:10:21,602] INFO django.server: - Broken pipe from ('127.0.0.1', 65356)
[2026-04-14 15:11:28,630] INFO django.utils.autoreload: Watching for file changes with StatReloader
[2026-04-14 15:11:30,058] INFO django.server: "GET / HTTP/1.1" 200 5775
[2026-04-14 15:11:31,355] INFO django.server: "GET /compose/ HTTP/1.1" 200 24649
[2026-04-14 15:11:42,258] INFO django.server: "GET /api/search_recipes/?ingredients=%D1%80%D0%B8%D1%81+%D1%80%D1%8B%D0%B1%D0%B0&kitchen=japanese HTTP/1.1" 200 12834
[2026-04-14 15:11:57,086] INFO django.server: "GET /recipe/648506/ HTTP/1.1" 200 21893
[2026-04-14 15:12:23,050] INFO django.server: "GET / HTTP/1.1" 200 5775
[2026-04-14 15:37:33,997] INFO django.utils.autoreload: Watching for file changes with StatReloader
[2026-04-14 15:37:36,864] INFO django.server: "GET / HTTP/1.1" 200 5775
[2026-04-14 15:37:40,739] INFO django.server: "GET /profile/ HTTP/1.1" 200 29
[2026-04-14 15:37:46,186] INFO django.server: "GET /admin/ HTTP/1.1" 200 17242
[2026-04-14 15:37:46,221] INFO django.server: "GET /static/admin/css/base.css HTTP/1.1" 304 0
[2026-04-14 15:37:46,221] INFO django.server: "GET /static/admin/css/dark_mode.css HTTP/1.1" 304 0
[2026-04-14 15:37:46,222] INFO django.server: "GET /static/admin/css/nav_sidebar.css HTTP/1.1" 304 0
[2026-04-14 15:37:46,223] INFO django.server: "GET /static/admin/css/dashboard.css HTTP/1.1" 304 0
[2026-04-14 15:37:46,223] INFO django.server: "GET /static/admin/css/responsive.css HTTP/1.1" 304 0
[2026-04-14 15:37:46,223] INFO django.server: "GET /static/admin/js/theme.js HTTP/1.1" 304 0
[2026-04-14 15:37:46,226] INFO django.server: "GET /static/admin/js/nav_sidebar.js HTTP/1.1" 304 0
[2026-04-14 15:37:46,231] INFO django.server: "GET /static/admin/img/icon-addlink.svg HTTP/1.1" 304 0
[2026-04-14 15:37:46,231] INFO django.server: "GET /static/admin/img/icon-changelink.svg HTTP/1.1" 304 0
[2026-04-14 15:37:46,231] INFO django.server: "GET /static/admin/img/icon-deletelink.svg HTTP/1.1" 304 0
[2026-04-14 15:37:48,096] INFO django.server: "GET /admin/auth/user/ HTTP/1.1" 200 18132
[2026-04-14 15:37:48,138] INFO django.server: "GET /static/admin/css/changelists.css HTTP/1.1" 304 0
[2026-04-14 15:37:48,139] INFO django.server: "GET /static/admin/js/vendor/jquery/jquery.js HTTP/1.1" 304 0
[2026-04-14 15:37:48,139] INFO django.server: "GET /static/admin/js/core.js HTTP/1.1" 304 0
[2026-04-14 15:37:48,140] INFO django.server: "GET /static/admin/js/jquery.init.js HTTP/1.1" 304 0
[2026-04-14 15:37:48,140] INFO django.server: "GET /static/admin/js/admin/RelatedObjectLookups.js HTTP/1.1" 304 0
[2026-04-14 15:37:48,142] INFO django.server: "GET /static/admin/js/actions.js HTTP/1.1" 304 0
[2026-04-14 15:37:48,142] INFO django.server: "GET /static/admin/js/urlify.js HTTP/1.1" 304 0
[2026-04-14 15:37:48,142] INFO django.server: "GET /static/admin/js/vendor/xregexp/xregexp.js HTTP/1.1" 304 0
[2026-04-14 15:37:48,143] INFO django.server: "GET /static/admin/js/prepopulate.js HTTP/1.1" 304 0
[2026-04-14 15:37:48,252] INFO django.server: "GET /static/admin/img/search.svg HTTP/1.1" 200 607
[2026-04-14 15:37:48,255] INFO django.server: "GET /static/admin/img/icon-yes.svg HTTP/1.1" 200 558
[2026-04-14 15:37:48,265] INFO django.server: "GET /static/admin/img/icon-no.svg HTTP/1.1" 200 645
[2026-04-14 15:37:48,268] INFO django.server: "GET /static/admin/js/filters.js HTTP/1.1" 304 0
[2026-04-14 15:37:48,318] INFO django.server: "GET /admin/jsi18n/ HTTP/1.1" 200 3342
[2026-04-14 15:37:48,337] INFO django.server: "GET /static/admin/img/tooltag-add.svg HTTP/1.1" 304 0
[2026-04-14 15:37:48,337] INFO django.server: "GET /static/admin/img/icon-viewlink.svg HTTP/1.1" 304 0
[2026-04-14 15:37:48,338] INFO django.server: "GET /static/admin/img/sorting-icons.svg HTTP/1.1" 200 1761
[2026-04-14 15:37:52,174] INFO django.server: "GET /admin/auth/user/1/change/ HTTP/1.1" 200 32226
[2026-04-14 15:37:52,214] INFO django.server: "GET /static/admin/css/forms.css HTTP/1.1" 304 0
[2026-04-14 15:37:52,216] INFO django.server: "GET /static/admin/js/SelectBox.js HTTP/1.1" 200 4530
[2026-04-14 15:37:52,218] INFO django.server: "GET /static/admin/css/widgets.css HTTP/1.1" 304 0
[2026-04-14 15:37:52,238] INFO django.server: "GET /static/admin/js/calendar.js HTTP/1.1" 200 9159
[2026-04-14 15:37:52,238] INFO django.server: "GET /static/admin/js/admin/DateTimeShortcuts.js HTTP/1.1" 200 19698
[2026-04-14 15:37:52,239] INFO django.server: "GET /static/admin/js/SelectFilter2.js HTTP/1.1" 200 16428
[2026-04-14 15:37:52,259] INFO django.server: "GET /admin/jsi18n/ HTTP/1.1" 200 3342
[2026-04-14 15:37:52,302] INFO django.server: "GET /static/admin/js/prepopulate_init.js HTTP/1.1" 304 0
[2026-04-14 15:37:52,303] INFO django.server: "GET /static/admin/js/change_form.js HTTP/1.1" 304 0
[2026-04-14 15:37:52,355] INFO django.server: "GET /static/admin/img/selector-icons.svg HTTP/1.1" 200 2387
[2026-04-14 15:37:52,355] INFO django.server: "GET /static/admin/img/icon-calendar.svg HTTP/1.1" 200 1112
[2026-04-14 15:37:52,355] INFO django.server: "GET /static/admin/img/icon-clock.svg HTTP/1.1" 200 805
[2026-04-14 15:37:54,396] INFO django.server: "POST /admin/logout/ HTTP/1.1" 200 3475
[2026-04-14 15:37:57,287] INFO django.server: "GET / HTTP/1.1" 200 5767
[2026-04-14 15:38:00,574] INFO django.server: "GET /login/ HTTP/1.1" 200 2075
[2026-04-14 15:38:03,076] INFO django.server: "GET /register/ HTTP/1.1" 200 2492
[2026-04-14 15:39:01,793] INFO django.server: "POST /login/ HTTP/1.1" 302 0
[2026-04-14 15:39:01,842] INFO django.server: "GET / HTTP/1.1" 200 5775
[2026-04-14 15:39:03,162] INFO django.server: "GET /profile/ HTTP/1.1" 200 29
[2026-04-14 15:39:08,244] INFO django.server: "GET /meal-plan/ HTTP/1.1" 200 55430
[2026-04-14 15:39:28,128] INFO django.server: "GET /meal-plan/ HTTP/1.1" 200 55430
[2026-04-14 15:39:56,945] INFO django.server: "GET / HTTP/1.1" 200 5775
[2026-04-14 15:39:58,433] INFO django.server: "GET /compose/ HTTP/1.1" 200 24649
[2026-04-14 15:40:14,240] INFO django.server: "GET /api/search_recipes/?ingredients=%D0%BA%D0%B0%D1%80%D1%82%D0%BE%D1%84%D0%B5%D0%BB%D1%8C+%D0%BC%D0%BE%D1%80%D0%BA%D0%BE%D0%B2%D1%8C&kitchen=eastern_european HTTP/1.1" 200 9366
[2026-04-14 15:40:40,244] INFO django.server: "GET /recipe/635686/ HTTP/1.1" 200 24421
[2026-04-14 15:42:26,374] INFO django.server: "GET / HTTP/1.1" 200 5775
[2026-04-14 15:42:28,385] INFO django.server: "GET /compose/ HTTP/1.1" 200 24649
[2026-04-14 15:43:01,198] INFO django.server: "GET /api/search_recipes/?ingredients=%D0%BA%D0%B0%D1%80%D1%82%D0%BE%D1%84%D0%B5%D0%BB%D1%8C&kitchen=eastern_european HTTP/1.1" 200 17260
[2026-04-14 15:43:22,652] INFO django.server: "GET /recipe/647661/ HTTP/1.1" 200 22597
[2026-04-14 15:43:53,505] INFO django.server: "GET /meal-plan/ HTTP/1.1" 200 55430
[2026-04-16 18:33:47,808] INFO django.utils.autoreload: Watching for file changes with StatReloader
[2026-04-16 18:33:50,067] INFO django.server: "GET / HTTP/1.1" 200 5775
[2026-04-16 18:33:50,275] INFO django.server: "GET /static/css/style.css HTTP/1.1" 200 11745
[2026-04-16 18:33:50,281] INFO django.server: "GET /static/images/Diplom_5.png HTTP/1.1" 200 175374
[2026-04-16 18:33:50,282] INFO django.server: "GET /static/images/Diplom_3.jpg HTTP/1.1" 200 16226
[2026-04-16 18:33:50,285] INFO django.server: "GET /static/images/Diplom4.jpg HTTP/1.1" 200 9632
[2026-04-16 18:33:50,287] INFO django.server: "GET /static/images/background.jpg HTTP/1.1" 200 162739
[2026-04-16 18:33:50,292] INFO django.server: "GET /static/images/Diplom_2.jpg HTTP/1.1" 200 13406
[2026-04-16 18:33:50,293] INFO django.server: "GET /static/images/diplom_1.jpg HTTP/1.1" 200 21609
[2026-04-16 18:33:50,354] INFO django.server: "GET /static/images/Diplom_6.png HTTP/1.1" 200 245054
[2026-04-16 18:33:53,359] INFO django.server: "GET /meal-plan/ HTTP/1.1" 200 55430
[2026-04-16 18:33:53,499] WARNING django.request: Not Found: /favicon.ico
[2026-04-16 18:33:53,499] WARNING django.server: "GET /favicon.ico HTTP/1.1" 404 5072
[2026-04-16 18:33:56,836] INFO django.server: "GET / HTTP/1.1" 200 5775
[2026-04-16 18:33:57,409] INFO django.server: "GET /compose/ HTTP/1.1" 200 24649
[2026-04-16 18:33:57,443] INFO django.server: "GET /media/ingridients/kokososovoe__moloko.png HTTP/1.1" 200 57958
[2026-04-16 18:34:00,858] INFO django.server: "GET /static/images/soevy_souse.jpg HTTP/1.1" 200 11883
[2026-04-16 18:34:00,859] INFO django.server: "GET /static/images/kunzhut_maslo.jpg HTTP/1.1" 200 29738
[2026-04-16 18:34:00,860] INFO django.server: "GET /static/images/kokososovoemoloko.png HTTP/1.1" 200 57958
[2026-04-16 18:34:00,882] INFO django.server: "GET /static/images/imbir.png HTTP/1.1" 200 8154
[2026-04-16 18:34:00,882] INFO django.server: "GET /static/images/onion.png HTTP/1.1" 200 3842
[2026-04-16 18:34:00,883] INFO django.server: "GET /static/images/rice.png HTTP/1.1" 200 82304
[2026-04-16 18:34:00,885] INFO django.server: "GET /static/images/lime.jpg HTTP/1.1" 200 2109765
[2026-04-16 18:36:06,647] INFO django.server: "GET /api/search_recipes/?ingredients=%D0%BA%D0%BE%D0%BA%D0%BE%D1%81%D0%BE%D0%B2%D0%BE%D0%B5+%D0%BC%D0%BE%D0%BB%D0%BE%D0%BA%D0%BE+%D0%BA%D1%80%D0%B5%D0%B2%D0%B5%D1%82%D0%BA%D0%B8&kitchen=asian HTTP/1.1" 200 29724
[2026-04-16 18:41:06,152] INFO django.server: "GET / HTTP/1.1" 200 5775
[2026-04-16 18:41:08,665] INFO django.server: "GET /recipe/3/ HTTP/1.1" 200 7382
[2026-04-16 18:41:08,695] WARNING django.request: Not Found: /media/Diplom_3.jpg
[2026-04-16 18:41:08,696] WARNING django.server: "GET /media/Diplom_3.jpg HTTP/1.1" 404 5321
[2026-04-16 18:41:15,637] INFO django.server: "GET /compose/ HTTP/1.1" 200 24649
[2026-04-16 18:41:57,136] INFO django.server: "GET /api/search_recipes/?ingredients=%D0%BA%D0%B0%D1%80%D1%82%D0%BE%D1%88%D0%BA%D0%B0+%D0%BC%D0%BE%D1%80%D0%BA%D0%BE%D0%B2%D1%8C&kitchen=eastern_european HTTP/1.1" 200 27455
[2026-04-16 18:42:09,262] INFO django.server: "GET /recipe/635686/ HTTP/1.1" 200 24589
[2026-04-16 19:11:34,218] INFO django.utils.autoreload: Watching for file changes with StatReloader
[2026-04-16 19:11:36,238] INFO django.server: "GET / HTTP/1.1" 200 5775
[2026-04-16 19:11:36,608] WARNING django.request: Not Found: /favicon.ico
[2026-04-16 19:11:36,608] WARNING django.server: "GET /favicon.ico HTTP/1.1" 404 5072
[2026-04-16 19:11:42,405] INFO django.server: "GET /recipe/3/ HTTP/1.1" 200 10944
[2026-04-16 19:13:12,278] INFO django.server: "GET / HTTP/1.1" 200 5775
[2026-04-16 19:13:12,976] INFO django.server: "GET /recipe/4/ HTTP/1.1" 200 10912
[2026-04-16 19:13:24,205] INFO django.server: "GET / HTTP/1.1" 200 5775
[2026-04-16 19:16:21,218] INFO django.utils.autoreload: C:\Users\Micie456\PycharmProjects\Diplom\diplom\mainapp\views.py changed, reloading.
[2026-04-16 19:16:21,779] INFO django.utils.autoreload: Watching for file changes with StatReloader
[2026-04-16 19:16:42,611] INFO django.utils.autoreload: Watching for file changes with StatReloader
[2026-04-16 19:16:44,480] INFO django.server: "GET / HTTP/1.1" 200 5775
[2026-04-16 19:16:46,505] ERROR django.request: Internal Server Error: /recipe/3/
Traceback (most recent call last):
  File "C:\Users\Micie456\PycharmProjects\Diplom\.venv\Lib\site-packages\django\template\base.py", line 964, in _resolve_lookup
    raise TypeError
TypeError

During handling of the above exception, another exception occurred:

Traceback (most recent call last):
  File "C:\Users\Micie456\PycharmProjects\Diplom\.venv\Lib\site-packages\django\template\base.py", line 976, in _resolve_lookup
    current = getattr(current, bit)
              ^^^^^^^^^^^^^^^^^^^^^
AttributeError: 'NoneType' object has no attribute 'id'

During handling of the above exception, another exception occurred:

Traceback (most recent call last):
  File "C:\Users\Micie456\PycharmProjects\Diplom\.venv\Lib\site-packages\django\template\base.py", line 982, in _resolve_lookup
    current = current[int(bit)]
                      ^^^^^^^^
ValueError: invalid literal for int() with base 10: 'id'

During handling of the above exception, another exception occurred:

Traceback (most recent call last):
  File "C:\Users\Micie456\PycharmProjects\Diplom\.venv\Lib\site-packages\django\core\handlers\exception.py", line 55, in inner
    response = get_response(request)
               ^^^^^^^^^^^^^^^^^^^^^
  File "C:\Users\Micie456\PycharmProjects\Diplom\.venv\Lib\site-packages\django\core\handlers\base.py", line 198, in _get_response
    response = wrapped_callback(request, *callback_args, **callback_kwargs)
               ^^^^^^^^^^^^^^^^^^^^^^^^^^^^^^^^^^^^^^^^^^^^^^^^^^^^^^^^^^^^
  File "C:\Users\Micie456\PycharmProjects\Diplom\diplom\mainapp\views.py", line 83, in recipe_detail
    return render(request, 'recipe_detail.html', context)
           ^^^^^^^^^^^^^^^^^^^^^^^^^^^^^^^^^^^^^^^^^^^^^^
  File "C:\Users\Micie456\PycharmProjects\Diplom\.venv\Lib\site-packages\django\shortcuts.py", line 25, in render
    content = loader.render_to_string(template_name, context, request, using=using)
              ^^^^^^^^^^^^^^^^^^^^^^^^^^^^^^^^^^^^^^^^^^^^^^^^^^^^^^^^^^^^^^^^^^^^^
  File "C:\Users\Micie456\PycharmProjects\Diplom\.venv\Lib\site-packages\django\template\loader.py", line 62, in render_to_string
    return template.render(context, request)
           ^^^^^^^^^^^^^^^^^^^^^^^^^^^^^^^^^
  File "C:\Users\Micie456\PycharmProjects\Diplom\.venv\Lib\site-packages\django\template\backends\django.py", line 107, in render
    return self.template.render(context)
           ^^^^^^^^^^^^^^^^^^^^^^^^^^^^^
  File "C:\Users\Micie456\PycharmProjects\Diplom\.venv\Lib\site-packages\django\template\base.py", line 174, in render
    return self._render(context)
           ^^^^^^^^^^^^^^^^^^^^^
  File "C:\Users\Micie456\PycharmProjects\Diplom\.venv\Lib\site-packages\django\template\base.py", line 166, in _render
    return self.nodelist.render(context)
           ^^^^^^^^^^^^^^^^^^^^^^^^^^^^^
  File "C:\Users\Micie456\PycharmProjects\Diplom\.venv\Lib\site-packages\django\template\base.py", line 1091, in render
    return SafeString("".join([node.render_annotated(context) for node in self]))
                               ^^^^^^^^^^^^^^^^^^^^^^^^^^^^^^
  File "C:\Users\Micie456\PycharmProjects\Diplom\.venv\Lib\site-packages\django\template\base.py", line 1052, in render_annotated
    return self.render(context)
           ^^^^^^^^^^^^^^^^^^^^
  File "C:\Users\Micie456\PycharmProjects\Diplom\.venv\Lib\site-packages\django\template\defaulttags.py", line 498, in render
    kwargs = {k: v.resolve(context) for k, v in self.kwargs.items()}
                 ^^^^^^^^^^^^^^^^^^
  File "C:\Users\Micie456\PycharmProjects\Diplom\.venv\Lib\site-packages\django\template\base.py", line 809, in resolve
    arg_vals.append(arg.resolve(context))
                    ^^^^^^^^^^^^^^^^^^^^
  File "C:\Users\Micie456\PycharmProjects\Diplom\.venv\Lib\site-packages\django\template\base.py", line 928, in resolve
    value = self._resolve_lookup(context)
            ^^^^^^^^^^^^^^^^^^^^^^^^^^^^^
  File "C:\Users\Micie456\PycharmProjects\Diplom\.venv\Lib\site-packages\django\template\base.py", line 989, in _resolve_lookup
    raise VariableDoesNotExist(
django.template.base.VariableDoesNotExist: Failed lookup for key [id] in None
[2026-04-16 19:16:46,509] ERROR django.server: "GET /recipe/3/ HTTP/1.1" 500 156087
[2026-04-16 19:44:00,231] INFO django.utils.autoreload: Watching for file changes with StatReloader
[2026-04-16 19:44:02,314] INFO django.server: "GET / HTTP/1.1" 200 5775
[2026-04-16 19:44:02,565] WARNING django.request: Not Found: /favicon.ico
[2026-04-16 19:44:02,566] WARNING django.server: "GET /favicon.ico HTTP/1.1" 404 5275
[2026-04-16 19:44:03,499] INFO django.server: "GET /recipe/3/ HTTP/1.1" 200 3472
[2026-04-16 19:44:03,536] WARNING django.request: Not Found: /media/Diplom_3.jpg
[2026-04-16 19:44:03,537] WARNING django.server: "GET /media/Diplom_3.jpg HTTP/1.1" 404 5524
[2026-04-16 19:45:04,641] INFO django.utils.autoreload: C:\Users\Micie456\PycharmProjects\Diplom\diplom\mainapp\views.py changed, reloading.
[2026-04-16 19:45:05,636] INFO django.utils.autoreload: Watching for file changes with StatReloader
[2026-04-16 19:45:09,630] INFO django.server: "GET / HTTP/1.1" 200 5775
[2026-04-16 19:45:12,149] INFO django.server: "GET /recipe/3/ HTTP/1.1" 200 3472
[2026-04-16 19:45:12,186] WARNING django.request: Not Found: /media/Diplom_3.jpg
[2026-04-16 19:45:12,186] WARNING django.server: "GET /media/Diplom_3.jpg HTTP/1.1" 404 5524
[2026-04-16 19:45:56,389] INFO django.utils.autoreload: C:\Users\Micie456\PycharmProjects\Diplom\diplom\mainapp\views.py changed, reloading.
[2026-04-16 19:45:56,965] INFO django.utils.autoreload: Watching for file changes with StatReloader
[2026-04-16 19:46:16,833] INFO django.server: "GET / HTTP/1.1" 200 5775
[2026-04-16 19:46:18,257] INFO django.server: "GET /recipe/3/ HTTP/1.1" 200 3472
[2026-04-16 19:46:18,299] WARNING django.request: Not Found: /media/Diplom_3.jpg
[2026-04-16 19:46:18,299] WARNING django.server: "GET /media/Diplom_3.jpg HTTP/1.1" 404 5524
[2026-04-16 19:47:17,391] INFO django.server: "GET / HTTP/1.1" 200 5775
[2026-04-16 19:47:18,575] INFO django.server: "GET /recipe/3/ HTTP/1.1" 200 3472
[2026-04-16 19:47:18,608] WARNING django.request: Not Found: /media/Diplom_3.jpg
[2026-04-16 19:47:18,609] WARNING django.server: "GET /media/Diplom_3.jpg HTTP/1.1" 404 5524
[2026-04-16 19:47:56,570] INFO django.server: "GET /recipe/3/ HTTP/1.1" 200 3472
[2026-04-16 19:47:56,603] WARNING django.request: Not Found: /media/Diplom_3.jpg
[2026-04-16 19:47:56,603] WARNING django.server: "GET /media/Diplom_3.jpg HTTP/1.1" 404 5524
[2026-04-16 19:47:56,646] INFO django.server: "GET /static/css/style.css HTTP/1.1" 200 11745
[2026-04-16 19:47:56,735] INFO django.server: "GET /static/images/background.jpg HTTP/1.1" 200 162739
[2026-04-16 19:47:56,748] WARNING django.request: Not Found: /favicon.ico
[2026-04-16 19:47:56,748] WARNING django.server: "GET /favicon.ico HTTP/1.1" 404 5275
[2026-04-16 19:48:04,300] ERROR django.request: Internal Server Error: /recipe/635686/
Traceback (most recent call last):
  File "C:\Users\Micie456\PycharmProjects\Diplom\.venv\Lib\site-packages\django\template\base.py", line 964, in _resolve_lookup
    raise TypeError
TypeError

During handling of the above exception, another exception occurred:

Traceback (most recent call last):
  File "C:\Users\Micie456\PycharmProjects\Diplom\.venv\Lib\site-packages\django\template\base.py", line 976, in _resolve_lookup
    current = getattr(current, bit)
              ^^^^^^^^^^^^^^^^^^^^^
AttributeError: 'NoneType' object has no attribute 'name'

During handling of the above exception, another exception occurred:

Traceback (most recent call last):
  File "C:\Users\Micie456\PycharmProjects\Diplom\.venv\Lib\site-packages\django\template\base.py", line 982, in _resolve_lookup
    current = current[int(bit)]
                      ^^^^^^^^
ValueError: invalid literal for int() with base 10: 'name'

During handling of the above exception, another exception occurred:

Traceback (most recent call last):
  File "C:\Users\Micie456\PycharmProjects\Diplom\.venv\Lib\site-packages\django\core\handlers\exception.py", line 55, in inner
    response = get_response(request)
               ^^^^^^^^^^^^^^^^^^^^^
  File "C:\Users\Micie456\PycharmProjects\Diplom\.venv\Lib\site-packages\django\core\handlers\base.py", line 198, in _get_response
    response = wrapped_callback(request, *callback_args, **callback_kwargs)
               ^^^^^^^^^^^^^^^^^^^^^^^^^^^^^^^^^^^^^^^^^^^^^^^^^^^^^^^^^^^^
  File "C:\Users\Micie456\PycharmProjects\Diplom\diplom\mainapp\views.py", line 130, in recipe_detail
    return render(request, 'recipe_detail.html', context)
           ^^^^^^^^^^^^^^^^^^^^^^^^^^^^^^^^^^^^^^^^^^^^^^
  File "C:\Users\Micie456\PycharmProjects\Diplom\.venv\Lib\site-packages\django\shortcuts.py", line 25, in render
    content = loader.render_to_string(template_name, context, request, using=using)
              ^^^^^^^^^^^^^^^^^^^^^^^^^^^^^^^^^^^^^^^^^^^^^^^^^^^^^^^^^^^^^^^^^^^^^
  File "C:\Users\Micie456\PycharmProjects\Diplom\.venv\Lib\site-packages\django\template\loader.py", line 62, in render_to_string
    return template.render(context, request)
           ^^^^^^^^^^^^^^^^^^^^^^^^^^^^^^^^^
  File "C:\Users\Micie456\PycharmProjects\Diplom\.venv\Lib\site-packages\django\template\backends\django.py", line 107, in render
    return self.template.render(context)
           ^^^^^^^^^^^^^^^^^^^^^^^^^^^^^
  File "C:\Users\Micie456\PycharmProjects\Diplom\.venv\Lib\site-packages\django\template\base.py", line 174, in render
    return self._render(context)
           ^^^^^^^^^^^^^^^^^^^^^
  File "C:\Users\Micie456\PycharmProjects\Diplom\.venv\Lib\site-packages\django\template\base.py", line 166, in _render
    return self.nodelist.render(context)
           ^^^^^^^^^^^^^^^^^^^^^^^^^^^^^
  File "C:\Users\Micie456\PycharmProjects\Diplom\.venv\Lib\site-packages\django\template\base.py", line 1091, in render
    return SafeString("".join([node.render_annotated(context) for node in self]))
                               ^^^^^^^^^^^^^^^^^^^^^^^^^^^^^^
  File "C:\Users\Micie456\PycharmProjects\Diplom\.venv\Lib\site-packages\django\template\base.py", line 1052, in render_annotated
    return self.render(context)
           ^^^^^^^^^^^^^^^^^^^^
  File "C:\Users\Micie456\PycharmProjects\Diplom\.venv\Lib\site-packages\django\template\base.py", line 1150, in render
    output = self.filter_expression.resolve(context)
             ^^^^^^^^^^^^^^^^^^^^^^^^^^^^^^^^^^^^^^^
  File "C:\Users\Micie456\PycharmProjects\Diplom\.venv\Lib\site-packages\django\template\base.py", line 809, in resolve
    arg_vals.append(arg.resolve(context))
                    ^^^^^^^^^^^^^^^^^^^^
  File "C:\Users\Micie456\PycharmProjects\Diplom\.venv\Lib\site-packages\django\template\base.py", line 928, in resolve
    value = self._resolve_lookup(context)
            ^^^^^^^^^^^^^^^^^^^^^^^^^^^^^
  File "C:\Users\Micie456\PycharmProjects\Diplom\.venv\Lib\site-packages\django\template\base.py", line 989, in _resolve_lookup
    raise VariableDoesNotExist(
django.template.base.VariableDoesNotExist: Failed lookup for key [name] in None
[2026-04-16 19:48:04,303] INFO django.server: - Broken pipe from ('127.0.0.1', 50267)
[2026-04-16 19:49:41,440] INFO django.utils.autoreload: Watching for file changes with StatReloader
[2026-04-16 19:49:43,191] INFO django.server: "GET / HTTP/1.1" 200 5775
[2026-04-16 19:49:44,714] INFO django.server: "GET /recipe/1/ HTTP/1.1" 200 5073
[2026-04-16 19:49:44,759] WARNING django.request: Not Found: /media/diplom_1.jpg
[2026-04-16 19:49:44,759] WARNING django.server: "GET /media/diplom_1.jpg HTTP/1.1" 404 5524
[2026-04-16 19:49:52,067] ERROR django.request: Internal Server Error: /recipe/1/cooking/
Traceback (most recent call last):
  File "C:\Users\Micie456\PycharmProjects\Diplom\.venv\Lib\site-packages\django\template\base.py", line 964, in _resolve_lookup
    raise TypeError
TypeError

During handling of the above exception, another exception occurred:

Traceback (most recent call last):
  File "C:\Users\Micie456\PycharmProjects\Diplom\.venv\Lib\site-packages\django\template\base.py", line 976, in _resolve_lookup
    current = getattr(current, bit)
              ^^^^^^^^^^^^^^^^^^^^^
AttributeError: 'NoneType' object has no attribute 'title'

During handling of the above exception, another exception occurred:

Traceback (most recent call last):
  File "C:\Users\Micie456\PycharmProjects\Diplom\.venv\Lib\site-packages\django\template\base.py", line 982, in _resolve_lookup
    current = current[int(bit)]
                      ^^^^^^^^
ValueError: invalid literal for int() with base 10: 'title'

During handling of the above exception, another exception occurred:

Traceback (most recent call last):
  File "C:\Users\Micie456\PycharmProjects\Diplom\.venv\Lib\site-packages\django\core\handlers\exception.py", line 55, in inner
    response = get_response(request)
               ^^^^^^^^^^^^^^^^^^^^^
  File "C:\Users\Micie456\PycharmProjects\Diplom\.venv\Lib\site-packages\django\core\handlers\base.py", line 198, in _get_response
    response = wrapped_callback(request, *callback_args, **callback_kwargs)
               ^^^^^^^^^^^^^^^^^^^^^^^^^^^^^^^^^^^^^^^^^^^^^^^^^^^^^^^^^^^^
  File "C:\Users\Micie456\PycharmProjects\Diplom\diplom\mainapp\views.py", line 194, in recipe_cooking
    return render(request, 'recipe_cooking.html', context)
           ^^^^^^^^^^^^^^^^^^^^^^^^^^^^^^^^^^^^^^^^^^^^^^^
  File "C:\Users\Micie456\PycharmProjects\Diplom\.venv\Lib\site-packages\django\shortcuts.py", line 25, in render
    content = loader.render_to_string(template_name, context, request, using=using)
              ^^^^^^^^^^^^^^^^^^^^^^^^^^^^^^^^^^^^^^^^^^^^^^^^^^^^^^^^^^^^^^^^^^^^^
  File "C:\Users\Micie456\PycharmProjects\Diplom\.venv\Lib\site-packages\django\template\loader.py", line 62, in render_to_string
    return template.render(context, request)
           ^^^^^^^^^^^^^^^^^^^^^^^^^^^^^^^^^
  File "C:\Users\Micie456\PycharmProjects\Diplom\.venv\Lib\site-packages\django\template\backends\django.py", line 107, in render
    return self.template.render(context)
           ^^^^^^^^^^^^^^^^^^^^^^^^^^^^^
  File "C:\Users\Micie456\PycharmProjects\Diplom\.venv\Lib\site-packages\django\template\base.py", line 174, in render
    return self._render(context)
           ^^^^^^^^^^^^^^^^^^^^^
  File "C:\Users\Micie456\PycharmProjects\Diplom\.venv\Lib\site-packages\django\template\base.py", line 166, in _render
    return self.nodelist.render(context)
           ^^^^^^^^^^^^^^^^^^^^^^^^^^^^^
  File "C:\Users\Micie456\PycharmProjects\Diplom\.venv\Lib\site-packages\django\template\base.py", line 1091, in render
    return SafeString("".join([node.render_annotated(context) for node in self]))
                               ^^^^^^^^^^^^^^^^^^^^^^^^^^^^^^
  File "C:\Users\Micie456\PycharmProjects\Diplom\.venv\Lib\site-packages\django\template\base.py", line 1052, in render_annotated
    return self.render(context)
           ^^^^^^^^^^^^^^^^^^^^
  File "C:\Users\Micie456\PycharmProjects\Diplom\.venv\Lib\site-packages\django\template\base.py", line 1150, in render
    output = self.filter_expression.resolve(context)
             ^^^^^^^^^^^^^^^^^^^^^^^^^^^^^^^^^^^^^^^
  File "C:\Users\Micie456\PycharmProjects\Diplom\.venv\Lib\site-packages\django\template\base.py", line 809, in resolve
    arg_vals.append(arg.resolve(context))
                    ^^^^^^^^^^^^^^^^^^^^
  File "C:\Users\Micie456\PycharmProjects\Diplom\.venv\Lib\site-packages\django\template\base.py", line 928, in resolve
    value = self._resolve_lookup(context)
            ^^^^^^^^^^^^^^^^^^^^^^^^^^^^^
  File "C:\Users\Micie456\PycharmProjects\Diplom\.venv\Lib\site-packages\django\template\base.py", line 989, in _resolve_lookup
    raise VariableDoesNotExist(
django.template.base.VariableDoesNotExist: Failed lookup for key [title] in None
[2026-04-16 19:49:52,070] ERROR django.server: "GET /recipe/1/cooking/ HTTP/1.1" 500 141088
[2026-04-16 19:51:23,012] ERROR django.request: Internal Server Error: /recipe/1/cooking/
Traceback (most recent call last):
  File "C:\Users\Micie456\PycharmProjects\Diplom\.venv\Lib\site-packages\django\template\base.py", line 964, in _resolve_lookup
    raise TypeError
TypeError

During handling of the above exception, another exception occurred:

Traceback (most recent call last):
  File "C:\Users\Micie456\PycharmProjects\Diplom\.venv\Lib\site-packages\django\template\base.py", line 976, in _resolve_lookup
    current = getattr(current, bit)
              ^^^^^^^^^^^^^^^^^^^^^
AttributeError: 'NoneType' object has no attribute 'title'

During handling of the above exception, another exception occurred:

Traceback (most recent call last):
  File "C:\Users\Micie456\PycharmProjects\Diplom\.venv\Lib\site-packages\django\template\base.py", line 982, in _resolve_lookup
    current = current[int(bit)]
                      ^^^^^^^^
ValueError: invalid literal for int() with base 10: 'title'

During handling of the above exception, another exception occurred:

Traceback (most recent call last):
  File "C:\Users\Micie456\PycharmProjects\Diplom\.venv\Lib\site-packages\django\core\handlers\exception.py", line 55, in inner
    response = get_response(request)
               ^^^^^^^^^^^^^^^^^^^^^
  File "C:\Users\Micie456\PycharmProjects\Diplom\.venv\Lib\site-packages\django\core\handlers\base.py", line 198, in _get_response
    response = wrapped_callback(request, *callback_args, **callback_kwargs)
               ^^^^^^^^^^^^^^^^^^^^^^^^^^^^^^^^^^^^^^^^^^^^^^^^^^^^^^^^^^^^
  File "C:\Users\Micie456\PycharmProjects\Diplom\diplom\mainapp\views.py", line 194, in recipe_cooking
    return render(request, 'recipe_cooking.html', context)
           ^^^^^^^^^^^^^^^^^^^^^^^^^^^^^^^^^^^^^^^^^^^^^^^
  File "C:\Users\Micie456\PycharmProjects\Diplom\.venv\Lib\site-packages\django\shortcuts.py", line 25, in render
    content = loader.render_to_string(template_name, context, request, using=using)
              ^^^^^^^^^^^^^^^^^^^^^^^^^^^^^^^^^^^^^^^^^^^^^^^^^^^^^^^^^^^^^^^^^^^^^
  File "C:\Users\Micie456\PycharmProjects\Diplom\.venv\Lib\site-packages\django\template\loader.py", line 62, in render_to_string
    return template.render(context, request)
           ^^^^^^^^^^^^^^^^^^^^^^^^^^^^^^^^^
  File "C:\Users\Micie456\PycharmProjects\Diplom\.venv\Lib\site-packages\django\template\backends\django.py", line 107, in render
    return self.template.render(context)
           ^^^^^^^^^^^^^^^^^^^^^^^^^^^^^
  File "C:\Users\Micie456\PycharmProjects\Diplom\.venv\Lib\site-packages\django\template\base.py", line 174, in render
    return self._render(context)
           ^^^^^^^^^^^^^^^^^^^^^
  File "C:\Users\Micie456\PycharmProjects\Diplom\.venv\Lib\site-packages\django\template\base.py", line 166, in _render
    return self.nodelist.render(context)
           ^^^^^^^^^^^^^^^^^^^^^^^^^^^^^
  File "C:\Users\Micie456\PycharmProjects\Diplom\.venv\Lib\site-packages\django\template\base.py", line 1091, in render
    return SafeString("".join([node.render_annotated(context) for node in self]))
                               ^^^^^^^^^^^^^^^^^^^^^^^^^^^^^^
  File "C:\Users\Micie456\PycharmProjects\Diplom\.venv\Lib\site-packages\django\template\base.py", line 1052, in render_annotated
    return self.render(context)
           ^^^^^^^^^^^^^^^^^^^^
  File "C:\Users\Micie456\PycharmProjects\Diplom\.venv\Lib\site-packages\django\template\base.py", line 1150, in render
    output = self.filter_expression.resolve(context)
             ^^^^^^^^^^^^^^^^^^^^^^^^^^^^^^^^^^^^^^^
  File "C:\Users\Micie456\PycharmProjects\Diplom\.venv\Lib\site-packages\django\template\base.py", line 809, in resolve
    arg_vals.append(arg.resolve(context))
                    ^^^^^^^^^^^^^^^^^^^^
  File "C:\Users\Micie456\PycharmProjects\Diplom\.venv\Lib\site-packages\django\template\base.py", line 928, in resolve
    value = self._resolve_lookup(context)
            ^^^^^^^^^^^^^^^^^^^^^^^^^^^^^
  File "C:\Users\Micie456\PycharmProjects\Diplom\.venv\Lib\site-packages\django\template\base.py", line 989, in _resolve_lookup
    raise VariableDoesNotExist(
django.template.base.VariableDoesNotExist: Failed lookup for key [title] in None
[2026-04-16 19:51:23,014] ERROR django.server: "GET /recipe/1/cooking/ HTTP/1.1" 500 141088
[2026-04-16 19:52:35,266] INFO django.utils.autoreload: C:\Users\Micie456\PycharmProjects\Diplom\diplom\mainapp\views.py changed, reloading.
[2026-04-16 19:52:35,892] INFO django.utils.autoreload: Watching for file changes with StatReloader
[2026-04-16 19:52:44,425] INFO django.utils.autoreload: Watching for file changes with StatReloader
[2026-04-16 19:54:56,478] INFO django.utils.autoreload: C:\Users\Micie456\PycharmProjects\Diplom\diplom\diplom\urls.py changed, reloading.
[2026-04-16 19:54:56,940] INFO django.utils.autoreload: Watching for file changes with StatReloader
[2026-04-16 19:54:58,670] INFO django.server: "GET / HTTP/1.1" 200 5775
[2026-04-16 19:55:00,674] ERROR django.request: Internal Server Error: /recipe/3/
Traceback (most recent call last):
  File "C:\Users\Micie456\PycharmProjects\Diplom\.venv\Lib\site-packages\django\core\handlers\exception.py", line 55, in inner
    response = get_response(request)
               ^^^^^^^^^^^^^^^^^^^^^
  File "C:\Users\Micie456\PycharmProjects\Diplom\.venv\Lib\site-packages\django\core\handlers\base.py", line 198, in _get_response
    response = wrapped_callback(request, *callback_args, **callback_kwargs)
               ^^^^^^^^^^^^^^^^^^^^^^^^^^^^^^^^^^^^^^^^^^^^^^^^^^^^^^^^^^^^
  File "C:\Users\Micie456\PycharmProjects\Diplom\diplom\mainapp\views.py", line 303, in recipe_detail
    return render(request, 'recipe_detail.html', context)
           ^^^^^^^^^^^^^^^^^^^^^^^^^^^^^^^^^^^^^^^^^^^^^^
  File "C:\Users\Micie456\PycharmProjects\Diplom\.venv\Lib\site-packages\django\shortcuts.py", line 25, in render
    content = loader.render_to_string(template_name, context, request, using=using)
              ^^^^^^^^^^^^^^^^^^^^^^^^^^^^^^^^^^^^^^^^^^^^^^^^^^^^^^^^^^^^^^^^^^^^^
  File "C:\Users\Micie456\PycharmProjects\Diplom\.venv\Lib\site-packages\django\template\loader.py", line 62, in render_to_string
    return template.render(context, request)
           ^^^^^^^^^^^^^^^^^^^^^^^^^^^^^^^^^
  File "C:\Users\Micie456\PycharmProjects\Diplom\.venv\Lib\site-packages\django\template\backends\django.py", line 107, in render
    return self.template.render(context)
           ^^^^^^^^^^^^^^^^^^^^^^^^^^^^^
  File "C:\Users\Micie456\PycharmProjects\Diplom\.venv\Lib\site-packages\django\template\base.py", line 174, in render
    return self._render(context)
           ^^^^^^^^^^^^^^^^^^^^^
  File "C:\Users\Micie456\PycharmProjects\Diplom\.venv\Lib\site-packages\django\template\base.py", line 166, in _render
    return self.nodelist.render(context)
           ^^^^^^^^^^^^^^^^^^^^^^^^^^^^^
  File "C:\Users\Micie456\PycharmProjects\Diplom\.venv\Lib\site-packages\django\template\base.py", line 1091, in render
    return SafeString("".join([node.render_annotated(context) for node in self]))
                               ^^^^^^^^^^^^^^^^^^^^^^^^^^^^^^
  File "C:\Users\Micie456\PycharmProjects\Diplom\.venv\Lib\site-packages\django\template\base.py", line 1052, in render_annotated
    return self.render(context)
           ^^^^^^^^^^^^^^^^^^^^
  File "C:\Users\Micie456\PycharmProjects\Diplom\.venv\Lib\site-packages\django\template\defaulttags.py", line 511, in render
    url = reverse(view_name, args=args, kwargs=kwargs, current_app=current_app)
          ^^^^^^^^^^^^^^^^^^^^^^^^^^^^^^^^^^^^^^^^^^^^^^^^^^^^^^^^^^^^^^^^^^^^^
  File "C:\Users\Micie456\PycharmProjects\Diplom\.venv\Lib\site-packages\django\urls\base.py", line 98, in reverse
    resolved_url = resolver._reverse_with_prefix(view, prefix, *args, **kwargs)
                   ^^^^^^^^^^^^^^^^^^^^^^^^^^^^^^^^^^^^^^^^^^^^^^^^^^^^^^^^^^^^
  File "C:\Users\Micie456\PycharmProjects\Diplom\.venv\Lib\site-packages\django\urls\resolvers.py", line 842, in _reverse_with_prefix
    raise NoReverseMatch(msg)
django.urls.exceptions.NoReverseMatch: Reverse for 'recipe_cooking' not found. 'recipe_cooking' is not a valid view function or pattern name.
[2026-04-16 19:55:00,677] ERROR django.server: "GET /recipe/3/ HTTP/1.1" 500 131012
[2026-04-16 19:55:51,287] INFO django.utils.autoreload: Watching for file changes with StatReloader
[2026-04-16 19:55:52,744] INFO django.server: "GET / HTTP/1.1" 200 5775
[2026-04-16 19:55:54,830] ERROR django.request: Internal Server Error: /recipe/3/
Traceback (most recent call last):
  File "C:\Users\Micie456\PycharmProjects\Diplom\.venv\Lib\site-packages\django\core\handlers\exception.py", line 55, in inner
    response = get_response(request)
               ^^^^^^^^^^^^^^^^^^^^^
  File "C:\Users\Micie456\PycharmProjects\Diplom\.venv\Lib\site-packages\django\core\handlers\base.py", line 198, in _get_response
    response = wrapped_callback(request, *callback_args, **callback_kwargs)
               ^^^^^^^^^^^^^^^^^^^^^^^^^^^^^^^^^^^^^^^^^^^^^^^^^^^^^^^^^^^^
  File "C:\Users\Micie456\PycharmProjects\Diplom\diplom\mainapp\views.py", line 303, in recipe_detail
    return render(request, 'recipe_detail.html', context)
           ^^^^^^^^^^^^^^^^^^^^^^^^^^^^^^^^^^^^^^^^^^^^^^
  File "C:\Users\Micie456\PycharmProjects\Diplom\.venv\Lib\site-packages\django\shortcuts.py", line 25, in render
    content = loader.render_to_string(template_name, context, request, using=using)
              ^^^^^^^^^^^^^^^^^^^^^^^^^^^^^^^^^^^^^^^^^^^^^^^^^^^^^^^^^^^^^^^^^^^^^
  File "C:\Users\Micie456\PycharmProjects\Diplom\.venv\Lib\site-packages\django\template\loader.py", line 62, in render_to_string
    return template.render(context, request)
           ^^^^^^^^^^^^^^^^^^^^^^^^^^^^^^^^^
  File "C:\Users\Micie456\PycharmProjects\Diplom\.venv\Lib\site-packages\django\template\backends\django.py", line 107, in render
    return self.template.render(context)
           ^^^^^^^^^^^^^^^^^^^^^^^^^^^^^
  File "C:\Users\Micie456\PycharmProjects\Diplom\.venv\Lib\site-packages\django\template\base.py", line 174, in render
    return self._render(context)
           ^^^^^^^^^^^^^^^^^^^^^
  File "C:\Users\Micie456\PycharmProjects\Diplom\.venv\Lib\site-packages\django\template\base.py", line 166, in _render
    return self.nodelist.render(context)
           ^^^^^^^^^^^^^^^^^^^^^^^^^^^^^
  File "C:\Users\Micie456\PycharmProjects\Diplom\.venv\Lib\site-packages\django\template\base.py", line 1091, in render
    return SafeString("".join([node.render_annotated(context) for node in self]))
                               ^^^^^^^^^^^^^^^^^^^^^^^^^^^^^^
  File "C:\Users\Micie456\PycharmProjects\Diplom\.venv\Lib\site-packages\django\template\base.py", line 1052, in render_annotated
    return self.render(context)
           ^^^^^^^^^^^^^^^^^^^^
  File "C:\Users\Micie456\PycharmProjects\Diplom\.venv\Lib\site-packages\django\template\defaulttags.py", line 511, in render
    url = reverse(view_name, args=args, kwargs=kwargs, current_app=current_app)
          ^^^^^^^^^^^^^^^^^^^^^^^^^^^^^^^^^^^^^^^^^^^^^^^^^^^^^^^^^^^^^^^^^^^^^
  File "C:\Users\Micie456\PycharmProjects\Diplom\.venv\Lib\site-packages\django\urls\base.py", line 98, in reverse
    resolved_url = resolver._reverse_with_prefix(view, prefix, *args, **kwargs)
                   ^^^^^^^^^^^^^^^^^^^^^^^^^^^^^^^^^^^^^^^^^^^^^^^^^^^^^^^^^^^^
  File "C:\Users\Micie456\PycharmProjects\Diplom\.venv\Lib\site-packages\django\urls\resolvers.py", line 842, in _reverse_with_prefix
    raise NoReverseMatch(msg)
django.urls.exceptions.NoReverseMatch: Reverse for 'recipe_cooking' not found. 'recipe_cooking' is not a valid view function or pattern name.
[2026-04-16 19:55:54,833] ERROR django.server: "GET /recipe/3/ HTTP/1.1" 500 131012
[2026-04-16 19:56:34,885] INFO django.utils.autoreload: C:\Users\Micie456\PycharmProjects\Diplom\diplom\mainapp\views.py changed, reloading.
[2026-04-16 19:56:35,537] INFO django.utils.autoreload: Watching for file changes with StatReloader
[2026-04-16 19:56:46,484] INFO django.server: "GET /compose/ HTTP/1.1" 200 24649
[2026-04-16 19:56:57,596] INFO django.utils.autoreload: C:\Users\Micie456\PycharmProjects\Diplom\diplom\mainapp\views.py changed, reloading.
[2026-04-16 19:56:58,327] INFO django.utils.autoreload: Watching for file changes with StatReloader
[2026-04-16 19:57:06,546] INFO django.server: "GET /api/search_recipes/?ingredients=%D0%BA%D0%B0%D1%80%D1%82%D0%BE%D1%84%D0%B5%D0%BB%D1%8C+%D0%BC%D0%BE%D1%80%D0%BA%D0%BE%D0%B2%D1%8C&kitchen=eastern_european HTTP/1.1" 200 9366
[2026-04-16 19:57:33,450] INFO django.utils.autoreload: Watching for file changes with StatReloader
[2026-04-16 19:57:36,162] INFO django.server: "GET / HTTP/1.1" 200 5775
[2026-04-16 19:57:39,394] ERROR django.request: Internal Server Error: /recipe/3/
Traceback (most recent call last):
  File "C:\Users\Micie456\PycharmProjects\Diplom\.venv\Lib\site-packages\django\core\handlers\exception.py", line 55, in inner
    response = get_response(request)
               ^^^^^^^^^^^^^^^^^^^^^
  File "C:\Users\Micie456\PycharmProjects\Diplom\.venv\Lib\site-packages\django\core\handlers\base.py", line 198, in _get_response
    response = wrapped_callback(request, *callback_args, **callback_kwargs)
               ^^^^^^^^^^^^^^^^^^^^^^^^^^^^^^^^^^^^^^^^^^^^^^^^^^^^^^^^^^^^
  File "C:\Users\Micie456\PycharmProjects\Diplom\diplom\mainapp\views.py", line 349, in recipe_detail
    return render(request, 'recipe_detail.html', context)
           ^^^^^^^^^^^^^^^^^^^^^^^^^^^^^^^^^^^^^^^^^^^^^^
  File "C:\Users\Micie456\PycharmProjects\Diplom\.venv\Lib\site-packages\django\shortcuts.py", line 25, in render
    content = loader.render_to_string(template_name, context, request, using=using)
              ^^^^^^^^^^^^^^^^^^^^^^^^^^^^^^^^^^^^^^^^^^^^^^^^^^^^^^^^^^^^^^^^^^^^^
  File "C:\Users\Micie456\PycharmProjects\Diplom\.venv\Lib\site-packages\django\template\loader.py", line 62, in render_to_string
    return template.render(context, request)
           ^^^^^^^^^^^^^^^^^^^^^^^^^^^^^^^^^
  File "C:\Users\Micie456\PycharmProjects\Diplom\.venv\Lib\site-packages\django\template\backends\django.py", line 107, in render
    return self.template.render(context)
           ^^^^^^^^^^^^^^^^^^^^^^^^^^^^^
  File "C:\Users\Micie456\PycharmProjects\Diplom\.venv\Lib\site-packages\django\template\base.py", line 174, in render
    return self._render(context)
           ^^^^^^^^^^^^^^^^^^^^^
  File "C:\Users\Micie456\PycharmProjects\Diplom\.venv\Lib\site-packages\django\template\base.py", line 166, in _render
    return self.nodelist.render(context)
           ^^^^^^^^^^^^^^^^^^^^^^^^^^^^^
  File "C:\Users\Micie456\PycharmProjects\Diplom\.venv\Lib\site-packages\django\template\base.py", line 1091, in render
    return SafeString("".join([node.render_annotated(context) for node in self]))
                               ^^^^^^^^^^^^^^^^^^^^^^^^^^^^^^
  File "C:\Users\Micie456\PycharmProjects\Diplom\.venv\Lib\site-packages\django\template\base.py", line 1052, in render_annotated
    return self.render(context)
           ^^^^^^^^^^^^^^^^^^^^
  File "C:\Users\Micie456\PycharmProjects\Diplom\.venv\Lib\site-packages\django\template\defaulttags.py", line 511, in render
    url = reverse(view_name, args=args, kwargs=kwargs, current_app=current_app)
          ^^^^^^^^^^^^^^^^^^^^^^^^^^^^^^^^^^^^^^^^^^^^^^^^^^^^^^^^^^^^^^^^^^^^^
  File "C:\Users\Micie456\PycharmProjects\Diplom\.venv\Lib\site-packages\django\urls\base.py", line 98, in reverse
    resolved_url = resolver._reverse_with_prefix(view, prefix, *args, **kwargs)
                   ^^^^^^^^^^^^^^^^^^^^^^^^^^^^^^^^^^^^^^^^^^^^^^^^^^^^^^^^^^^^
  File "C:\Users\Micie456\PycharmProjects\Diplom\.venv\Lib\site-packages\django\urls\resolvers.py", line 842, in _reverse_with_prefix
    raise NoReverseMatch(msg)
django.urls.exceptions.NoReverseMatch: Reverse for 'recipe_cooking' not found. 'recipe_cooking' is not a valid view function or pattern name.
[2026-04-16 19:57:39,399] ERROR django.server: "GET /recipe/3/ HTTP/1.1" 500 131049
[2026-04-16 19:59:07,514] INFO django.utils.autoreload: C:\Users\Micie456\PycharmProjects\Diplom\diplom\diplom\urls.py changed, reloading.
[2026-04-16 19:59:08,027] INFO django.utils.autoreload: Watching for file changes with StatReloader
[2026-04-16 20:05:17,923] ERROR django.request: Internal Server Error: /recipe/3/
Traceback (most recent call last):
  File "C:\Users\Micie456\PycharmProjects\Diplom\.venv\Lib\site-packages\django\core\handlers\exception.py", line 55, in inner
    response = get_response(request)
               ^^^^^^^^^^^^^^^^^^^^^
  File "C:\Users\Micie456\PycharmProjects\Diplom\.venv\Lib\site-packages\django\core\handlers\base.py", line 198, in _get_response
    response = wrapped_callback(request, *callback_args, **callback_kwargs)
               ^^^^^^^^^^^^^^^^^^^^^^^^^^^^^^^^^^^^^^^^^^^^^^^^^^^^^^^^^^^^
  File "C:\Users\Micie456\PycharmProjects\Diplom\diplom\mainapp\views.py", line 349, in recipe_detail
    return render(request, 'recipe_detail.html', context)
           ^^^^^^^^^^^^^^^^^^^^^^^^^^^^^^^^^^^^^^^^^^^^^^
  File "C:\Users\Micie456\PycharmProjects\Diplom\.venv\Lib\site-packages\django\shortcuts.py", line 25, in render
    content = loader.render_to_string(template_name, context, request, using=using)
              ^^^^^^^^^^^^^^^^^^^^^^^^^^^^^^^^^^^^^^^^^^^^^^^^^^^^^^^^^^^^^^^^^^^^^
  File "C:\Users\Micie456\PycharmProjects\Diplom\.venv\Lib\site-packages\django\template\loader.py", line 62, in render_to_string
    return template.render(context, request)
           ^^^^^^^^^^^^^^^^^^^^^^^^^^^^^^^^^
  File "C:\Users\Micie456\PycharmProjects\Diplom\.venv\Lib\site-packages\django\template\backends\django.py", line 107, in render
    return self.template.render(context)
           ^^^^^^^^^^^^^^^^^^^^^^^^^^^^^
  File "C:\Users\Micie456\PycharmProjects\Diplom\.venv\Lib\site-packages\django\template\base.py", line 174, in render
    return self._render(context)
           ^^^^^^^^^^^^^^^^^^^^^
  File "C:\Users\Micie456\PycharmProjects\Diplom\.venv\Lib\site-packages\django\template\base.py", line 166, in _render
    return self.nodelist.render(context)
           ^^^^^^^^^^^^^^^^^^^^^^^^^^^^^
  File "C:\Users\Micie456\PycharmProjects\Diplom\.venv\Lib\site-packages\django\template\base.py", line 1091, in render
    return SafeString("".join([node.render_annotated(context) for node in self]))
                               ^^^^^^^^^^^^^^^^^^^^^^^^^^^^^^
  File "C:\Users\Micie456\PycharmProjects\Diplom\.venv\Lib\site-packages\django\template\base.py", line 1052, in render_annotated
    return self.render(context)
           ^^^^^^^^^^^^^^^^^^^^
  File "C:\Users\Micie456\PycharmProjects\Diplom\.venv\Lib\site-packages\django\template\defaulttags.py", line 511, in render
    url = reverse(view_name, args=args, kwargs=kwargs, current_app=current_app)
          ^^^^^^^^^^^^^^^^^^^^^^^^^^^^^^^^^^^^^^^^^^^^^^^^^^^^^^^^^^^^^^^^^^^^^
  File "C:\Users\Micie456\PycharmProjects\Diplom\.venv\Lib\site-packages\django\urls\base.py", line 98, in reverse
    resolved_url = resolver._reverse_with_prefix(view, prefix, *args, **kwargs)
                   ^^^^^^^^^^^^^^^^^^^^^^^^^^^^^^^^^^^^^^^^^^^^^^^^^^^^^^^^^^^^
  File "C:\Users\Micie456\PycharmProjects\Diplom\.venv\Lib\site-packages\django\urls\resolvers.py", line 842, in _reverse_with_prefix
    raise NoReverseMatch(msg)
django.urls.exceptions.NoReverseMatch: Reverse for 'recipe_cooking' with arguments '('',)' not found. 1 pattern(s) tried: ['recipe/(?P<recipe_id>[^/]+)/cooking/\\Z']
[2026-04-16 20:05:17,926] ERROR django.server: "GET /recipe/3/ HTTP/1.1" 500 134367
[2026-04-16 20:05:39,696] INFO django.utils.autoreload: C:\Users\Micie456\PycharmProjects\Diplom\diplom\mainapp\views.py changed, reloading.
[2026-04-16 20:05:40,386] INFO django.utils.autoreload: Watching for file changes with StatReloader
[2026-04-16 20:05:44,502] INFO django.server: "GET / HTTP/1.1" 200 5775
[2026-04-16 20:05:45,554] INFO django.server: "GET /recipe/3/ HTTP/1.1" 200 9406
[2026-04-16 20:05:45,587] WARNING django.request: Not Found: /media/Diplom_3.jpg
[2026-04-16 20:05:45,588] WARNING django.server: "GET /media/Diplom_3.jpg HTTP/1.1" 404 5524
[2026-04-16 20:06:24,878] ERROR django.request: Internal Server Error: /recipe/3/cooking/
Traceback (most recent call last):
  File "C:\Users\Micie456\PycharmProjects\Diplom\.venv\Lib\site-packages\django\core\handlers\exception.py", line 55, in inner
    response = get_response(request)
               ^^^^^^^^^^^^^^^^^^^^^
  File "C:\Users\Micie456\PycharmProjects\Diplom\.venv\Lib\site-packages\django\core\handlers\base.py", line 198, in _get_response
    response = wrapped_callback(request, *callback_args, **callback_kwargs)
               ^^^^^^^^^^^^^^^^^^^^^^^^^^^^^^^^^^^^^^^^^^^^^^^^^^^^^^^^^^^^
  File "C:\Users\Micie456\PycharmProjects\Diplom\diplom\mainapp\views.py", line 635, in recipe_cooking
    return render(request, 'recipe_cooking.html', context)
           ^^^^^^^^^^^^^^^^^^^^^^^^^^^^^^^^^^^^^^^^^^^^^^^
  File "C:\Users\Micie456\PycharmProjects\Diplom\.venv\Lib\site-packages\django\shortcuts.py", line 25, in render
    content = loader.render_to_string(template_name, context, request, using=using)
              ^^^^^^^^^^^^^^^^^^^^^^^^^^^^^^^^^^^^^^^^^^^^^^^^^^^^^^^^^^^^^^^^^^^^^
  File "C:\Users\Micie456\PycharmProjects\Diplom\.venv\Lib\site-packages\django\template\loader.py", line 62, in render_to_string
    return template.render(context, request)
           ^^^^^^^^^^^^^^^^^^^^^^^^^^^^^^^^^
  File "C:\Users\Micie456\PycharmProjects\Diplom\.venv\Lib\site-packages\django\template\backends\django.py", line 107, in render
    return self.template.render(context)
           ^^^^^^^^^^^^^^^^^^^^^^^^^^^^^
  File "C:\Users\Micie456\PycharmProjects\Diplom\.venv\Lib\site-packages\django\template\base.py", line 174, in render
    return self._render(context)
           ^^^^^^^^^^^^^^^^^^^^^
  File "C:\Users\Micie456\PycharmProjects\Diplom\.venv\Lib\site-packages\django\template\base.py", line 166, in _render
    return self.nodelist.render(context)
           ^^^^^^^^^^^^^^^^^^^^^^^^^^^^^
  File "C:\Users\Micie456\PycharmProjects\Diplom\.venv\Lib\site-packages\django\template\base.py", line 1091, in render
    return SafeString("".join([node.render_annotated(context) for node in self]))
                               ^^^^^^^^^^^^^^^^^^^^^^^^^^^^^^
  File "C:\Users\Micie456\PycharmProjects\Diplom\.venv\Lib\site-packages\django\template\base.py", line 1052, in render_annotated
    return self.render(context)
           ^^^^^^^^^^^^^^^^^^^^
  File "C:\Users\Micie456\PycharmProjects\Diplom\.venv\Lib\site-packages\django\template\defaulttags.py", line 511, in render
    url = reverse(view_name, args=args, kwargs=kwargs, current_app=current_app)
          ^^^^^^^^^^^^^^^^^^^^^^^^^^^^^^^^^^^^^^^^^^^^^^^^^^^^^^^^^^^^^^^^^^^^^
  File "C:\Users\Micie456\PycharmProjects\Diplom\.venv\Lib\site-packages\django\urls\base.py", line 98, in reverse
    resolved_url = resolver._reverse_with_prefix(view, prefix, *args, **kwargs)
                   ^^^^^^^^^^^^^^^^^^^^^^^^^^^^^^^^^^^^^^^^^^^^^^^^^^^^^^^^^^^^
  File "C:\Users\Micie456\PycharmProjects\Diplom\.venv\Lib\site-packages\django\urls\resolvers.py", line 842, in _reverse_with_prefix
    raise NoReverseMatch(msg)
django.urls.exceptions.NoReverseMatch: Reverse for 'recipe_detail' with arguments '('',)' not found. 1 pattern(s) tried: ['recipe/(?P<recipe_id>[^/]+)/\\Z']
[2026-04-16 20:06:24,881] ERROR django.server: "GET /recipe/3/cooking/ HTTP/1.1" 500 134788
[2026-04-16 20:08:50,146] INFO django.server: "GET / HTTP/1.1" 200 5775
[2026-04-16 20:08:51,181] INFO django.server: "GET /recipe/3/ HTTP/1.1" 200 9563
[2026-04-16 20:08:51,218] WARNING django.request: Not Found: /media/Diplom_3.jpg
[2026-04-16 20:08:51,218] WARNING django.server: "GET /media/Diplom_3.jpg HTTP/1.1" 404 5524
[2026-04-16 20:08:53,820] ERROR django.request: Internal Server Error: /recipe/3/cooking/
Traceback (most recent call last):
  File "C:\Users\Micie456\PycharmProjects\Diplom\.venv\Lib\site-packages\django\core\handlers\exception.py", line 55, in inner
    response = get_response(request)
               ^^^^^^^^^^^^^^^^^^^^^
  File "C:\Users\Micie456\PycharmProjects\Diplom\.venv\Lib\site-packages\django\core\handlers\base.py", line 198, in _get_response
    response = wrapped_callback(request, *callback_args, **callback_kwargs)
               ^^^^^^^^^^^^^^^^^^^^^^^^^^^^^^^^^^^^^^^^^^^^^^^^^^^^^^^^^^^^
  File "C:\Users\Micie456\PycharmProjects\Diplom\diplom\mainapp\views.py", line 635, in recipe_cooking
    return render(request, 'recipe_cooking.html', context)
           ^^^^^^^^^^^^^^^^^^^^^^^^^^^^^^^^^^^^^^^^^^^^^^^
  File "C:\Users\Micie456\PycharmProjects\Diplom\.venv\Lib\site-packages\django\shortcuts.py", line 25, in render
    content = loader.render_to_string(template_name, context, request, using=using)
              ^^^^^^^^^^^^^^^^^^^^^^^^^^^^^^^^^^^^^^^^^^^^^^^^^^^^^^^^^^^^^^^^^^^^^
  File "C:\Users\Micie456\PycharmProjects\Diplom\.venv\Lib\site-packages\django\template\loader.py", line 62, in render_to_string
    return template.render(context, request)
           ^^^^^^^^^^^^^^^^^^^^^^^^^^^^^^^^^
  File "C:\Users\Micie456\PycharmProjects\Diplom\.venv\Lib\site-packages\django\template\backends\django.py", line 107, in render
    return self.template.render(context)
           ^^^^^^^^^^^^^^^^^^^^^^^^^^^^^
  File "C:\Users\Micie456\PycharmProjects\Diplom\.venv\Lib\site-packages\django\template\base.py", line 174, in render
    return self._render(context)
           ^^^^^^^^^^^^^^^^^^^^^
  File "C:\Users\Micie456\PycharmProjects\Diplom\.venv\Lib\site-packages\django\template\base.py", line 166, in _render
    return self.nodelist.render(context)
           ^^^^^^^^^^^^^^^^^^^^^^^^^^^^^
  File "C:\Users\Micie456\PycharmProjects\Diplom\.venv\Lib\site-packages\django\template\base.py", line 1091, in render
    return SafeString("".join([node.render_annotated(context) for node in self]))
                               ^^^^^^^^^^^^^^^^^^^^^^^^^^^^^^
  File "C:\Users\Micie456\PycharmProjects\Diplom\.venv\Lib\site-packages\django\template\base.py", line 1052, in render_annotated
    return self.render(context)
           ^^^^^^^^^^^^^^^^^^^^
  File "C:\Users\Micie456\PycharmProjects\Diplom\.venv\Lib\site-packages\django\template\defaulttags.py", line 511, in render
    url = reverse(view_name, args=args, kwargs=kwargs, current_app=current_app)
          ^^^^^^^^^^^^^^^^^^^^^^^^^^^^^^^^^^^^^^^^^^^^^^^^^^^^^^^^^^^^^^^^^^^^^
  File "C:\Users\Micie456\PycharmProjects\Diplom\.venv\Lib\site-packages\django\urls\base.py", line 98, in reverse
    resolved_url = resolver._reverse_with_prefix(view, prefix, *args, **kwargs)
                   ^^^^^^^^^^^^^^^^^^^^^^^^^^^^^^^^^^^^^^^^^^^^^^^^^^^^^^^^^^^^
  File "C:\Users\Micie456\PycharmProjects\Diplom\.venv\Lib\site-packages\django\urls\resolvers.py", line 842, in _reverse_with_prefix
    raise NoReverseMatch(msg)
django.urls.exceptions.NoReverseMatch: Reverse for 'recipe_detail' with arguments '('',)' not found. 1 pattern(s) tried: ['recipe/(?P<recipe_id>[^/]+)/\\Z']
[2026-04-16 20:08:53,821] ERROR django.server: "GET /recipe/3/cooking/ HTTP/1.1" 500 134788
[2026-04-16 20:08:58,610] INFO django.server: "GET /recipe/3/ HTTP/1.1" 200 9563
[2026-04-16 20:08:58,646] WARNING django.request: Not Found: /media/Diplom_3.jpg
[2026-04-16 20:08:58,646] WARNING django.server: "GET /media/Diplom_3.jpg HTTP/1.1" 404 5524
[2026-04-16 20:08:58,688] INFO django.server: "GET /static/css/style.css HTTP/1.1" 200 11745
[2026-04-16 20:08:58,813] INFO django.server: "GET /static/images/background.jpg HTTP/1.1" 200 162739
[2026-04-16 20:08:58,825] WARNING django.request: Not Found: /favicon.ico
[2026-04-16 20:08:58,826] WARNING django.server: "GET /favicon.ico HTTP/1.1" 404 5275
[2026-04-16 20:10:59,602] INFO django.utils.autoreload: Watching for file changes with StatReloader
[2026-04-16 20:11:00,990] INFO django.server: "GET / HTTP/1.1" 200 5775
[2026-04-16 20:11:01,956] INFO django.server: "GET /recipe/3/ HTTP/1.1" 200 2818
[2026-04-16 20:11:01,998] WARNING django.request: Not Found: /media/Diplom_3.jpg
[2026-04-16 20:11:01,998] WARNING django.server: "GET /media/Diplom_3.jpg HTTP/1.1" 404 5524
[2026-04-16 20:11:50,118] INFO django.server: "GET / HTTP/1.1" 200 5775
[2026-04-16 20:11:51,493] INFO django.server: "GET /recipe/3/ HTTP/1.1" 200 2818
[2026-04-16 20:11:51,529] WARNING django.request: Not Found: /media/Diplom_3.jpg
[2026-04-16 20:11:51,530] WARNING django.server: "GET /media/Diplom_3.jpg HTTP/1.1" 404 5524
[2026-04-16 20:11:53,972] INFO django.server: "GET /recipe/1/ HTTP/1.1" 200 2265
[2026-04-16 20:11:54,007] WARNING django.request: Not Found: /media/diplom_1.jpg
[2026-04-16 20:11:54,007] WARNING django.server: "GET /media/diplom_1.jpg HTTP/1.1" 404 5524
[2026-04-16 20:11:57,333] INFO django.server: "GET /recipe/5/ HTTP/1.1" 200 2233
[2026-04-16 20:11:57,369] WARNING django.request: Not Found: /media/Diplom_5.png
[2026-04-16 20:11:57,369] WARNING django.server: "GET /media/Diplom_5.png HTTP/1.1" 404 5524
[2026-04-16 20:12:00,277] INFO django.server: "GET /recipe/4/ HTTP/1.1" 200 2426
[2026-04-16 20:12:00,313] WARNING django.request: Not Found: /media/Diplom4.jpg
[2026-04-16 20:12:00,314] WARNING django.server: "GET /media/Diplom4.jpg HTTP/1.1" 404 5520
[2026-04-16 20:12:03,932] INFO django.server: "GET /recipe/43/ HTTP/1.1" 200 2593
[2026-04-16 20:12:03,970] WARNING django.request: Not Found: /media/Diplom_6.png
[2026-04-16 20:12:03,970] WARNING django.server: "GET /media/Diplom_6.png HTTP/1.1" 404 5524
[2026-04-16 20:13:11,177] INFO django.server: "GET /recipe/3/ HTTP/1.1" 200 2818
[2026-04-16 20:13:11,216] WARNING django.request: Not Found: /media/Diplom_3.jpg
[2026-04-16 20:13:11,217] WARNING django.server: "GET /media/Diplom_3.jpg HTTP/1.1" 404 5524
[2026-04-16 20:13:14,463] INFO django.server: "GET /recipe/4/ HTTP/1.1" 200 2426
[2026-04-16 20:13:14,513] WARNING django.request: Not Found: /media/Diplom4.jpg
[2026-04-16 20:13:14,531] WARNING django.server: "GET /media/Diplom4.jpg HTTP/1.1" 404 5520
[2026-04-16 20:13:17,321] INFO django.server: "GET /recipe/43/ HTTP/1.1" 200 2593
[2026-04-16 20:13:17,363] WARNING django.request: Not Found: /media/Diplom_6.png
[2026-04-16 20:13:17,364] WARNING django.server: "GET /media/Diplom_6.png HTTP/1.1" 404 5524
[2026-04-16 20:13:25,262] INFO django.server: "GET /profile/ HTTP/1.1" 200 29
[2026-04-16 20:13:26,798] INFO django.server: "GET /compose/ HTTP/1.1" 200 24649
[2026-04-16 20:13:54,326] INFO django.server: "GET /api/search_recipes/?ingredients=%D0%BA%D0%B0%D1%80%D1%82%D0%BE%D1%88%D0%BA%D0%B0+%D0%BC%D0%BE%D1%80%D0%BA%D0%BE%D0%B2%D1%8C&kitchen=eastern_european HTTP/1.1" 200 9366
[2026-04-16 20:14:13,094] ERROR django.request: Internal Server Error: /recipe/635686/
Traceback (most recent call last):
  File "C:\Users\Micie456\PycharmProjects\Diplom\.venv\Lib\site-packages\django\template\base.py", line 964, in _resolve_lookup
    raise TypeError
TypeError

During handling of the above exception, another exception occurred:

Traceback (most recent call last):
  File "C:\Users\Micie456\PycharmProjects\Diplom\.venv\Lib\site-packages\django\template\base.py", line 976, in _resolve_lookup
    current = getattr(current, bit)
              ^^^^^^^^^^^^^^^^^^^^^
AttributeError: 'NoneType' object has no attribute 'name'

During handling of the above exception, another exception occurred:

Traceback (most recent call last):
  File "C:\Users\Micie456\PycharmProjects\Diplom\.venv\Lib\site-packages\django\template\base.py", line 982, in _resolve_lookup
    current = current[int(bit)]
                      ^^^^^^^^
ValueError: invalid literal for int() with base 10: 'name'

During handling of the above exception, another exception occurred:

Traceback (most recent call last):
  File "C:\Users\Micie456\PycharmProjects\Diplom\.venv\Lib\site-packages\django\core\handlers\exception.py", line 55, in inner
    response = get_response(request)
               ^^^^^^^^^^^^^^^^^^^^^
  File "C:\Users\Micie456\PycharmProjects\Diplom\.venv\Lib\site-packages\django\core\handlers\base.py", line 198, in _get_response
    response = wrapped_callback(request, *callback_args, **callback_kwargs)
               ^^^^^^^^^^^^^^^^^^^^^^^^^^^^^^^^^^^^^^^^^^^^^^^^^^^^^^^^^^^^
  File "C:\Users\Micie456\PycharmProjects\Diplom\diplom\mainapp\views.py", line 350, in recipe_detail
    return render(request, 'recipe_detail.html', context)
           ^^^^^^^^^^^^^^^^^^^^^^^^^^^^^^^^^^^^^^^^^^^^^^
  File "C:\Users\Micie456\PycharmProjects\Diplom\.venv\Lib\site-packages\django\shortcuts.py", line 25, in render
    content = loader.render_to_string(template_name, context, request, using=using)
              ^^^^^^^^^^^^^^^^^^^^^^^^^^^^^^^^^^^^^^^^^^^^^^^^^^^^^^^^^^^^^^^^^^^^^
  File "C:\Users\Micie456\PycharmProjects\Diplom\.venv\Lib\site-packages\django\template\loader.py", line 62, in render_to_string
    return template.render(context, request)
           ^^^^^^^^^^^^^^^^^^^^^^^^^^^^^^^^^
  File "C:\Users\Micie456\PycharmProjects\Diplom\.venv\Lib\site-packages\django\template\backends\django.py", line 107, in render
    return self.template.render(context)
           ^^^^^^^^^^^^^^^^^^^^^^^^^^^^^
  File "C:\Users\Micie456\PycharmProjects\Diplom\.venv\Lib\site-packages\django\template\base.py", line 174, in render
    return self._render(context)
           ^^^^^^^^^^^^^^^^^^^^^
  File "C:\Users\Micie456\PycharmProjects\Diplom\.venv\Lib\site-packages\django\template\base.py", line 166, in _render
    return self.nodelist.render(context)
           ^^^^^^^^^^^^^^^^^^^^^^^^^^^^^
  File "C:\Users\Micie456\PycharmProjects\Diplom\.venv\Lib\site-packages\django\template\base.py", line 1091, in render
    return SafeString("".join([node.render_annotated(context) for node in self]))
                               ^^^^^^^^^^^^^^^^^^^^^^^^^^^^^^
  File "C:\Users\Micie456\PycharmProjects\Diplom\.venv\Lib\site-packages\django\template\base.py", line 1052, in render_annotated
    return self.render(context)
           ^^^^^^^^^^^^^^^^^^^^
  File "C:\Users\Micie456\PycharmProjects\Diplom\.venv\Lib\site-packages\django\template\base.py", line 1150, in render
    output = self.filter_expression.resolve(context)
             ^^^^^^^^^^^^^^^^^^^^^^^^^^^^^^^^^^^^^^^
  File "C:\Users\Micie456\PycharmProjects\Diplom\.venv\Lib\site-packages\django\template\base.py", line 809, in resolve
    arg_vals.append(arg.resolve(context))
                    ^^^^^^^^^^^^^^^^^^^^
  File "C:\Users\Micie456\PycharmProjects\Diplom\.venv\Lib\site-packages\django\template\base.py", line 928, in resolve
    value = self._resolve_lookup(context)
            ^^^^^^^^^^^^^^^^^^^^^^^^^^^^^
  File "C:\Users\Micie456\PycharmProjects\Diplom\.venv\Lib\site-packages\django\template\base.py", line 989, in _resolve_lookup
    raise VariableDoesNotExist(
django.template.base.VariableDoesNotExist: Failed lookup for key [name] in None
[2026-04-16 20:14:13,097] ERROR django.server: "GET /recipe/635686/ HTTP/1.1" 500 220736
[2026-04-16 20:14:20,005] INFO django.server: "GET /recipe/3/ HTTP/1.1" 200 2818
[2026-04-16 20:14:20,042] WARNING django.request: Not Found: /media/Diplom_3.jpg
[2026-04-16 20:14:20,042] WARNING django.server: "GET /media/Diplom_3.jpg HTTP/1.1" 404 5524
[2026-04-16 20:14:20,974] ERROR django.request: Internal Server Error: /recipe/3/cooking/
Traceback (most recent call last):
  File "C:\Users\Micie456\PycharmProjects\Diplom\.venv\Lib\site-packages\django\core\handlers\exception.py", line 55, in inner
    response = get_response(request)
               ^^^^^^^^^^^^^^^^^^^^^
  File "C:\Users\Micie456\PycharmProjects\Diplom\.venv\Lib\site-packages\django\core\handlers\base.py", line 198, in _get_response
    response = wrapped_callback(request, *callback_args, **callback_kwargs)
               ^^^^^^^^^^^^^^^^^^^^^^^^^^^^^^^^^^^^^^^^^^^^^^^^^^^^^^^^^^^^
  File "C:\Users\Micie456\PycharmProjects\Diplom\diplom\mainapp\views.py", line 635, in recipe_cooking
    return render(request, 'recipe_cooking.html', context)
           ^^^^^^^^^^^^^^^^^^^^^^^^^^^^^^^^^^^^^^^^^^^^^^^
  File "C:\Users\Micie456\PycharmProjects\Diplom\.venv\Lib\site-packages\django\shortcuts.py", line 25, in render
    content = loader.render_to_string(template_name, context, request, using=using)
              ^^^^^^^^^^^^^^^^^^^^^^^^^^^^^^^^^^^^^^^^^^^^^^^^^^^^^^^^^^^^^^^^^^^^^
  File "C:\Users\Micie456\PycharmProjects\Diplom\.venv\Lib\site-packages\django\template\loader.py", line 62, in render_to_string
    return template.render(context, request)
           ^^^^^^^^^^^^^^^^^^^^^^^^^^^^^^^^^
  File "C:\Users\Micie456\PycharmProjects\Diplom\.venv\Lib\site-packages\django\template\backends\django.py", line 107, in render
    return self.template.render(context)
           ^^^^^^^^^^^^^^^^^^^^^^^^^^^^^
  File "C:\Users\Micie456\PycharmProjects\Diplom\.venv\Lib\site-packages\django\template\base.py", line 174, in render
    return self._render(context)
           ^^^^^^^^^^^^^^^^^^^^^
  File "C:\Users\Micie456\PycharmProjects\Diplom\.venv\Lib\site-packages\django\template\base.py", line 166, in _render
    return self.nodelist.render(context)
           ^^^^^^^^^^^^^^^^^^^^^^^^^^^^^
  File "C:\Users\Micie456\PycharmProjects\Diplom\.venv\Lib\site-packages\django\template\base.py", line 1091, in render
    return SafeString("".join([node.render_annotated(context) for node in self]))
                               ^^^^^^^^^^^^^^^^^^^^^^^^^^^^^^
  File "C:\Users\Micie456\PycharmProjects\Diplom\.venv\Lib\site-packages\django\template\base.py", line 1052, in render_annotated
    return self.render(context)
           ^^^^^^^^^^^^^^^^^^^^
  File "C:\Users\Micie456\PycharmProjects\Diplom\.venv\Lib\site-packages\django\template\defaulttags.py", line 511, in render
    url = reverse(view_name, args=args, kwargs=kwargs, current_app=current_app)
          ^^^^^^^^^^^^^^^^^^^^^^^^^^^^^^^^^^^^^^^^^^^^^^^^^^^^^^^^^^^^^^^^^^^^^
  File "C:\Users\Micie456\PycharmProjects\Diplom\.venv\Lib\site-packages\django\urls\base.py", line 98, in reverse
    resolved_url = resolver._reverse_with_prefix(view, prefix, *args, **kwargs)
                   ^^^^^^^^^^^^^^^^^^^^^^^^^^^^^^^^^^^^^^^^^^^^^^^^^^^^^^^^^^^^
  File "C:\Users\Micie456\PycharmProjects\Diplom\.venv\Lib\site-packages\django\urls\resolvers.py", line 842, in _reverse_with_prefix
    raise NoReverseMatch(msg)
django.urls.exceptions.NoReverseMatch: Reverse for 'recipe_detail' with arguments '('',)' not found. 1 pattern(s) tried: ['recipe/(?P<recipe_id>[^/]+)/\\Z']
[2026-04-16 20:14:20,976] ERROR django.server: "GET /recipe/3/cooking/ HTTP/1.1" 500 134788
[2026-04-16 20:14:23,765] INFO django.server: "GET /compose/ HTTP/1.1" 200 24649
[2026-04-16 20:14:25,983] INFO django.server: "GET /meal-plan/ HTTP/1.1" 200 55430
[2026-04-16 20:14:27,689] INFO django.server: "GET /compose/ HTTP/1.1" 200 24649
[2026-04-16 20:14:46,177] INFO django.server: "GET /api/search_recipes/?ingredients=%D0%BA%D0%B0%D1%80%D1%82%D0%BE%D1%88%D0%BA%D0%B0+%D0%BC%D0%BE%D1%80%D0%BA%D0%BE%D0%B2%D0%BA%D0%B0&kitchen=eastern_european HTTP/1.1" 200 9366
[2026-04-16 20:14:57,992] ERROR django.request: Internal Server Error: /recipe/1095993/
Traceback (most recent call last):
  File "C:\Users\Micie456\PycharmProjects\Diplom\.venv\Lib\site-packages\django\template\base.py", line 964, in _resolve_lookup
    raise TypeError
TypeError

During handling of the above exception, another exception occurred:

Traceback (most recent call last):
  File "C:\Users\Micie456\PycharmProjects\Diplom\.venv\Lib\site-packages\django\template\base.py", line 976, in _resolve_lookup
    current = getattr(current, bit)
              ^^^^^^^^^^^^^^^^^^^^^
AttributeError: 'NoneType' object has no attribute 'name'

During handling of the above exception, another exception occurred:

Traceback (most recent call last):
  File "C:\Users\Micie456\PycharmProjects\Diplom\.venv\Lib\site-packages\django\template\base.py", line 982, in _resolve_lookup
    current = current[int(bit)]
                      ^^^^^^^^
ValueError: invalid literal for int() with base 10: 'name'

During handling of the above exception, another exception occurred:

Traceback (most recent call last):
  File "C:\Users\Micie456\PycharmProjects\Diplom\.venv\Lib\site-packages\django\core\handlers\exception.py", line 55, in inner
    response = get_response(request)
               ^^^^^^^^^^^^^^^^^^^^^
  File "C:\Users\Micie456\PycharmProjects\Diplom\.venv\Lib\site-packages\django\core\handlers\base.py", line 198, in _get_response
    response = wrapped_callback(request, *callback_args, **callback_kwargs)
               ^^^^^^^^^^^^^^^^^^^^^^^^^^^^^^^^^^^^^^^^^^^^^^^^^^^^^^^^^^^^
  File "C:\Users\Micie456\PycharmProjects\Diplom\diplom\mainapp\views.py", line 350, in recipe_detail
    return render(request, 'recipe_detail.html', context)
           ^^^^^^^^^^^^^^^^^^^^^^^^^^^^^^^^^^^^^^^^^^^^^^
  File "C:\Users\Micie456\PycharmProjects\Diplom\.venv\Lib\site-packages\django\shortcuts.py", line 25, in render
    content = loader.render_to_string(template_name, context, request, using=using)
              ^^^^^^^^^^^^^^^^^^^^^^^^^^^^^^^^^^^^^^^^^^^^^^^^^^^^^^^^^^^^^^^^^^^^^
  File "C:\Users\Micie456\PycharmProjects\Diplom\.venv\Lib\site-packages\django\template\loader.py", line 62, in render_to_string
    return template.render(context, request)
           ^^^^^^^^^^^^^^^^^^^^^^^^^^^^^^^^^
  File "C:\Users\Micie456\PycharmProjects\Diplom\.venv\Lib\site-packages\django\template\backends\django.py", line 107, in render
    return self.template.render(context)
           ^^^^^^^^^^^^^^^^^^^^^^^^^^^^^
  File "C:\Users\Micie456\PycharmProjects\Diplom\.venv\Lib\site-packages\django\template\base.py", line 174, in render
    return self._render(context)
           ^^^^^^^^^^^^^^^^^^^^^
  File "C:\Users\Micie456\PycharmProjects\Diplom\.venv\Lib\site-packages\django\template\base.py", line 166, in _render
    return self.nodelist.render(context)
           ^^^^^^^^^^^^^^^^^^^^^^^^^^^^^
  File "C:\Users\Micie456\PycharmProjects\Diplom\.venv\Lib\site-packages\django\template\base.py", line 1091, in render
    return SafeString("".join([node.render_annotated(context) for node in self]))
                               ^^^^^^^^^^^^^^^^^^^^^^^^^^^^^^
  File "C:\Users\Micie456\PycharmProjects\Diplom\.venv\Lib\site-packages\django\template\base.py", line 1052, in render_annotated
    return self.render(context)
           ^^^^^^^^^^^^^^^^^^^^
  File "C:\Users\Micie456\PycharmProjects\Diplom\.venv\Lib\site-packages\django\template\base.py", line 1150, in render
    output = self.filter_expression.resolve(context)
             ^^^^^^^^^^^^^^^^^^^^^^^^^^^^^^^^^^^^^^^
  File "C:\Users\Micie456\PycharmProjects\Diplom\.venv\Lib\site-packages\django\template\base.py", line 809, in resolve
    arg_vals.append(arg.resolve(context))
                    ^^^^^^^^^^^^^^^^^^^^
  File "C:\Users\Micie456\PycharmProjects\Diplom\.venv\Lib\site-packages\django\template\base.py", line 928, in resolve
    value = self._resolve_lookup(context)
            ^^^^^^^^^^^^^^^^^^^^^^^^^^^^^
  File "C:\Users\Micie456\PycharmProjects\Diplom\.venv\Lib\site-packages\django\template\base.py", line 989, in _resolve_lookup
    raise VariableDoesNotExist(
django.template.base.VariableDoesNotExist: Failed lookup for key [name] in None
[2026-04-16 20:14:57,994] ERROR django.server: "GET /recipe/1095993/ HTTP/1.1" 500 139073
[2026-04-16 20:15:20,677] ERROR django.request: Internal Server Error: /recipe/1095993/
Traceback (most recent call last):
  File "C:\Users\Micie456\PycharmProjects\Diplom\.venv\Lib\site-packages\django\template\base.py", line 964, in _resolve_lookup
    raise TypeError
TypeError

During handling of the above exception, another exception occurred:

Traceback (most recent call last):
  File "C:\Users\Micie456\PycharmProjects\Diplom\.venv\Lib\site-packages\django\template\base.py", line 976, in _resolve_lookup
    current = getattr(current, bit)
              ^^^^^^^^^^^^^^^^^^^^^
AttributeError: 'NoneType' object has no attribute 'name'

During handling of the above exception, another exception occurred:

Traceback (most recent call last):
  File "C:\Users\Micie456\PycharmProjects\Diplom\.venv\Lib\site-packages\django\template\base.py", line 982, in _resolve_lookup
    current = current[int(bit)]
                      ^^^^^^^^
ValueError: invalid literal for int() with base 10: 'name'

During handling of the above exception, another exception occurred:

Traceback (most recent call last):
  File "C:\Users\Micie456\PycharmProjects\Diplom\.venv\Lib\site-packages\django\core\handlers\exception.py", line 55, in inner
    response = get_response(request)
               ^^^^^^^^^^^^^^^^^^^^^
  File "C:\Users\Micie456\PycharmProjects\Diplom\.venv\Lib\site-packages\django\core\handlers\base.py", line 198, in _get_response
    response = wrapped_callback(request, *callback_args, **callback_kwargs)
               ^^^^^^^^^^^^^^^^^^^^^^^^^^^^^^^^^^^^^^^^^^^^^^^^^^^^^^^^^^^^
  File "C:\Users\Micie456\PycharmProjects\Diplom\diplom\mainapp\views.py", line 350, in recipe_detail
    return render(request, 'recipe_detail.html', context)
           ^^^^^^^^^^^^^^^^^^^^^^^^^^^^^^^^^^^^^^^^^^^^^^
  File "C:\Users\Micie456\PycharmProjects\Diplom\.venv\Lib\site-packages\django\shortcuts.py", line 25, in render
    content = loader.render_to_string(template_name, context, request, using=using)
              ^^^^^^^^^^^^^^^^^^^^^^^^^^^^^^^^^^^^^^^^^^^^^^^^^^^^^^^^^^^^^^^^^^^^^
  File "C:\Users\Micie456\PycharmProjects\Diplom\.venv\Lib\site-packages\django\template\loader.py", line 62, in render_to_string
    return template.render(context, request)
           ^^^^^^^^^^^^^^^^^^^^^^^^^^^^^^^^^
  File "C:\Users\Micie456\PycharmProjects\Diplom\.venv\Lib\site-packages\django\template\backends\django.py", line 107, in render
    return self.template.render(context)
           ^^^^^^^^^^^^^^^^^^^^^^^^^^^^^
  File "C:\Users\Micie456\PycharmProjects\Diplom\.venv\Lib\site-packages\django\template\base.py", line 174, in render
    return self._render(context)
           ^^^^^^^^^^^^^^^^^^^^^
  File "C:\Users\Micie456\PycharmProjects\Diplom\.venv\Lib\site-packages\django\template\base.py", line 166, in _render
    return self.nodelist.render(context)
           ^^^^^^^^^^^^^^^^^^^^^^^^^^^^^
  File "C:\Users\Micie456\PycharmProjects\Diplom\.venv\Lib\site-packages\django\template\base.py", line 1091, in render
    return SafeString("".join([node.render_annotated(context) for node in self]))
                               ^^^^^^^^^^^^^^^^^^^^^^^^^^^^^^
  File "C:\Users\Micie456\PycharmProjects\Diplom\.venv\Lib\site-packages\django\template\base.py", line 1052, in render_annotated
    return self.render(context)
           ^^^^^^^^^^^^^^^^^^^^
  File "C:\Users\Micie456\PycharmProjects\Diplom\.venv\Lib\site-packages\django\template\base.py", line 1150, in render
    output = self.filter_expression.resolve(context)
             ^^^^^^^^^^^^^^^^^^^^^^^^^^^^^^^^^^^^^^^
  File "C:\Users\Micie456\PycharmProjects\Diplom\.venv\Lib\site-packages\django\template\base.py", line 809, in resolve
    arg_vals.append(arg.resolve(context))
                    ^^^^^^^^^^^^^^^^^^^^
  File "C:\Users\Micie456\PycharmProjects\Diplom\.venv\Lib\site-packages\django\template\base.py", line 928, in resolve
    value = self._resolve_lookup(context)
            ^^^^^^^^^^^^^^^^^^^^^^^^^^^^^
  File "C:\Users\Micie456\PycharmProjects\Diplom\.venv\Lib\site-packages\django\template\base.py", line 989, in _resolve_lookup
    raise VariableDoesNotExist(
django.template.base.VariableDoesNotExist: Failed lookup for key [name] in None
[2026-04-16 20:15:20,679] ERROR django.server: "GET /recipe/1095993/ HTTP/1.1" 500 139210
[2026-04-16 20:17:33,840] INFO django.utils.autoreload: Watching for file changes with StatReloader
[2026-04-16 20:17:35,333] INFO django.server: "GET / HTTP/1.1" 200 5775
[2026-04-16 20:17:36,511] INFO django.server: "GET /recipe/3/ HTTP/1.1" 200 2818
[2026-04-16 20:17:36,554] WARNING django.request: Not Found: /media/Diplom_3.jpg
[2026-04-16 20:17:36,554] WARNING django.server: "GET /media/Diplom_3.jpg HTTP/1.1" 404 5524
[2026-04-16 20:17:40,369] INFO django.server: "GET /compose/ HTTP/1.1" 200 24649
[2026-04-16 20:17:51,252] INFO django.server: "GET /api/search_recipes/?ingredients=%D0%BA%D0%B0%D1%80%D1%82%D0%BE%D1%88%D0%BA%D0%B0+%D0%BC%D0%BE%D1%80%D0%BA%D0%BE%D0%B2%D1%8C&kitchen=eastern_european HTTP/1.1" 200 9366
[2026-04-16 20:17:52,689] INFO django.server: "GET /recipe/635686/ HTTP/1.1" 200 2958
[2026-04-16 20:17:57,057] INFO django.server: "GET /recipe/664396/ HTTP/1.1" 200 1000
[2026-04-16 20:19:51,051] INFO django.utils.autoreload: C:\Users\Micie456\PycharmProjects\Diplom\diplom\mainapp\views.py changed, reloading.
[2026-04-16 20:19:51,819] INFO django.utils.autoreload: Watching for file changes with StatReloader
[2026-04-16 20:20:25,619] INFO django.utils.autoreload: C:\Users\Micie456\PycharmProjects\Diplom\diplom\mainapp\views.py changed, reloading.
[2026-04-16 20:20:26,325] INFO django.utils.autoreload: Watching for file changes with StatReloader
[2026-04-16 20:21:08,463] INFO django.utils.autoreload: Watching for file changes with StatReloader
[2026-04-16 20:22:56,511] INFO django.utils.autoreload: C:\Users\Micie456\PycharmProjects\Diplom\diplom\mainapp\views.py changed, reloading.
[2026-04-16 20:22:57,068] INFO django.utils.autoreload: Watching for file changes with StatReloader
[2026-04-16 20:23:08,049] INFO django.utils.autoreload: C:\Users\Micie456\PycharmProjects\Diplom\diplom\diplom\urls.py changed, reloading.
[2026-04-16 20:23:08,518] INFO django.utils.autoreload: Watching for file changes with StatReloader
[2026-04-16 20:23:10,585] INFO django.server: "GET / HTTP/1.1" 200 5775
[2026-04-16 20:23:14,874] ERROR django.request: Internal Server Error: /recipe/3/
Traceback (most recent call last):
  File "C:\Users\Micie456\PycharmProjects\Diplom\.venv\Lib\site-packages\django\core\handlers\exception.py", line 55, in inner
    response = get_response(request)
               ^^^^^^^^^^^^^^^^^^^^^
  File "C:\Users\Micie456\PycharmProjects\Diplom\.venv\Lib\site-packages\django\core\handlers\base.py", line 198, in _get_response
    response = wrapped_callback(request, *callback_args, **callback_kwargs)
               ^^^^^^^^^^^^^^^^^^^^^^^^^^^^^^^^^^^^^^^^^^^^^^^^^^^^^^^^^^^^
  File "C:\Users\Micie456\PycharmProjects\Diplom\diplom\mainapp\views.py", line 138, in recipe_detail
    return render(request, 'recipe_detail.html', context)
           ^^^^^^^^^^^^^^^^^^^^^^^^^^^^^^^^^^^^^^^^^^^^^^
  File "C:\Users\Micie456\PycharmProjects\Diplom\.venv\Lib\site-packages\django\shortcuts.py", line 25, in render
    content = loader.render_to_string(template_name, context, request, using=using)
              ^^^^^^^^^^^^^^^^^^^^^^^^^^^^^^^^^^^^^^^^^^^^^^^^^^^^^^^^^^^^^^^^^^^^^
  File "C:\Users\Micie456\PycharmProjects\Diplom\.venv\Lib\site-packages\django\template\loader.py", line 62, in render_to_string
    return template.render(context, request)
           ^^^^^^^^^^^^^^^^^^^^^^^^^^^^^^^^^
  File "C:\Users\Micie456\PycharmProjects\Diplom\.venv\Lib\site-packages\django\template\backends\django.py", line 107, in render
    return self.template.render(context)
           ^^^^^^^^^^^^^^^^^^^^^^^^^^^^^
  File "C:\Users\Micie456\PycharmProjects\Diplom\.venv\Lib\site-packages\django\template\base.py", line 174, in render
    return self._render(context)
           ^^^^^^^^^^^^^^^^^^^^^
  File "C:\Users\Micie456\PycharmProjects\Diplom\.venv\Lib\site-packages\django\template\base.py", line 166, in _render
    return self.nodelist.render(context)
           ^^^^^^^^^^^^^^^^^^^^^^^^^^^^^
  File "C:\Users\Micie456\PycharmProjects\Diplom\.venv\Lib\site-packages\django\template\base.py", line 1091, in render
    return SafeString("".join([node.render_annotated(context) for node in self]))
                               ^^^^^^^^^^^^^^^^^^^^^^^^^^^^^^
  File "C:\Users\Micie456\PycharmProjects\Diplom\.venv\Lib\site-packages\django\template\base.py", line 1052, in render_annotated
    return self.render(context)
           ^^^^^^^^^^^^^^^^^^^^
  File "C:\Users\Micie456\PycharmProjects\Diplom\.venv\Lib\site-packages\django\template\defaulttags.py", line 511, in render
    url = reverse(view_name, args=args, kwargs=kwargs, current_app=current_app)
          ^^^^^^^^^^^^^^^^^^^^^^^^^^^^^^^^^^^^^^^^^^^^^^^^^^^^^^^^^^^^^^^^^^^^^
  File "C:\Users\Micie456\PycharmProjects\Diplom\.venv\Lib\site-packages\django\urls\base.py", line 98, in reverse
    resolved_url = resolver._reverse_with_prefix(view, prefix, *args, **kwargs)
                   ^^^^^^^^^^^^^^^^^^^^^^^^^^^^^^^^^^^^^^^^^^^^^^^^^^^^^^^^^^^^
  File "C:\Users\Micie456\PycharmProjects\Diplom\.venv\Lib\site-packages\django\urls\resolvers.py", line 842, in _reverse_with_prefix
    raise NoReverseMatch(msg)
django.urls.exceptions.NoReverseMatch: Reverse for 'recipe_cooking' not found. 'recipe_cooking' is not a valid view function or pattern name.
[2026-04-16 20:23:14,877] ERROR django.server: "GET /recipe/3/ HTTP/1.1" 500 130533
[2026-04-16 20:24:23,512] INFO django.utils.autoreload: Watching for file changes with StatReloader
[2026-04-16 20:24:25,969] INFO django.server: "GET / HTTP/1.1" 200 5775
[2026-04-16 20:24:27,818] INFO django.server: "GET /recipe/3/ HTTP/1.1" 200 7380
[2026-04-16 20:24:27,858] WARNING django.request: Not Found: /media/Diplom_3.jpg
[2026-04-16 20:24:27,859] WARNING django.server: "GET /media/Diplom_3.jpg HTTP/1.1" 404 5321
[2026-04-16 20:24:31,612] INFO django.server: "GET /recipe/1/ HTTP/1.1" 200 5544
[2026-04-16 20:24:31,649] WARNING django.request: Not Found: /media/diplom_1.jpg
[2026-04-16 20:24:31,650] WARNING django.server: "GET /media/diplom_1.jpg HTTP/1.1" 404 5321
[2026-04-16 20:24:55,767] INFO django.server: "GET /recipe/5/ HTTP/1.1" 200 5351
[2026-04-16 20:24:55,801] WARNING django.request: Not Found: /media/Diplom_5.png
[2026-04-16 20:24:55,802] WARNING django.server: "GET /media/Diplom_5.png HTTP/1.1" 404 5321
[2026-04-17 23:19:24,763] INFO django.utils.autoreload: Watching for file changes with StatReloader
[2026-04-17 23:19:26,953] INFO django.server: "GET / HTTP/1.1" 200 5775
[2026-04-17 23:19:27,002] INFO django.server: "GET / HTTP/1.1" 200 5775
[2026-04-17 23:19:27,447] WARNING django.request: Not Found: /favicon.ico
[2026-04-17 23:19:27,447] WARNING django.server: "GET /favicon.ico HTTP/1.1" 404 5072
[2026-04-17 23:19:30,469] INFO django.server: "GET /recipe/3/ HTTP/1.1" 200 7380
[2026-04-17 23:19:30,505] WARNING django.request: Not Found: /media/Diplom_3.jpg
[2026-04-17 23:19:30,506] WARNING django.server: "GET /media/Diplom_3.jpg HTTP/1.1" 404 5321
[2026-04-17 23:19:34,051] INFO django.server: "GET /recipe/3/ HTTP/1.1" 200 7380
[2026-04-17 23:19:34,083] WARNING django.request: Not Found: /media/Diplom_3.jpg
[2026-04-17 23:19:34,083] WARNING django.server: "GET /media/Diplom_3.jpg HTTP/1.1" 404 5321
[2026-04-17 23:19:34,136] INFO django.server: "GET /static/css/style.css HTTP/1.1" 200 11745
[2026-04-17 23:19:34,245] INFO django.server: "GET /static/images/background.jpg HTTP/1.1" 200 162739
[2026-04-17 23:19:34,322] WARNING django.request: Not Found: /favicon.ico
[2026-04-17 23:19:34,322] WARNING django.server: "GET /favicon.ico HTTP/1.1" 404 5072
[2026-04-17 23:19:35,688] INFO django.server: "GET / HTTP/1.1" 200 5775
[2026-04-17 23:19:37,093] INFO django.server: "GET /recipe/43/ HTTP/1.1" 200 6034
[2026-04-17 23:19:37,125] WARNING django.request: Not Found: /media/Diplom_6.png
[2026-04-17 23:19:37,126] WARNING django.server: "GET /media/Diplom_6.png HTTP/1.1" 404 5321
[2026-04-17 23:19:47,357] INFO django.server: "GET /recipe/1/ HTTP/1.1" 200 5544
[2026-04-17 23:19:47,393] WARNING django.request: Not Found: /media/diplom_1.jpg
[2026-04-17 23:19:47,393] WARNING django.server: "GET /media/diplom_1.jpg HTTP/1.1" 404 5321
[2026-04-17 23:19:52,449] INFO django.server: "GET /recipe/4/ HTTP/1.1" 200 6028
[2026-04-17 23:19:52,484] WARNING django.request: Not Found: /media/Diplom4.jpg
[2026-04-17 23:19:52,485] WARNING django.server: "GET /media/Diplom4.jpg HTTP/1.1" 404 5317
[2026-04-17 23:24:39,515] INFO django.utils.autoreload: C:\Users\Micie456\PycharmProjects\Diplom\diplom\mainapp\views.py changed, reloading.
[2026-04-17 23:24:40,015] INFO django.utils.autoreload: Watching for file changes with StatReloader
[2026-04-17 23:24:55,805] INFO django.utils.autoreload: C:\Users\Micie456\PycharmProjects\Diplom\diplom\diplom\urls.py changed, reloading.
[2026-04-17 23:24:56,294] INFO django.utils.autoreload: Watching for file changes with StatReloader
[2026-04-17 23:29:14,927] INFO django.utils.autoreload: Watching for file changes with StatReloader
[2026-04-17 23:29:16,364] INFO django.server: "GET / HTTP/1.1" 200 5775
[2026-04-17 23:29:16,485] INFO django.server: "GET /static/css/style.css HTTP/1.1" 304 0
[2026-04-17 23:29:16,500] INFO django.server: "GET /static/images/background.jpg HTTP/1.1" 304 0
[2026-04-17 23:29:17,870] INFO django.server: "GET /recipe/3/ HTTP/1.1" 200 7644
[2026-04-17 23:29:17,905] WARNING django.request: Not Found: /media/Diplom_3.jpg
[2026-04-17 23:29:17,905] WARNING django.server: "GET /media/Diplom_3.jpg HTTP/1.1" 404 5524
[2026-04-17 23:29:19,903] INFO django.server: "GET /recipe/3/cooking/ HTTP/1.1" 200 9520
[2026-04-17 23:29:27,086] INFO django.server: "GET /compose/ HTTP/1.1" 200 24649
[2026-04-17 23:29:37,910] INFO django.server: "GET /api/search_recipes/?ingredients=%D0%BA%D0%B0%D1%80%D1%82%D0%BE%D1%84%D0%B5%D0%BB%D1%8C+%D0%BC%D0%BE%D1%80%D0%BA%D0%BE%D0%B2%D1%8C&kitchen=eastern_european HTTP/1.1" 200 9366
[2026-04-17 23:29:40,231] INFO django.server: "GET /recipe/635686/ HTTP/1.1" 200 1514
[2026-04-17 23:30:45,697] INFO django.utils.autoreload: C:\Users\Micie456\PycharmProjects\Diplom\diplom\diplom\urls.py changed, reloading.
[2026-04-17 23:30:46,198] INFO django.utils.autoreload: Watching for file changes with StatReloader
[2026-04-17 23:31:08,905] INFO django.utils.autoreload: Watching for file changes with StatReloader
[2026-04-17 23:31:10,291] INFO django.server: "GET / HTTP/1.1" 200 5775
[2026-04-17 23:31:11,523] INFO django.server: "GET /compose/ HTTP/1.1" 200 24649
[2026-04-17 23:31:19,608] INFO django.server: "GET /api/search_recipes/?ingredients=%D0%BA%D0%B0%D1%80%D1%82%D0%BE%D1%84%D0%B5%D0%BB%D1%8C+%D0%BC%D0%BE%D1%80%D0%BA%D0%BE%D0%B2%D1%8C&kitchen=eastern_european HTTP/1.1" 200 9366
[2026-04-17 23:31:21,114] INFO django.server: "GET /recipe/635686/ HTTP/1.1" 200 1514
[2026-04-17 23:31:24,737] INFO django.server: "GET / HTTP/1.1" 200 5775
[2026-04-17 23:31:26,097] INFO django.server: "GET /recipe/4/ HTTP/1.1" 200 6028
[2026-04-17 23:31:26,132] WARNING django.request: Not Found: /media/Diplom4.jpg
[2026-04-17 23:31:26,132] WARNING django.server: "GET /media/Diplom4.jpg HTTP/1.1" 404 5317
[2026-04-17 23:31:29,246] INFO django.server: "GET /compose/ HTTP/1.1" 200 24649
[2026-04-17 23:31:41,994] INFO django.server: "GET /api/search_recipes/?ingredients=%D0%BA%D0%B0%D1%80%D1%82%D0%BE%D1%84%D0%B5%D0%BB%D1%8C+%D0%BC%D0%BE%D1%80%D0%BA%D0%BE%D0%B2%D1%8C&kitchen=eastern_european HTTP/1.1" 200 9366
[2026-04-17 23:31:43,750] INFO django.server: "GET /recipe/635686/ HTTP/1.1" 200 1514
[2026-04-17 23:31:48,588] INFO django.server: "GET / HTTP/1.1" 200 5775
[2026-04-17 23:31:49,752] INFO django.server: "GET /meal-plan/ HTTP/1.1" 200 55430
[2026-04-17 23:31:51,184] INFO django.server: "GET /compose/ HTTP/1.1" 200 24649
[2026-04-17 23:32:01,958] INFO django.server: "GET /api/search_recipes/?ingredients=%D0%BA%D0%B0%D1%80%D1%82%D0%BE%D1%84%D0%B5%D0%BB%D1%8C+%D0%BC%D0%BE%D1%80%D0%BA%D0%BE%D0%B2%D1%8C&kitchen=eastern_european HTTP/1.1" 200 9366
[2026-04-17 23:32:03,771] INFO django.server: "GET /recipe/664396/ HTTP/1.1" 200 1514
[2026-04-17 23:32:09,849] INFO django.server: "GET /recipe/664396/ HTTP/1.1" 200 1514
[2026-04-17 23:32:09,910] INFO django.server: "GET /static/css/style.css HTTP/1.1" 200 11745
[2026-04-17 23:32:10,008] INFO django.server: "GET /static/images/background.jpg HTTP/1.1" 200 162739
[2026-04-17 23:32:10,078] WARNING django.request: Not Found: /favicon.ico
[2026-04-17 23:32:10,079] WARNING django.server: "GET /favicon.ico HTTP/1.1" 404 5072
[2026-04-17 23:35:13,180] INFO django.utils.autoreload: Watching for file changes with StatReloader
[2026-04-17 23:35:14,606] INFO django.server: "GET / HTTP/1.1" 200 5775
[2026-04-17 23:35:18,412] INFO django.server: "GET /recipe/4/ HTTP/1.1" 200 6269
[2026-04-17 23:35:18,448] WARNING django.request: Not Found: /media/Diplom4.jpg
[2026-04-17 23:35:18,449] WARNING django.server: "GET /media/Diplom4.jpg HTTP/1.1" 404 5520
[2026-04-17 23:35:21,493] INFO django.server: "GET /recipe/4/cooking/ HTTP/1.1" 200 10058
[2026-04-17 23:35:27,286] INFO django.server: "GET /compose/ HTTP/1.1" 200 24649
[2026-04-17 23:35:39,521] INFO django.server: "GET /api/search_recipes/?ingredients=%D0%BA%D0%B0%D1%80%D1%82%D0%BE%D1%84%D0%B5%D0%BB%D1%8C+%D0%BC%D0%BE%D1%80%D0%BA%D0%BE%D0%B2%D1%8C&kitchen=eastern_european HTTP/1.1" 200 9366
[2026-04-17 23:35:40,898] INFO django.server: "GET /recipe/635686/ HTTP/1.1" 200 1514
[2026-04-17 23:35:45,974] INFO django.server: "GET / HTTP/1.1" 200 5775
[2026-04-17 23:35:53,686] INFO django.server: "GET /recipe/43/ HTTP/1.1" 200 6276
[2026-04-17 23:35:53,723] WARNING django.request: Not Found: /media/Diplom_6.png
[2026-04-17 23:35:53,723] WARNING django.server: "GET /media/Diplom_6.png HTTP/1.1" 404 5524
[2026-04-17 23:35:57,908] INFO django.server: "GET /compose/ HTTP/1.1" 200 24649
[2026-04-17 23:35:57,942] INFO django.server: "GET /static/css/style.css HTTP/1.1" 304 0
[2026-04-17 23:36:19,611] INFO django.server: "GET /api/search_recipes/?ingredients=%D0%BA%D0%B0%D1%80%D1%82%D0%BE%D1%84%D0%B5%D0%BB%D1%8C+%D0%BC%D0%BE%D1%80%D0%BA%D0%BE%D0%B2%D1%8C&kitchen=eastern_european HTTP/1.1" 200 9366
[2026-04-17 23:36:25,919] INFO django.server: "GET /recipe/635686/ HTTP/1.1" 200 1514
[2026-04-17 23:37:04,484] INFO django.utils.autoreload: Watching for file changes with StatReloader
[2026-04-17 23:37:05,924] INFO django.server: "GET / HTTP/1.1" 200 5775
[2026-04-17 23:37:06,083] INFO django.server: "GET /static/images/background.jpg HTTP/1.1" 304 0
[2026-04-17 23:37:06,991] INFO django.server: "GET /compose/ HTTP/1.1" 200 24649
[2026-04-17 23:37:16,671] INFO django.server: "GET /api/search_recipes/?ingredients=%D0%BA%D0%B0%D1%80%D1%82%D0%BE%D1%84%D0%B5%D0%BB%D1%8C+%D0%BC%D0%BE%D1%80%D0%BA%D0%BE%D0%B2%D1%8C&kitchen=eastern_european HTTP/1.1" 200 9366
[2026-04-17 23:37:17,635] INFO django.server: "GET /recipe/635686/ HTTP/1.1" 200 1514
[2026-04-17 23:40:57,742] INFO django.utils.autoreload: Watching for file changes with StatReloader
[2026-04-17 23:40:59,132] INFO django.server: "GET / HTTP/1.1" 200 5775
[2026-04-17 23:40:59,264] INFO django.server: "GET /static/css/style.css HTTP/1.1" 304 0
[2026-04-17 23:41:02,736] INFO django.server: "GET /compose/ HTTP/1.1" 200 24649
[2026-04-17 23:41:14,189] INFO django.server: "GET /api/search_recipes/?ingredients=%D0%BA%D0%B0%D1%80%D1%82%D0%BE%D1%84%D0%B5%D0%BB%D1%8C+%D0%BC%D0%BE%D1%80%D0%BA%D0%BE%D0%B2%D1%8C&kitchen=eastern_european HTTP/1.1" 200 9366
[2026-04-17 23:41:15,375] INFO django.server: "GET /recipe/635686/ HTTP/1.1" 200 1514
[2026-04-17 23:42:35,302] INFO django.server: "GET / HTTP/1.1" 200 5775
[2026-04-17 23:42:36,385] INFO django.server: "GET /recipe/4/ HTTP/1.1" 200 6269
[2026-04-17 23:42:36,421] WARNING django.request: Not Found: /media/Diplom4.jpg
[2026-04-17 23:42:36,421] WARNING django.server: "GET /media/Diplom4.jpg HTTP/1.1" 404 5520
[2026-04-17 23:42:41,658] INFO django.server: "GET /compose/ HTTP/1.1" 200 24649
[2026-04-17 23:42:53,549] INFO django.server: "GET /api/search_recipes/?ingredients=%D0%BA%D0%B0%D1%80%D1%82%D0%BE%D1%84%D0%B5%D0%BB%D1%8C+%D0%BC%D0%BE%D1%80%D0%BA%D0%BE%D0%B2%D1%8C&kitchen=eastern_european HTTP/1.1" 200 9366
[2026-04-17 23:42:54,739] INFO django.server: "GET /recipe/635686/ HTTP/1.1" 200 1514
[2026-04-17 23:48:32,787] INFO django.utils.autoreload: Watching for file changes with StatReloader
[2026-04-17 23:48:34,233] INFO django.server: "GET / HTTP/1.1" 200 5775
[2026-04-17 23:48:34,442] INFO django.server: "GET /static/css/style.css HTTP/1.1" 304 0
[2026-04-17 23:48:34,478] INFO django.server: "GET /static/images/background.jpg HTTP/1.1" 304 0
[2026-04-17 23:48:35,736] INFO django.server: "GET /compose/ HTTP/1.1" 200 24649
[2026-04-17 23:48:44,129] INFO django.server: "GET /api/search_recipes/?ingredients=%D0%BA%D0%B0%D1%80%D1%82%D0%BE%D1%84%D0%B5%D0%BB%D1%8C+%D0%BC%D0%BE%D1%80%D0%BA%D0%BE%D0%B2%D1%8C&kitchen=eastern_european HTTP/1.1" 200 9366
[2026-04-17 23:48:44,993] INFO django.server: "GET /recipe/635686/ HTTP/1.1" 200 1514
[2026-04-17 23:50:33,222] INFO django.utils.autoreload: C:\Users\Micie456\PycharmProjects\Diplom\diplom\mainapp\views.py changed, reloading.
[2026-04-17 23:50:33,805] INFO django.utils.autoreload: Watching for file changes with StatReloader
[2026-04-17 23:50:37,499] INFO django.utils.autoreload: Watching for file changes with StatReloader
[2026-04-17 23:50:38,873] INFO django.server: "GET / HTTP/1.1" 200 5775
[2026-04-17 23:50:42,075] INFO django.server: "GET /compose/ HTTP/1.1" 200 24649
[2026-04-17 23:50:50,776] INFO django.server: "GET /api/search_recipes/?ingredients=%D0%BA%D0%B0%D1%80%D1%82%D0%BE%D1%84%D0%B5%D0%BB%D1%8C+%D0%BC%D0%BE%D1%80%D0%BA%D0%BE%D0%B2%D1%8C&kitchen=eastern_european HTTP/1.1" 200 9366
[2026-04-17 23:50:59,093] ERROR django.request: Internal Server Error: /recipe/635686/
Traceback (most recent call last):
  File "C:\Users\Micie456\PycharmProjects\Diplom\.venv\Lib\site-packages\django\template\base.py", line 965, in _resolve_lookup
    current = current[bit]
              ~~~~~~~^^^^^
KeyError: 'unitshort'

During handling of the above exception, another exception occurred:

Traceback (most recent call last):
  File "C:\Users\Micie456\PycharmProjects\Diplom\.venv\Lib\site-packages\django\template\base.py", line 976, in _resolve_lookup
    current = getattr(current, bit)
              ^^^^^^^^^^^^^^^^^^^^^
AttributeError: 'dict' object has no attribute 'unitshort'

During handling of the above exception, another exception occurred:

Traceback (most recent call last):
  File "C:\Users\Micie456\PycharmProjects\Diplom\.venv\Lib\site-packages\django\template\base.py", line 982, in _resolve_lookup
    current = current[int(bit)]
                      ^^^^^^^^
ValueError: invalid literal for int() with base 10: 'unitshort'

During handling of the above exception, another exception occurred:

Traceback (most recent call last):
  File "C:\Users\Micie456\PycharmProjects\Diplom\.venv\Lib\site-packages\django\core\handlers\exception.py", line 55, in inner
    response = get_response(request)
               ^^^^^^^^^^^^^^^^^^^^^
  File "C:\Users\Micie456\PycharmProjects\Diplom\.venv\Lib\site-packages\django\core\handlers\base.py", line 198, in _get_response
    response = wrapped_callback(request, *callback_args, **callback_kwargs)
               ^^^^^^^^^^^^^^^^^^^^^^^^^^^^^^^^^^^^^^^^^^^^^^^^^^^^^^^^^^^^
  File "C:\Users\Micie456\PycharmProjects\Diplom\diplom\mainapp\views.py", line 156, in recipe_detail
    return render(request, 'recipe_detail.html', context)
           ^^^^^^^^^^^^^^^^^^^^^^^^^^^^^^^^^^^^^^^^^^^^^^
  File "C:\Users\Micie456\PycharmProjects\Diplom\.venv\Lib\site-packages\django\shortcuts.py", line 25, in render
    content = loader.render_to_string(template_name, context, request, using=using)
              ^^^^^^^^^^^^^^^^^^^^^^^^^^^^^^^^^^^^^^^^^^^^^^^^^^^^^^^^^^^^^^^^^^^^^
  File "C:\Users\Micie456\PycharmProjects\Diplom\.venv\Lib\site-packages\django\template\loader.py", line 62, in render_to_string
    return template.render(context, request)
           ^^^^^^^^^^^^^^^^^^^^^^^^^^^^^^^^^
  File "C:\Users\Micie456\PycharmProjects\Diplom\.venv\Lib\site-packages\django\template\backends\django.py", line 107, in render
    return self.template.render(context)
           ^^^^^^^^^^^^^^^^^^^^^^^^^^^^^
  File "C:\Users\Micie456\PycharmProjects\Diplom\.venv\Lib\site-packages\django\template\base.py", line 174, in render
    return self._render(context)
           ^^^^^^^^^^^^^^^^^^^^^
  File "C:\Users\Micie456\PycharmProjects\Diplom\.venv\Lib\site-packages\django\template\base.py", line 166, in _render
    return self.nodelist.render(context)
           ^^^^^^^^^^^^^^^^^^^^^^^^^^^^^
  File "C:\Users\Micie456\PycharmProjects\Diplom\.venv\Lib\site-packages\django\template\base.py", line 1091, in render
    return SafeString("".join([node.render_annotated(context) for node in self]))
                               ^^^^^^^^^^^^^^^^^^^^^^^^^^^^^^
  File "C:\Users\Micie456\PycharmProjects\Diplom\.venv\Lib\site-packages\django\template\base.py", line 1052, in render_annotated
    return self.render(context)
           ^^^^^^^^^^^^^^^^^^^^
  File "C:\Users\Micie456\PycharmProjects\Diplom\.venv\Lib\site-packages\django\template\defaulttags.py", line 333, in render
    return nodelist.render(context)
           ^^^^^^^^^^^^^^^^^^^^^^^^
  File "C:\Users\Micie456\PycharmProjects\Diplom\.venv\Lib\site-packages\django\template\base.py", line 1091, in render
    return SafeString("".join([node.render_annotated(context) for node in self]))
                               ^^^^^^^^^^^^^^^^^^^^^^^^^^^^^^
  File "C:\Users\Micie456\PycharmProjects\Diplom\.venv\Lib\site-packages\django\template\base.py", line 1052, in render_annotated
    return self.render(context)
           ^^^^^^^^^^^^^^^^^^^^
  File "C:\Users\Micie456\PycharmProjects\Diplom\.venv\Lib\site-packages\django\template\defaulttags.py", line 333, in render
    return nodelist.render(context)
           ^^^^^^^^^^^^^^^^^^^^^^^^
  File "C:\Users\Micie456\PycharmProjects\Diplom\.venv\Lib\site-packages\django\template\base.py", line 1091, in render
    return SafeString("".join([node.render_annotated(context) for node in self]))
                               ^^^^^^^^^^^^^^^^^^^^^^^^^^^^^^
  File "C:\Users\Micie456\PycharmProjects\Diplom\.venv\Lib\site-packages\django\template\base.py", line 1052, in render_annotated
    return self.render(context)
           ^^^^^^^^^^^^^^^^^^^^
  File "C:\Users\Micie456\PycharmProjects\Diplom\.venv\Lib\site-packages\django\template\defaulttags.py", line 249, in render
    nodelist.append(node.render_annotated(context))
                    ^^^^^^^^^^^^^^^^^^^^^^^^^^^^^^
  File "C:\Users\Micie456\PycharmProjects\Diplom\.venv\Lib\site-packages\django\template\base.py", line 1052, in render_annotated
    return self.render(context)
           ^^^^^^^^^^^^^^^^^^^^
  File "C:\Users\Micie456\PycharmProjects\Diplom\.venv\Lib\site-packages\django\template\base.py", line 1150, in render
    output = self.filter_expression.resolve(context)
             ^^^^^^^^^^^^^^^^^^^^^^^^^^^^^^^^^^^^^^^
  File "C:\Users\Micie456\PycharmProjects\Diplom\.venv\Lib\site-packages\django\template\base.py", line 809, in resolve
    arg_vals.append(arg.resolve(context))
                    ^^^^^^^^^^^^^^^^^^^^
  File "C:\Users\Micie456\PycharmProjects\Diplom\.venv\Lib\site-packages\django\template\base.py", line 928, in resolve
    value = self._resolve_lookup(context)
            ^^^^^^^^^^^^^^^^^^^^^^^^^^^^^
  File "C:\Users\Micie456\PycharmProjects\Diplom\.venv\Lib\site-packages\django\template\base.py", line 989, in _resolve_lookup
    raise VariableDoesNotExist(
django.template.base.VariableDoesNotExist: Failed lookup for key [unitshort] in {'amount': 946.352, 'unitShort': 'ml', 'unitLong': 'milliliters'}
[2026-04-17 23:50:59,097] ERROR django.server: "GET /recipe/635686/ HTTP/1.1" 500 368716
[2026-04-17 23:51:46,181] INFO django.server: "GET / HTTP/1.1" 200 5775
[2026-04-17 23:52:11,348] INFO django.server: "GET /recipe/635686/ HTTP/1.1" 200 25427
[2026-04-17 23:52:42,339] INFO django.server: "GET /recipe/635686/cooking/ HTTP/1.1" 200 18306
[2026-04-17 23:54:16,300] INFO django.server: "GET /recipe/635686/cooking/ HTTP/1.1" 200 18306
[2026-04-17 23:54:16,329] INFO django.server: "GET /static/css/style.css HTTP/1.1" 304 0
[2026-04-17 23:55:50,187] INFO django.utils.autoreload: Watching for file changes with StatReloader
[2026-04-17 23:55:51,485] INFO django.server: "GET / HTTP/1.1" 200 5775
[2026-04-17 23:55:51,641] INFO django.server: "GET /static/images/background.jpg HTTP/1.1" 304 0
[2026-04-17 23:55:54,397] INFO django.server: "GET /compose/ HTTP/1.1" 200 24649
[2026-04-17 23:56:03,330] INFO django.server: "GET /api/search_recipes/?ingredients=%D0%BA%D0%B0%D1%80%D1%82%D0%BE%D1%84%D0%B5%D0%BB%D1%8C+%D0%BC%D0%BE%D1%80%D0%BA%D0%BE%D0%B2%D1%8C&kitchen=eastern_european HTTP/1.1" 200 9366
[2026-04-17 23:56:12,239] INFO django.server: "GET /recipe/635686/ HTTP/1.1" 200 25427
[2026-04-17 23:57:01,893] INFO django.server: "GET /recipe/635686/cooking/ HTTP/1.1" 200 18847
[2026-04-17 23:57:18,249] WARNING django.request: Not Found: /.well-known/appspecific/com.chrome.devtools.json
[2026-04-17 23:57:18,251] WARNING django.server: "GET /.well-known/appspecific/com.chrome.devtools.json HTTP/1.1" 404 5386
[2026-04-17 23:59:06,981] INFO django.server: "GET /recipe/635686/cooking/ HTTP/1.1" 200 16023
[2026-04-17 23:59:07,040] INFO django.server: "GET /static/css/style.css HTTP/1.1" 200 11745
[2026-04-17 23:59:07,144] WARNING django.request: Not Found: /favicon.ico
[2026-04-17 23:59:07,144] WARNING django.server: "GET /favicon.ico HTTP/1.1" 404 5275
[2026-04-17 23:59:15,470] INFO django.utils.autoreload: Watching for file changes with StatReloader
[2026-04-17 23:59:16,731] INFO django.server: "GET / HTTP/1.1" 200 5775
[2026-04-17 23:59:18,040] INFO django.server: "GET /compose/ HTTP/1.1" 200 24649
[2026-04-17 23:59:31,301] INFO django.server: "GET /api/search_recipes/?ingredients=%D0%BA%D0%B0%D1%80%D1%82%D0%BE%D1%84%D0%B5%D0%BB%D1%8C+%D0%BC%D0%BE%D1%80%D0%BA%D0%BE%D0%B2%D1%8C&kitchen=eastern_european HTTP/1.1" 200 9366
[2026-04-17 23:59:39,588] INFO django.server: "GET /recipe/635686/ HTTP/1.1" 200 25427
[2026-04-17 23:59:54,311] INFO django.server: "GET /recipe/635686/cooking/ HTTP/1.1" 200 16023
[2026-04-18 00:00:02,532] WARNING django.request: Not Found: /.well-known/appspecific/com.chrome.devtools.json
[2026-04-18 00:00:02,533] WARNING django.server: "GET /.well-known/appspecific/com.chrome.devtools.json HTTP/1.1" 404 5386
[2026-04-18 00:01:38,970] INFO django.server: "GET /recipe/635686/cooking/ HTTP/1.1" 200 16664
[2026-04-18 00:01:39,023] WARNING django.request: Not Found: /.well-known/appspecific/com.chrome.devtools.json
[2026-04-18 00:01:39,023] WARNING django.server: "GET /.well-known/appspecific/com.chrome.devtools.json HTTP/1.1" 404 5386
[2026-04-18 00:01:39,052] INFO django.server: "GET /static/css/style.css HTTP/1.1" 200 11745
[2026-04-18 00:01:39,151] WARNING django.request: Not Found: /favicon.ico
[2026-04-18 00:01:39,152] WARNING django.server: "GET /favicon.ico HTTP/1.1" 404 5275
[2026-04-18 00:03:47,192] INFO django.server: "GET / HTTP/1.1" 200 5775
[2026-04-18 00:03:47,369] INFO django.server: "GET /static/images/background.jpg HTTP/1.1" 304 0
[2026-04-18 00:03:48,949] INFO django.server: "GET /compose/ HTTP/1.1" 200 24649
[2026-04-18 00:06:11,552] INFO django.server: "GET /compose/ HTTP/1.1" 200 24649
[2026-04-18 00:06:11,582] INFO django.server: "GET /static/css/style.css HTTP/1.1" 200 11745
[2026-04-18 00:06:11,583] INFO django.server: "GET /media/ingridients/kokososovoe__moloko.png HTTP/1.1" 200 57958
[2026-04-18 00:06:11,675] INFO django.server: "GET /static/images/background.jpg HTTP/1.1" 200 162739
[2026-04-18 00:06:12,062] WARNING django.request: Not Found: /favicon.ico
[2026-04-18 00:06:12,063] WARNING django.server: "GET /favicon.ico HTTP/1.1" 404 5275
[2026-04-18 00:06:25,276] INFO django.server: "GET /api/search_recipes/?ingredients=%D0%BA%D0%B0%D1%80%D1%82%D0%BE%D1%84%D0%B5%D0%BB%D1%8C+%D0%BC%D0%BE%D1%80%D0%BA%D0%BE%D0%B2%D1%8C&kitchen=eastern_european HTTP/1.1" 200 9366
[2026-04-18 00:06:28,749] INFO django.server: "GET / HTTP/1.1" 200 5775
[2026-04-18 00:06:30,060] INFO django.server: "GET /compose/ HTTP/1.1" 200 24649
[2026-04-18 00:06:39,134] INFO django.server: "GET /api/search_recipes/?ingredients=%D0%BA%D0%B0%D1%80%D1%82%D0%BE%D1%84%D0%B5%D0%BB%D1%8C+%D0%BC%D0%BE%D1%80%D0%BA%D0%BE%D0%B2%D1%8C&kitchen=eastern_european HTTP/1.1" 200 9366
[2026-04-18 00:06:58,757] INFO django.server: "GET /recipe/635686/ HTTP/1.1" 200 25427
[2026-04-18 00:07:27,761] INFO django.server: "GET /recipe/635686/cooking/ HTTP/1.1" 200 17561
[2026-04-18 00:07:40,027] INFO django.server: "GET /recipe/635686 HTTP/1.1" 301 0
[2026-04-18 00:07:45,082] WARNING django.request: Not Found: /recipe/
[2026-04-18 00:07:45,082] WARNING django.server: "GET /recipe/ HTTP/1.1" 404 5263
[2026-04-18 00:07:49,513] INFO django.server: "GET / HTTP/1.1" 200 5775
[2026-04-18 00:07:51,107] INFO django.server: "GET /compose/ HTTP/1.1" 200 24649
[2026-04-18 00:07:56,877] INFO django.server: - Broken pipe from ('127.0.0.1', 49663)
[2026-04-18 00:07:59,591] INFO django.server: "GET /api/search_recipes/?ingredients=%D0%BA%D0%B0%D1%80%D1%82%D0%BE%D1%84%D0%B5%D0%BB%D1%8C+%D0%BC%D0%BE%D1%80%D0%BA%D0%BE%D0%B2%D1%8C&kitchen=eastern_european HTTP/1.1" 200 9366
[2026-04-18 00:09:20,129] INFO django.server: "GET /compose/ HTTP/1.1" 200 24809
[2026-04-18 00:09:20,161] INFO django.server: "GET /static/css/style.css HTTP/1.1" 200 11745
[2026-04-18 00:09:20,161] INFO django.server: "GET /media/ingridients/kokososovoe__moloko.png HTTP/1.1" 200 57958
[2026-04-18 00:09:20,251] INFO django.server: "GET /static/images/background.jpg HTTP/1.1" 200 162739
[2026-04-18 00:09:21,065] WARNING django.request: Not Found: /favicon.ico
[2026-04-18 00:09:21,065] WARNING django.server: "GET /favicon.ico HTTP/1.1" 404 5275
[2026-04-18 00:09:31,611] INFO django.server: "GET /api/search_recipes/?ingredients=%D0%BA%D0%B0%D1%80%D1%82%D0%BE%D1%84%D0%B5%D0%BB%D1%8C+%D0%BC%D0%BE%D1%80%D0%BA%D0%BE%D0%B2%D1%8C&kitchen=eastern_european HTTP/1.1" 200 9366
[2026-04-18 00:10:44,221] INFO django.server: "GET /compose/ HTTP/1.1" 200 24809
[2026-04-18 00:10:44,250] INFO django.server: "GET /static/css/style.css HTTP/1.1" 200 11225
[2026-04-18 00:10:44,252] INFO django.server: "GET /media/ingridients/kokososovoe__moloko.png HTTP/1.1" 200 57958
[2026-04-18 00:10:44,344] INFO django.server: "GET /static/images/background.jpg HTTP/1.1" 200 162739
[2026-04-18 00:10:44,745] WARNING django.request: Not Found: /favicon.ico
[2026-04-18 00:10:44,745] WARNING django.server: "GET /favicon.ico HTTP/1.1" 404 5275
[2026-04-18 00:10:55,784] INFO django.server: "GET /api/search_recipes/?ingredients=%D0%BA%D0%B0%D1%80%D1%82%D0%BE%D1%84%D0%B5%D0%BB%D1%8C+%D0%BC%D0%BE%D1%80%D0%BA%D0%BE%D0%B2%D1%8C&kitchen=eastern_european HTTP/1.1" 200 9366
[2026-04-18 00:11:26,686] INFO django.server: "GET / HTTP/1.1" 200 5775
[2026-04-18 00:11:26,837] INFO django.server: "GET /static/css/style.css HTTP/1.1" 304 0
[2026-04-18 00:11:29,522] INFO django.server: "GET /compose/ HTTP/1.1" 200 24809
[2026-04-18 00:11:35,893] INFO django.server: "GET /api/search_recipes/?ingredients=%D0%BA%D0%B0%D1%80%D1%82%D0%BE%D1%84%D0%B5%D0%BB%D1%8C+%D0%BC%D0%BE%D1%80%D0%BA%D0%BE%D0%B2%D1%8C&kitchen=eastern_european HTTP/1.1" 200 9366
[2026-04-18 00:11:45,690] INFO django.server: "GET /recipe/647656/ HTTP/1.1" 200 20598
[2026-04-18 00:11:45,724] INFO django.server: "GET /static/css/style.css HTTP/1.1" 200 11397
[2026-04-18 00:12:04,513] INFO django.server: "GET /compose/ HTTP/1.1" 200 24611
[2026-04-18 00:12:04,544] INFO django.server: "GET /static/css/style.css HTTP/1.1" 200 11397
[2026-04-18 00:12:04,545] INFO django.server: "GET /media/ingridients/kokososovoe__moloko.png HTTP/1.1" 200 57958
[2026-04-18 00:12:04,622] INFO django.server: "GET /static/images/background.jpg HTTP/1.1" 200 162739
[2026-04-18 00:12:05,230] WARNING django.request: Not Found: /favicon.ico
[2026-04-18 00:12:05,230] WARNING django.server: "GET /favicon.ico HTTP/1.1" 404 5275
[2026-04-18 00:12:12,179] INFO django.server: "GET /api/search_recipes/?ingredients=%D0%BA%D0%B0%D1%80%D1%82%D0%BE%D1%84%D0%B5%D0%BB%D1%8C+%D0%BC%D0%BE%D1%80%D0%BA%D0%BE%D0%B2%D1%8C&kitchen=eastern_european HTTP/1.1" 200 9366
[2026-04-19 12:36:14,385] INFO django.utils.autoreload: Watching for file changes with StatReloader
[2026-04-19 12:36:37,348] INFO django.utils.autoreload: Watching for file changes with StatReloader
[2026-04-19 12:36:59,839] INFO django.utils.autoreload: Watching for file changes with StatReloader
[2026-04-19 12:37:37,836] INFO django.utils.autoreload: Watching for file changes with StatReloader
[2026-04-19 12:40:31,483] INFO django.utils.autoreload: Watching for file changes with StatReloader
[2026-04-19 12:40:33,661] INFO django.server: "GET / HTTP/1.1" 200 5767
[2026-04-19 12:40:33,927] INFO django.server: "GET /static/css/style.css HTTP/1.1" 200 12002
[2026-04-19 12:40:33,934] INFO django.server: "GET /static/images/diplom_1.jpg HTTP/1.1" 200 21609
[2026-04-19 12:40:33,935] INFO django.server: "GET /static/images/Diplom_5.png HTTP/1.1" 200 175374
[2026-04-19 12:40:33,938] INFO django.server: "GET /static/images/background.jpg HTTP/1.1" 304 0
[2026-04-19 12:40:33,942] INFO django.server: "GET /static/images/Diplom_3.jpg HTTP/1.1" 200 16226
[2026-04-19 12:40:33,947] INFO django.server: "GET /static/images/Diplom4.jpg HTTP/1.1" 200 9632
[2026-04-19 12:40:33,948] INFO django.server: "GET /static/images/Diplom_2.jpg HTTP/1.1" 200 13406
[2026-04-19 12:40:33,959] INFO django.server: "GET /static/images/Diplom_6.png HTTP/1.1" 200 245054
[2026-04-19 12:40:34,064] WARNING django.request: Not Found: /favicon.ico
[2026-04-19 12:40:34,064] WARNING django.server: "GET /favicon.ico HTTP/1.1" 404 5275
[2026-04-19 12:40:43,739] INFO django.server: "GET /compose/ HTTP/1.1" 200 24605
[2026-04-19 12:40:43,770] INFO django.server: "GET /media/ingridients/kokososovoe__moloko.png HTTP/1.1" 304 0
[2026-04-19 12:40:45,501] INFO django.server: "GET / HTTP/1.1" 200 5767
[2026-04-19 12:40:46,385] INFO django.server: "GET /meal-plan/ HTTP/1.1" 200 56148
[2026-04-19 12:40:52,783] INFO django.server: "GET /compose/ HTTP/1.1" 200 24605
[2026-04-19 12:41:32,677] INFO django.server: "GET /api/search_recipes/?ingredients=%D0%B3%D0%BE%D0%B2%D1%8F%D0%B4%D0%B8%D0%BD%D0%B0+%D1%81%D0%BE%D0%BB%D1%8C&kitchen=middle_eastern HTTP/1.1" 200 28451
[2026-04-19 12:42:32,905] INFO django.server: "GET /recipe/645704/ HTTP/1.1" 200 23051
[2026-04-19 12:42:55,039] INFO django.server: "GET / HTTP/1.1" 200 5767
[2026-04-19 12:43:18,783] INFO django.server: "GET /admin/ HTTP/1.1" 302 0
[2026-04-19 12:43:18,907] INFO django.server: "GET /admin/login/?next=/admin/ HTTP/1.1" 200 4080
[2026-04-19 12:43:25,412] INFO django.server: "POST /admin/login/?next=/admin/ HTTP/1.1" 200 4250
[2026-04-19 12:44:53,408] INFO django.server: "POST /admin/login/?next=/admin/ HTTP/1.1" 302 0
[2026-04-19 12:44:53,478] INFO django.server: "GET /admin/ HTTP/1.1" 200 17242
[2026-04-19 12:44:53,521] INFO django.server: "GET /static/admin/img/icon-deletelink.svg HTTP/1.1" 200 689
[2026-04-19 12:51:39,517] INFO django.server: "GET /admin/mainapp/cookinghistory/ HTTP/1.1" 200 13202
[2026-04-19 12:51:39,622] INFO django.server: "GET /admin/jsi18n/ HTTP/1.1" 200 3342
[2026-04-19 12:51:40,783] INFO django.server: "GET /admin/ HTTP/1.1" 200 17242
[2026-04-19 12:51:42,674] INFO django.server: "GET /admin/mainapp/favorite/ HTTP/1.1" 200 17057
[2026-04-19 12:51:42,749] INFO django.server: "GET /admin/jsi18n/ HTTP/1.1" 200 3342
[2026-04-19 12:51:43,466] INFO django.server: "GET /admin/ HTTP/1.1" 200 17242
[2026-04-19 12:51:44,499] INFO django.server: "GET /admin/mainapp/favorite/ HTTP/1.1" 200 17057
[2026-04-19 12:51:44,578] INFO django.server: "GET /admin/jsi18n/ HTTP/1.1" 200 3342
[2026-04-19 12:51:45,516] INFO django.server: "GET /admin/mainapp/favorite/10/change/ HTTP/1.1" 200 20260
[2026-04-19 12:51:45,592] INFO django.server: "GET /admin/jsi18n/ HTTP/1.1" 200 3342
[2026-04-19 12:51:48,614] INFO django.server: "GET /admin/mainapp/favorite/ HTTP/1.1" 200 17057
[2026-04-19 12:51:52,524] INFO django.server: "GET /admin/mainapp/favorite/1/change/ HTTP/1.1" 200 20255
[2026-04-19 12:51:52,602] INFO django.server: "GET /admin/jsi18n/ HTTP/1.1" 200 3342
[2026-04-19 12:51:54,197] INFO django.server: "GET /admin/mainapp/favorite/ HTTP/1.1" 200 17057
[2026-04-19 12:51:55,196] INFO django.server: "GET /admin/mainapp/favorite/9/change/ HTTP/1.1" 200 20255
[2026-04-19 12:51:55,274] INFO django.server: "GET /admin/jsi18n/ HTTP/1.1" 200 3342
[2026-04-19 12:51:57,092] INFO django.server: "GET /admin/mainapp/favorite/ HTTP/1.1" 200 17057
[2026-04-19 12:51:58,311] INFO django.server: "GET /admin/mainapp/ingredients/ HTTP/1.1" 200 45080
[2026-04-19 12:51:58,389] INFO django.server: "GET /admin/jsi18n/ HTTP/1.1" 200 3342
[2026-04-19 12:52:02,634] INFO django.server: "GET /admin/mainapp/ingredients/33/change/ HTTP/1.1" 200 15374
[2026-04-19 12:52:02,711] INFO django.server: "GET /admin/jsi18n/ HTTP/1.1" 200 3342
[2026-04-19 12:52:04,826] INFO django.server: "GET /admin/mainapp/ingredients/ HTTP/1.1" 200 45080
[2026-04-19 12:52:07,039] INFO django.server: "GET /admin/mainapp/ingredients/99/change/ HTTP/1.1" 200 15361
[2026-04-19 12:52:07,110] INFO django.server: "GET /admin/jsi18n/ HTTP/1.1" 200 3342
[2026-04-19 12:52:09,141] INFO django.server: "GET /admin/mainapp/ingredients/ HTTP/1.1" 200 45080
[2026-04-19 12:52:11,367] INFO django.server: "GET /admin/mainapp/kitchenname/ HTTP/1.1" 200 17783
[2026-04-19 12:52:11,546] INFO django.server: "GET /admin/jsi18n/ HTTP/1.1" 200 3342
[2026-04-19 12:52:15,107] INFO django.server: "GET /admin/mainapp/recipeingredient/ HTTP/1.1" 200 47006
[2026-04-19 12:52:15,183] INFO django.server: "GET /admin/jsi18n/ HTTP/1.1" 200 3342
[2026-04-19 12:52:18,400] INFO django.server: "GET /admin/mainapp/recipeingredient/280/change/ HTTP/1.1" 200 27167
[2026-04-19 12:52:18,479] INFO django.server: "GET /admin/jsi18n/ HTTP/1.1" 200 3342
[2026-04-19 12:52:23,336] INFO django.server: "GET /admin/mainapp/recipeingredient/ HTTP/1.1" 200 47006
[2026-04-19 12:52:26,331] INFO django.server: "GET /admin/mainapp/ingredients/ HTTP/1.1" 200 45080
[2026-04-19 12:52:26,400] INFO django.server: "GET /admin/jsi18n/ HTTP/1.1" 200 3342
[2026-04-19 12:52:28,020] INFO django.server: "GET /admin/mainapp/recipeingredient/ HTTP/1.1" 200 47006
[2026-04-19 12:56:56,477] INFO django.utils.autoreload: Watching for file changes with StatReloader
[2026-04-19 12:56:58,549] INFO django.server: "GET / HTTP/1.1" 200 5775
[2026-04-19 12:56:58,936] WARNING django.request: Not Found: /favicon.ico
[2026-04-19 12:56:58,936] WARNING django.server: "GET /favicon.ico HTTP/1.1" 404 5275
[2026-04-19 12:57:05,664] INFO django.server: "GET /compose/ HTTP/1.1" 200 24611
[2026-04-19 12:57:42,254] INFO django.server: "GET /api/search_recipes/?ingredients=%D0%BA%D0%B0%D1%80%D1%82%D0%BE%D1%84%D0%B5%D0%BB%D1%8C+%D0%BC%D0%BE%D1%80%D0%BA%D0%BE%D0%B2%D1%8C&kitchen=eastern_european HTTP/1.1" 200 9366
[2026-04-19 13:32:18,322] INFO django.server: code 400, message Bad request version ('\xab\\x15\xf0D\xc4R\\x94.\xe3\xe8K\\x94\xcfVG\\x00\xb0')
[2026-04-19 13:32:18,322] ERROR django.server: You're accessing the development server over HTTPS, but it only supports HTTP.
[2026-04-19 13:32:18,323] INFO django.server: code 400, message Bad request version ('\xbe\xd5\xea\xc5\\x1b\xb5\\x8e')
[2026-04-19 13:32:18,323] ERROR django.server: You're accessing the development server over HTTPS, but it only supports HTTP.
[2026-04-19 13:54:27,628] INFO django.server: "GET / HTTP/1.1" 200 5775
[2026-04-19 13:54:28,025] WARNING django.request: Not Found: /favicon.ico
[2026-04-19 13:54:28,025] WARNING django.server: "GET /favicon.ico HTTP/1.1" 404 5275
[2026-04-19 13:54:29,024] INFO django.server: "GET /meal-plan/ HTTP/1.1" 200 55430
[2026-04-19 13:54:36,271] INFO django.server: "POST /api/meal-plan/generate/ HTTP/1.1" 200 11921
[2026-04-19 13:54:36,344] INFO django.server: "GET /media/recipes/21_%D0%93%D0%BE%D1%80%D0%BE%D1%85%D0%BE%D0%B2%D1%8B%D0%B9_%D1%81%D1%83%D0%BF.jpg HTTP/1.1" 200 10386
[2026-04-19 13:54:36,344] INFO django.server: "GET /media/recipes/11_%D0%91%D1%83%D1%82%D0%B5%D1%80%D0%B1%D1%80%D0%BE%D0%B4_%D1%81_%D1%81%D1%8B%D1%80%D0%BE%D0%BC.jpg HTTP/1.1" 200 16131
[2026-04-19 13:54:39,319] INFO django.server: "POST /api/meal-plan/generate/ HTTP/1.1" 200 12533
[2026-04-19 13:54:39,328] WARNING django.request: Not Found: /media/Diplom_3.jpg
[2026-04-19 13:54:39,328] WARNING django.server: "GET /media/Diplom_3.jpg HTTP/1.1" 404 5524
[2026-04-19 13:54:39,328] INFO django.server: "GET /media/recipes/34_%D0%9A%D0%BE%D1%82%D0%BB%D0%B5%D1%82%D1%8B_%D0%BF%D0%BE-%D0%BA%D0%B8%D0%B5%D0%B2%D1%81%D0%BA%D0%B8.jpg HTTP/1.1" 200 19054
[2026-04-19 13:54:40,703] INFO django.server: "POST /api/meal-plan/generate/ HTTP/1.1" 200 13911
[2026-04-19 13:54:40,713] WARNING django.request: Not Found: /media/Diplom_3.jpg
[2026-04-19 13:54:40,714] WARNING django.server: "GET /media/Diplom_3.jpg HTTP/1.1" 404 5524
[2026-04-19 13:54:40,714] INFO django.server: "GET /media/recipes/23_%D0%93%D1%83%D0%BB%D1%8F%D1%88_%D0%B8%D0%B7_%D0%B3%D0%BE%D0%B2%D1%8F%D0%B4%D0%B8%D0%BD%D1%8B_%D1%81_%D0%BF%D1%8E%D1%80%D0%B5.jpg HTTP/1.1" 200 13406
[2026-04-19 13:54:40,714] INFO django.server: "GET /media/recipes/18_%D0%9A%D0%B0%D1%80%D1%82%D0%BE%D1%84%D0%B5%D0%BB%D1%8C%D0%BD%D0%BE%D0%B5_%D0%BF%D1%8E%D1%80%D0%B5_%D1%81_%D0%BA%D0%BE%D1%82%D0%BB%D0%B5%D1%82%D0%BE%D0%B9.jpg HTTP/1.1" 200 17096
[2026-04-19 13:54:43,045] INFO django.server: "POST /api/meal-plan/generate/ HTTP/1.1" 200 13973
[2026-04-19 13:54:43,049] INFO django.server: "GET /media/recipes/13_%D0%9A%D1%83%D1%80%D0%B8%D0%BD%D0%BE%D0%B5_%D1%84%D0%B8%D0%BB%D0%B5_%D1%81_%D1%80%D0%B8%D1%81%D0%BE%D0%BC.jpg HTTP/1.1" 200 16382
[2026-04-19 15:07:46,307] INFO django.utils.autoreload: Watching for file changes with StatReloader
[2026-04-20 12:44:47,255] INFO django.utils.autoreload: Watching for file changes with StatReloader
[2026-04-20 12:44:50,309] INFO django.server: "GET / HTTP/1.1" 200 5767
[2026-04-20 12:44:50,427] INFO django.server: "GET /static/css/style.css HTTP/1.1" 304 0
[2026-04-20 12:44:50,428] INFO django.server: "GET /static/images/Diplom_3.jpg HTTP/1.1" 304 0
[2026-04-20 12:44:50,428] INFO django.server: "GET /static/images/Diplom4.jpg HTTP/1.1" 304 0
[2026-04-20 12:44:50,428] INFO django.server: "GET /static/images/Diplom_6.png HTTP/1.1" 304 0
[2026-04-20 12:44:50,429] INFO django.server: "GET /static/images/diplom_1.jpg HTTP/1.1" 304 0
[2026-04-20 12:44:50,429] INFO django.server: "GET /static/images/Diplom_2.jpg HTTP/1.1" 304 0
[2026-04-20 12:44:50,430] INFO django.server: "GET /static/images/Diplom_5.png HTTP/1.1" 304 0
[2026-04-20 12:44:50,437] INFO django.server: "GET /static/images/background.jpg HTTP/1.1" 304 0
[2026-04-20 12:44:50,708] WARNING django.request: Not Found: /favicon.ico
[2026-04-20 12:44:50,708] WARNING django.server: "GET /favicon.ico HTTP/1.1" 404 5275
[2026-04-20 12:44:51,932] INFO django.server: "GET /compose/ HTTP/1.1" 200 24605
[2026-04-20 12:44:51,962] INFO django.server: "GET /media/ingridients/kokososovoe__moloko.png HTTP/1.1" 304 0
[2026-04-20 12:44:53,121] INFO django.server: "GET / HTTP/1.1" 200 5767
[2026-04-20 12:44:53,534] INFO django.server: "GET /meal-plan/ HTTP/1.1" 200 56148
[2026-04-20 12:45:07,116] INFO django.server: "GET / HTTP/1.1" 200 5767
[2026-04-20 12:45:07,828] INFO django.server: "GET /meal-plan/ HTTP/1.1" 200 56148
[2026-04-20 12:47:06,809] INFO django.server: "GET / HTTP/1.1" 200 5767
[2026-04-20 12:50:46,468] INFO django.utils.autoreload: C:\Users\Micie456\PycharmProjects\Diplom\diplom\mainapp\views.py changed, reloading.
[2026-04-20 12:50:46,965] INFO django.utils.autoreload: Watching for file changes with StatReloader
[2026-04-20 12:51:02,311] INFO django.utils.autoreload: C:\Users\Micie456\PycharmProjects\Diplom\diplom\mainapp\views.py changed, reloading.
[2026-04-20 12:51:02,772] INFO django.utils.autoreload: Watching for file changes with StatReloader
[2026-04-20 12:51:49,817] INFO django.server: "GET / HTTP/1.1" 200 5767
[2026-04-20 12:51:50,627] WARNING django.request: Not Found: /favicon.ico
[2026-04-20 12:51:50,627] WARNING django.server: "GET /favicon.ico HTTP/1.1" 404 5275
[2026-04-20 12:51:55,766] INFO django.server: "GET /login/ HTTP/1.1" 200 2146
[2026-04-20 12:51:57,659] INFO django.server: "GET /meal-plan/ HTTP/1.1" 302 0
[2026-04-20 12:51:57,667] INFO django.server: "GET /login/?next=/meal-plan/ HTTP/1.1" 200 2157
[2026-04-20 12:52:01,044] INFO django.server: "POST /login/?next=/meal-plan/ HTTP/1.1" 302 0
[2026-04-20 12:52:01,100] INFO django.server: "GET /meal-plan/ HTTP/1.1" 200 55430
[2026-04-20 12:52:08,402] INFO django.server: "GET /meal-plan/ HTTP/1.1" 200 55430
[2026-04-20 12:52:10,293] INFO django.server: "GET / HTTP/1.1" 200 5775
[2026-04-20 12:52:11,190] INFO django.server: "GET /meal-plan/ HTTP/1.1" 200 55430
[2026-04-20 12:52:12,090] INFO django.server: "GET /profile/ HTTP/1.1" 200 29
[2026-04-20 13:03:02,874] INFO django.server: "GET / HTTP/1.1" 200 5775
[2026-04-20 13:03:03,250] WARNING django.request: Not Found: /favicon.ico
[2026-04-20 13:03:03,251] WARNING django.server: "GET /favicon.ico HTTP/1.1" 404 5275
[2026-04-20 13:03:04,992] INFO django.server: "GET /meal-plan/ HTTP/1.1" 200 55430
[2026-04-20 13:03:09,849] INFO django.server: "GET /compose/ HTTP/1.1" 200 24611
[2026-04-20 13:03:11,607] INFO django.server: "GET /meal-plan/ HTTP/1.1" 200 55430
[2026-04-20 13:03:18,414] INFO django.server: "GET / HTTP/1.1" 200 5775
[2026-04-20 13:03:19,205] INFO django.server: "GET /profile/ HTTP/1.1" 200 29
[2026-04-20 13:03:21,773] INFO django.server: "GET /recipe/4/ HTTP/1.1" 200 6638
[2026-04-20 13:03:21,807] WARNING django.request: Not Found: /media/Diplom4.jpg
[2026-04-20 13:03:21,807] WARNING django.server: "GET /media/Diplom4.jpg HTTP/1.1" 404 5520
[2026-04-20 13:03:29,773] INFO django.server: "GET /recipe/4/cooking/ HTTP/1.1" 200 13557
[2026-04-20 13:04:16,501] INFO django.server: "GET /recipe/5/ HTTP/1.1" 200 5961
[2026-04-20 13:04:16,535] WARNING django.request: Not Found: /media/Diplom_5.png
[2026-04-20 13:04:16,535] WARNING django.server: "GET /media/Diplom_5.png HTTP/1.1" 404 5524
[2026-04-20 13:04:24,944] INFO django.server: "GET /compose/ HTTP/1.1" 200 24611
[2026-04-20 13:04:42,975] INFO django.server: "GET /api/search_recipes/?ingredients=%D0%BA%D0%B0%D1%80%D1%82%D0%BE%D1%84%D0%B5%D0%BB%D1%8C+%D0%BC%D0%BE%D1%80%D0%BA%D0%BE%D0%B2%D1%8C&kitchen=eastern_european HTTP/1.1" 200 9366
[2026-04-20 13:05:04,782] INFO django.server: "GET /recipe/635686/ HTTP/1.1" 200 25427
[2026-04-20 13:05:22,818] INFO django.server: "GET /recipe/5/ HTTP/1.1" 200 5961
[2026-04-20 13:05:22,852] WARNING django.request: Not Found: /media/Diplom_5.png
[2026-04-20 13:05:22,853] WARNING django.server: "GET /media/Diplom_5.png HTTP/1.1" 404 5524
[2026-04-20 13:09:25,662] INFO django.server: "GET / HTTP/1.1" 200 5775
[2026-04-20 13:09:26,616] INFO django.server: "GET /compose/ HTTP/1.1" 200 24611
[2026-04-20 13:10:36,798] INFO django.server: "GET /api/search_recipes/?ingredients=%D1%8F%D0%B9%D1%86%D0%B0+%D0%B1%D0%B5%D0%BA%D0%BE%D0%BD&kitchen=european HTTP/1.1" 200 27992
[2026-04-20 13:11:25,095] INFO django.server: "GET /api/search_recipes/?ingredients=%D1%8F%D0%B9%D1%86%D0%B0+%D0%B1%D0%B5%D0%BA%D0%BE%D0%BD&kitchen=eastern_european HTTP/1.1" 200 27455
[2026-04-20 13:11:53,406] INFO django.server: "GET /api/search_recipes/?ingredients=%D1%8F%D0%B9%D1%86%D0%B0%2C+%D0%B1%D0%B5%D0%BA%D0%BE%D0%BD&kitchen=eastern_european HTTP/1.1" 200 27455
[2026-04-20 13:12:25,875] INFO django.server: "GET /recipe/644476/ HTTP/1.1" 200 18228
[2026-04-20 13:12:57,653] INFO django.server: "GET /recipe/644476/ HTTP/1.1" 200 18228
[2026-04-20 13:13:31,030] INFO django.server: "GET /recipe/644476/cooking/ HTTP/1.1" 200 15297
[2026-04-20 13:14:04,058] INFO django.server: "GET /recipe/644476/ HTTP/1.1" 200 18228
[2026-04-20 13:14:05,873] INFO django.server: "GET / HTTP/1.1" 200 5775
[2026-04-20 13:14:07,198] INFO django.server: "GET /compose/ HTTP/1.1" 200 24611
[2026-04-20 13:15:34,457] INFO django.server: "GET /api/search_recipes/?ingredients=%D0%BC%D1%83%D0%BA%D0%B0+%D1%8F%D0%B9%D1%86%D0%B0&kitchen=eastern_european HTTP/1.1" 200 21362
[2026-04-20 13:16:26,800] INFO django.server: "GET /recipe/644476/ HTTP/1.1" 200 18228
[2026-04-20 13:17:03,565] INFO django.server: "GET /api/search_recipes/?ingredients=%D0%BC%D1%83%D0%BA%D0%B0+%D1%8F%D0%B9%D1%86%D0%B0&kitchen=eastern_european HTTP/1.1" 200 21362
[2026-04-20 13:19:47,050] INFO django.utils.autoreload: C:\Users\Micie456\PycharmProjects\Diplom\diplom\mainapp\views.py changed, reloading.
[2026-04-20 13:19:47,547] INFO django.utils.autoreload: Watching for file changes with StatReloader
[2026-04-20 13:20:24,527] INFO django.utils.autoreload: C:\Users\Micie456\PycharmProjects\Diplom\diplom\diplom\urls.py changed, reloading.
[2026-04-20 13:20:24,991] INFO django.utils.autoreload: Watching for file changes with StatReloader
[2026-04-20 13:24:23,152] INFO django.utils.autoreload: Watching for file changes with StatReloader
[2026-04-20 13:24:26,251] INFO django.server: "GET / HTTP/1.1" 200 5775
[2026-04-20 13:24:31,254] INFO django.server: "GET /recipe/43/ HTTP/1.1" 200 18313
[2026-04-20 13:24:31,293] WARNING django.request: Not Found: /media/Diplom_6.png
[2026-04-20 13:24:31,294] WARNING django.server: "GET /media/Diplom_6.png HTTP/1.1" 404 5736
[2026-04-20 13:25:50,680] INFO django.server: "GET /api/recipe/fetch/43/ HTTP/1.1" 200 17794
[2026-04-20 13:26:07,090] INFO django.server: "GET /recipe/43/cooking/ HTTP/1.1" 200 13758
[2026-04-20 13:26:17,876] INFO django.server: "GET /recipe/43/ HTTP/1.1" 200 18313
[2026-04-20 13:26:17,914] WARNING django.request: Not Found: /media/Diplom_6.png
[2026-04-20 13:26:17,914] WARNING django.server: "GET /media/Diplom_6.png HTTP/1.1" 404 5736
[2026-04-20 13:26:59,561] INFO django.server: "GET /api/recipe/fetch/43/ HTTP/1.1" 200 17863
[2026-04-20 13:27:25,904] INFO django.server: "GET /recipe/43/cooking/ HTTP/1.1" 200 13758
[2026-04-20 13:29:56,502] INFO django.utils.autoreload: C:\Users\Micie456\PycharmProjects\Diplom\diplom\mainapp\views.py changed, reloading.
[2026-04-20 13:29:56,985] INFO django.utils.autoreload: Watching for file changes with StatReloader
[2026-04-20 13:30:07,178] INFO django.utils.autoreload: C:\Users\Micie456\PycharmProjects\Diplom\diplom\mainapp\views.py changed, reloading.
[2026-04-20 13:30:07,643] INFO django.utils.autoreload: Watching for file changes with StatReloader
[2026-04-20 13:31:26,703] INFO django.server: "GET / HTTP/1.1" 200 5775
[2026-04-20 13:31:31,700] INFO django.utils.autoreload: Watching for file changes with StatReloader
[2026-04-20 13:31:33,410] INFO django.server: "GET / HTTP/1.1" 200 5775
[2026-04-20 13:33:11,562] INFO django.server: "GET /recipe/43/ HTTP/1.1" 200 18313
[2026-04-20 13:33:11,596] WARNING django.request: Not Found: /media/Diplom_6.png
[2026-04-20 13:33:11,596] WARNING django.server: "GET /media/Diplom_6.png HTTP/1.1" 404 5736
[2026-04-20 13:33:52,791] INFO django.server: "GET /api/recipe/fetch/43/ HTTP/1.1" 200 17863
[2026-04-20 13:34:07,905] INFO django.server: "GET /recipe/43/cooking/ HTTP/1.1" 200 18132
[2026-04-20 13:34:46,676] INFO django.server: "GET /api/recipe/fetch/43/ HTTP/1.1" 200 17863
[2026-04-20 13:37:03,938] INFO django.server: "GET /recipe/43/ HTTP/1.1" 200 18313
[2026-04-20 13:37:03,974] WARNING django.request: Not Found: /media/Diplom_6.png
[2026-04-20 13:37:03,974] WARNING django.server: "GET /media/Diplom_6.png HTTP/1.1" 404 5736
[2026-04-20 13:40:37,489] INFO django.server: "GET / HTTP/1.1" 200 5775
[2026-04-20 13:40:38,426] INFO django.server: "GET /meal-plan/ HTTP/1.1" 200 55430
[2026-04-20 15:54:46,729] INFO django.utils.autoreload: Watching for file changes with StatReloader
[2026-04-20 15:54:49,346] INFO django.server: "GET / HTTP/1.1" 200 5767
[2026-04-20 15:54:52,616] INFO django.server: "GET /login/ HTTP/1.1" 200 2146
[2026-04-20 15:54:55,377] INFO django.server: "POST /login/ HTTP/1.1" 302 0
[2026-04-20 15:54:55,428] INFO django.server: "GET / HTTP/1.1" 200 5775
[2026-04-20 15:54:58,546] INFO django.server: "GET /profile/ HTTP/1.1" 200 59705
[2026-04-20 15:54:58,594] WARNING django.request: Not Found: /media/diplom_1.jpg
[2026-04-20 15:54:58,594] WARNING django.server: "GET /static/images/default_recipe.jpg HTTP/1.1" 404 2002
[2026-04-20 15:54:58,595] WARNING django.server: "GET /media/diplom_1.jpg HTTP/1.1" 404 6946
[2026-04-20 15:54:58,655] INFO django.server: "GET /media/recipes/17_%D0%9A%D1%83%D1%80%D0%B8%D0%BD%D1%8B%D0%B9_%D1%81%D1%83%D0%BF.jpg HTTP/1.1" 200 16283
[2026-04-20 15:54:58,657] INFO django.server: "GET /media/recipes/9_%D0%A2%D0%B2%D0%BE%D1%80%D0%BE%D0%B3_%D1%81%D0%BE_%D1%81%D0%BC%D0%B5%D1%82%D0%B0%D0%BD%D0%BE%D0%B9.jpg HTTP/1.1" 200 14612
[2026-04-20 16:58:22,442] INFO django.utils.autoreload: Watching for file changes with StatReloader
[2026-04-20 16:58:25,894] INFO django.server: "GET / HTTP/1.1" 200 5775
[2026-04-20 16:58:27,656] INFO django.server: "GET /recipe/4/ HTTP/1.1" 200 18265
[2026-04-20 16:58:27,691] WARNING django.request: Not Found: /media/Diplom4.jpg
[2026-04-20 16:58:27,692] WARNING django.server: "GET /media/Diplom4.jpg HTTP/1.1" 404 6942
[2026-04-20 16:58:29,728] INFO django.server: "GET /recipe/43/ HTTP/1.1" 200 18313
[2026-04-20 16:58:29,777] WARNING django.request: Not Found: /media/Diplom_6.png
[2026-04-20 16:58:29,777] WARNING django.server: "GET /media/Diplom_6.png HTTP/1.1" 404 6946
[2026-04-20 16:59:13,600] INFO django.server: "GET /api/recipe/fetch/43/ HTTP/1.1" 200 17863
[2026-04-20 17:08:13,283] INFO django.server: "GET / HTTP/1.1" 200 5775
[2026-04-20 17:08:16,716] INFO django.server: "GET /recipe/4/ HTTP/1.1" 200 18265
[2026-04-20 17:08:16,750] WARNING django.request: Not Found: /media/Diplom4.jpg
[2026-04-20 17:08:16,751] WARNING django.server: "GET /media/Diplom4.jpg HTTP/1.1" 404 6942
[2026-04-20 17:08:51,785] INFO django.server: "GET /api/recipe/fetch/4/ HTTP/1.1" 200 10151
[2026-04-20 17:08:59,269] INFO django.server: "GET / HTTP/1.1" 200 5775
[2026-04-20 17:58:07,699] INFO django.utils.autoreload: Watching for file changes with StatReloader
[2026-04-20 17:58:10,340] INFO django.server: "GET / HTTP/1.1" 200 5775
[2026-04-20 17:58:11,504] INFO django.server: "GET /profile/ HTTP/1.1" 200 59705
[2026-04-20 17:58:11,545] WARNING django.request: Not Found: /media/diplom_1.jpg
[2026-04-20 17:58:11,546] WARNING django.server: "GET /static/images/default_recipe.jpg HTTP/1.1" 404 2002
[2026-04-20 17:58:11,546] WARNING django.server: "GET /media/diplom_1.jpg HTTP/1.1" 404 6946
[2026-04-20 17:58:23,414] INFO django.server: "POST /api/shopping-list/clear/ HTTP/1.1" 200 17
[2026-04-20 18:01:13,217] INFO django.server: "GET /logout/ HTTP/1.1" 302 0
[2026-04-20 18:01:13,263] INFO django.server: "GET / HTTP/1.1" 200 5767
[2026-04-20 18:01:14,752] INFO django.server: "GET /login/ HTTP/1.1" 200 2146
[2026-04-20 18:01:16,701] INFO django.server: "GET /meal-plan/ HTTP/1.1" 302 0
[2026-04-20 18:01:16,709] INFO django.server: "GET /login/?next=/meal-plan/ HTTP/1.1" 200 2157
[2026-04-20 18:01:23,464] INFO django.server: "POST /login/?next=/meal-plan/ HTTP/1.1" 302 0
[2026-04-20 18:01:23,516] INFO django.server: "GET /meal-plan/ HTTP/1.1" 200 55430
[2026-04-20 18:01:26,098] INFO django.server: "GET / HTTP/1.1" 200 5775
[2026-04-20 18:01:36,486] INFO django.server: "GET /recipe/4/ HTTP/1.1" 200 18265
[2026-04-20 18:01:36,524] WARNING django.request: Not Found: /media/Diplom4.jpg
[2026-04-20 18:01:36,525] WARNING django.server: "GET /media/Diplom4.jpg HTTP/1.1" 404 6942
[2026-04-20 18:02:12,994] INFO django.server: "GET /api/recipe/fetch/4/ HTTP/1.1" 200 10151
[2026-04-21 12:53:46,178] INFO django.utils.autoreload: Watching for file changes with StatReloader
[2026-04-21 12:53:48,203] INFO django.server: "GET / HTTP/1.1" 200 5775
[2026-04-21 12:53:48,340] INFO django.server: "GET /static/css/style.css HTTP/1.1" 304 0
[2026-04-21 12:53:48,349] INFO django.server: "GET /static/images/Diplom_3.jpg HTTP/1.1" 304 0
[2026-04-21 12:53:48,351] INFO django.server: "GET /static/images/Diplom4.jpg HTTP/1.1" 304 0
[2026-04-21 12:53:48,352] INFO django.server: "GET /static/images/diplom_1.jpg HTTP/1.1" 304 0
[2026-04-21 12:53:48,352] INFO django.server: "GET /static/images/Diplom_6.png HTTP/1.1" 304 0
[2026-04-21 12:53:48,353] INFO django.server: "GET /static/images/Diplom_2.jpg HTTP/1.1" 304 0
[2026-04-21 12:53:48,354] INFO django.server: "GET /static/images/Diplom_5.png HTTP/1.1" 304 0
[2026-04-21 12:53:48,359] INFO django.server: "GET /static/images/background.jpg HTTP/1.1" 304 0
[2026-04-21 12:53:56,225] INFO django.server: "GET /profile/ HTTP/1.1" 200 46129
[2026-04-21 12:53:56,266] INFO django.server: "GET /media/recipes/9_%D0%A2%D0%B2%D0%BE%D1%80%D0%BE%D0%B3_%D1%81%D0%BE_%D1%81%D0%BC%D0%B5%D1%82%D0%B0%D0%BD%D0%BE%D0%B9.jpg HTTP/1.1" 304 0
[2026-04-21 12:53:56,266] INFO django.server: "GET /media/recipes/17_%D0%9A%D1%83%D1%80%D0%B8%D0%BD%D1%8B%D0%B9_%D1%81%D1%83%D0%BF.jpg HTTP/1.1" 304 0
[2026-04-21 12:53:56,270] WARNING django.request: Not Found: /media/diplom_1.jpg
[2026-04-21 12:53:56,273] WARNING django.server: "GET /media/diplom_1.jpg HTTP/1.1" 404 6946
[2026-04-21 12:53:56,273] WARNING django.server: "GET /static/images/default_recipe.jpg HTTP/1.1" 404 2002
[2026-04-21 12:54:00,865] INFO django.server: "GET /recipe/36/ HTTP/1.1" 200 18099
[2026-04-21 12:54:02,814] INFO django.server: "GET / HTTP/1.1" 200 5775
[2026-04-21 12:54:04,570] INFO django.server: "GET /profile/ HTTP/1.1" 200 46129
[2026-04-21 12:54:04,608] WARNING django.server: "GET /static/images/default_recipe.jpg HTTP/1.1" 404 2002
[2026-04-21 12:54:04,612] WARNING django.request: Not Found: /media/diplom_1.jpg
[2026-04-21 12:54:04,613] WARNING django.server: "GET /media/diplom_1.jpg HTTP/1.1" 404 6946
[2026-04-21 12:54:06,636] INFO django.server: "GET /recipe/9/ HTTP/1.1" 200 18357
[2026-04-21 12:55:04,804] INFO django.server: "GET / HTTP/1.1" 200 5775
[2026-04-21 12:55:05,866] INFO django.server: "GET /api/recipe/fetch/9/ HTTP/1.1" 200 15562
[2026-04-21 12:55:06,168] INFO django.server: "GET /profile/ HTTP/1.1" 200 46129
[2026-04-21 12:55:06,208] WARNING django.request: Not Found: /media/diplom_1.jpg
[2026-04-21 12:55:06,208] WARNING django.server: "GET /static/images/default_recipe.jpg HTTP/1.1" 404 2002
[2026-04-21 12:55:06,208] WARNING django.server: "GET /media/diplom_1.jpg HTTP/1.1" 404 6946
[2026-04-21 13:12:24,447] INFO django.server: "GET / HTTP/1.1" 200 5775
[2026-04-21 13:12:26,966] INFO django.server: "GET /compose/ HTTP/1.1" 200 24611
[2026-04-21 13:12:27,004] INFO django.server: "GET /media/ingridients/kokososovoe__moloko.png HTTP/1.1" 304 0
[2026-04-21 13:16:06,973] INFO django.server: "GET /admin/ HTTP/1.1" 200 17242
[2026-04-21 13:16:07,017] INFO django.server: "GET /static/admin/img/icon-deletelink.svg HTTP/1.1" 304 0
[2026-04-21 13:23:55,764] INFO django.server: "GET / HTTP/1.1" 200 5775
[2026-04-21 13:23:58,654] INFO django.server: "GET /compose/ HTTP/1.1" 200 24611
[2026-04-21 13:24:00,041] INFO django.server: "GET / HTTP/1.1" 200 5775
[2026-04-21 13:24:00,687] INFO django.server: "GET /profile/ HTTP/1.1" 200 46129
[2026-04-21 13:24:00,740] WARNING django.request: Not Found: /media/diplom_1.jpg
[2026-04-21 13:24:00,740] WARNING django.server: "GET /static/images/default_recipe.jpg HTTP/1.1" 404 2002
[2026-04-21 13:24:00,742] WARNING django.server: "GET /media/diplom_1.jpg HTTP/1.1" 404 6946
[2026-04-21 13:24:52,144] INFO django.server: "GET /admin/ HTTP/1.1" 200 17242
[2026-04-21 13:24:54,729] INFO django.server: "GET /admin/mainapp/favorite/ HTTP/1.1" 200 17057
[2026-04-21 13:24:54,835] INFO django.server: "GET /admin/jsi18n/ HTTP/1.1" 200 3342
[2026-04-21 13:24:55,866] INFO django.server: "GET /admin/mainapp/favorite/10/change/ HTTP/1.1" 200 20260
[2026-04-21 13:24:55,938] INFO django.server: "GET /admin/jsi18n/ HTTP/1.1" 200 3342
[2026-04-21 13:24:57,752] INFO django.server: "GET /admin/mainapp/favorite/ HTTP/1.1" 200 17057
[2026-04-21 13:24:58,622] INFO django.server: "GET /admin/mainapp/favorite/9/change/ HTTP/1.1" 200 20255
[2026-04-21 13:24:58,799] INFO django.server: "GET /admin/jsi18n/ HTTP/1.1" 200 3342
[2026-04-21 13:24:59,977] INFO django.server: "GET /admin/mainapp/favorite/ HTTP/1.1" 200 17057
[2026-04-21 13:25:01,070] INFO django.server: "GET /admin/mainapp/favorite/8/change/ HTTP/1.1" 200 20255
[2026-04-21 13:25:01,145] INFO django.server: "GET /admin/jsi18n/ HTTP/1.1" 200 3342
[2026-04-21 13:25:02,539] INFO django.server: "GET /admin/mainapp/favorite/ HTTP/1.1" 200 17057
[2026-04-21 13:25:03,451] INFO django.server: "GET /admin/mainapp/favorite/1/change/ HTTP/1.1" 200 20255
[2026-04-21 13:25:03,518] INFO django.server: "GET /admin/jsi18n/ HTTP/1.1" 200 3342
[2026-04-21 13:25:04,671] INFO django.server: "GET /admin/mainapp/favorite/ HTTP/1.1" 200 17057
[2026-04-21 13:25:05,528] INFO django.server: "GET /admin/mainapp/favorite/2/change/ HTTP/1.1" 200 20255
[2026-04-21 13:25:05,603] INFO django.server: "GET /admin/jsi18n/ HTTP/1.1" 200 3342
[2026-04-21 13:25:09,290] INFO django.server: "GET /admin/mainapp/favorite/ HTTP/1.1" 200 17057
[2026-04-21 13:25:11,725] INFO django.server: "GET /admin/mainapp/kitchenname/ HTTP/1.1" 200 17783
[2026-04-21 13:25:11,798] INFO django.server: "GET /admin/jsi18n/ HTTP/1.1" 200 3342
[2026-04-21 13:25:13,455] INFO django.server: "GET /admin/mainapp/recipeingredient/ HTTP/1.1" 200 47006
[2026-04-21 13:25:13,527] INFO django.server: "GET /admin/jsi18n/ HTTP/1.1" 200 3342
[2026-04-21 13:25:14,523] INFO django.server: "GET /admin/mainapp/recipeingredient/275/change/ HTTP/1.1" 200 27168
[2026-04-21 13:25:14,598] INFO django.server: "GET /admin/jsi18n/ HTTP/1.1" 200 3342
[2026-04-21 13:25:16,332] INFO django.server: "GET /admin/mainapp/recipeingredient/ HTTP/1.1" 200 47006
[2026-04-21 13:25:17,235] INFO django.server: "GET /admin/mainapp/recipes/ HTTP/1.1" 200 28959
[2026-04-21 13:25:17,307] INFO django.server: "GET /admin/jsi18n/ HTTP/1.1" 200 3342
[2026-04-21 13:25:18,227] INFO django.server: "GET /admin/mainapp/recipes/38/change/ HTTP/1.1" 200 20460
[2026-04-21 13:25:18,399] INFO django.server: "GET /admin/jsi18n/ HTTP/1.1" 200 3342
[2026-04-21 13:25:20,167] INFO django.server: "GET /admin/mainapp/recipes/ HTTP/1.1" 200 28959
[2026-04-21 13:25:34,962] INFO django.server: "GET /admin/mainapp/recipes/36/change/ HTTP/1.1" 200 20580
[2026-04-21 13:25:35,145] INFO django.server: "GET /admin/jsi18n/ HTTP/1.1" 200 3342
[2026-04-21 13:29:16,025] INFO django.server: "POST /admin/mainapp/recipes/36/change/ HTTP/1.1" 302 0
[2026-04-21 13:29:16,087] INFO django.server: "GET /admin/mainapp/recipes/ HTTP/1.1" 200 29213
[2026-04-21 13:29:16,164] INFO django.server: "GET /admin/jsi18n/ HTTP/1.1" 200 3342
[2026-04-21 13:29:20,807] INFO django.server: "GET / HTTP/1.1" 200 5775
[2026-04-21 13:29:22,099] INFO django.server: "GET /profile/ HTTP/1.1" 200 46101
[2026-04-21 13:29:22,134] WARNING django.request: Not Found: /media/diplom_1.jpg
[2026-04-21 13:29:22,136] WARNING django.server: "GET /media/diplom_1.jpg HTTP/1.1" 404 6946
[2026-04-21 13:29:22,136] WARNING django.server: "GET /static/images/default_recipe.jpg HTTP/1.1" 404 2002
[2026-04-21 13:29:22,215] INFO django.server: "GET /media/recipes/kasha_risovaya.png HTTP/1.1" 200 595377
[2026-04-21 13:29:52,139] INFO django.server: "GET /recipe/9/ HTTP/1.1" 200 18357
[2026-04-21 13:29:57,139] INFO django.server: "GET /recipe/9/ HTTP/1.1" 200 18357
[2026-04-21 13:30:03,487] INFO django.server: "GET /recipe/9/ HTTP/1.1" 200 18357
[2026-04-21 13:34:49,399] INFO django.server: "POST /api/meal-plan/delete/1/ HTTP/1.1" 200 17
[2026-04-21 13:34:57,335] INFO django.server: "POST /api/meal-plan/delete/2/ HTTP/1.1" 200 17
[2026-04-21 13:34:59,240] INFO django.server: "GET /recipe/36/ HTTP/1.1" 200 18294
[2026-04-21 13:34:59,272] INFO django.server: "GET /media/recipes/kasha_risovaya.png HTTP/1.1" 304 0
[2026-04-21 13:39:32,427] INFO django.utils.autoreload: C:\Users\Micie456\PycharmProjects\Diplom\diplom\mainapp\models.py changed, reloading.
[2026-04-21 13:39:33,402] INFO django.utils.autoreload: Watching for file changes with StatReloader
[2026-04-21 13:39:40,749] INFO django.utils.autoreload: C:\Users\Micie456\PycharmProjects\Diplom\diplom\mainapp\models.py changed, reloading.
[2026-04-21 13:39:41,300] INFO django.utils.autoreload: Watching for file changes with StatReloader
[2026-04-21 13:40:50,523] INFO django.utils.autoreload: C:\Users\Micie456\PycharmProjects\Diplom\diplom\mainapp\views.py changed, reloading.
[2026-04-21 13:40:51,043] INFO django.utils.autoreload: Watching for file changes with StatReloader
[2026-04-21 13:46:56,310] INFO django.utils.autoreload: Watching for file changes with StatReloader
[2026-04-21 13:46:57,810] INFO django.server: "GET / HTTP/1.1" 200 5775
[2026-04-21 13:46:59,816] INFO django.server: "GET /profile/ HTTP/1.1" 200 31606
[2026-04-21 13:46:59,853] WARNING django.request: Not Found: /media/diplom_1.jpg
[2026-04-21 13:46:59,853] INFO django.server: "GET /media/recipes/kasha_risovaya.png HTTP/1.1" 304 0
[2026-04-21 13:46:59,854] WARNING django.server: "GET /media/diplom_1.jpg HTTP/1.1" 404 6946
[2026-04-21 13:46:59,856] WARNING django.server: "GET /static/images/default_recipe.jpg HTTP/1.1" 404 2002
[2026-04-21 13:47:01,830] INFO django.server: "GET /recipe/9/ HTTP/1.1" 200 20797
[2026-04-21 13:47:03,948] INFO django.server: "GET /recipe/9/ HTTP/1.1" 200 20797
[2026-04-21 13:47:15,075] INFO django.server: "GET /recipe/22/ HTTP/1.1" 200 20561
[2026-04-21 13:47:18,615] INFO django.server: "GET /recipe/26/ HTTP/1.1" 200 20537
[2026-04-21 13:47:24,578] INFO django.server: "GET /recipe/35/ HTTP/1.1" 200 20525
[2026-04-21 13:47:55,228] INFO django.server: "GET /profile/ HTTP/1.1" 200 31606
[2026-04-21 13:47:55,264] WARNING django.request: Not Found: /media/diplom_1.jpg
[2026-04-21 13:47:55,266] WARNING django.server: "GET /static/images/default_recipe.jpg HTTP/1.1" 404 2002
[2026-04-21 13:47:55,266] WARNING django.server: "GET /media/diplom_1.jpg HTTP/1.1" 404 6946
[2026-04-21 13:47:55,349] INFO django.server: "GET /static/css/style.css HTTP/1.1" 200 12002
[2026-04-21 13:47:55,357] INFO django.server: "GET /static/images/background.jpg HTTP/1.1" 200 162739
[2026-04-21 13:47:55,361] INFO django.server: "GET /media/recipes/9_%D0%A2%D0%B2%D0%BE%D1%80%D0%BE%D0%B3_%D1%81%D0%BE_%D1%81%D0%BC%D0%B5%D1%82%D0%B0%D0%BD%D0%BE%D0%B9.jpg HTTP/1.1" 200 14612
[2026-04-21 13:47:55,365] INFO django.server: "GET /media/recipes/17_%D0%9A%D1%83%D1%80%D0%B8%D0%BD%D1%8B%D0%B9_%D1%81%D1%83%D0%BF.jpg HTTP/1.1" 200 16283
[2026-04-21 13:47:55,373] INFO django.server: "GET /media/recipes/kasha_risovaya.png HTTP/1.1" 200 595377
[2026-04-21 13:47:55,667] WARNING django.request: Not Found: /favicon.ico
[2026-04-21 13:47:55,667] WARNING django.server: "GET /favicon.ico HTTP/1.1" 404 6697
[2026-04-21 13:47:56,962] INFO django.server: "GET /recipe/1/ HTTP/1.1" 200 20772
[2026-04-21 13:47:57,003] WARNING django.request: Not Found: /media/diplom_1.jpg
[2026-04-21 13:47:57,003] WARNING django.server: "GET /media/diplom_1.jpg HTTP/1.1" 404 6946
[2026-04-21 13:48:02,115] INFO django.server: "GET /recipe/22/ HTTP/1.1" 200 20561
[2026-04-21 13:48:04,166] INFO django.server: "GET /recipe/22/ HTTP/1.1" 200 20561
[2026-04-21 13:48:06,173] INFO django.server: "GET /recipe/26/ HTTP/1.1" 200 20537
[2026-04-21 13:48:08,567] INFO django.server: "GET /recipe/20/ HTTP/1.1" 200 20495
[2026-04-21 13:48:10,868] INFO django.server: "GET /recipe/36/ HTTP/1.1" 200 20734
[2026-04-21 13:48:12,503] INFO django.server: "GET /recipe/9/ HTTP/1.1" 200 20797
[2026-04-21 13:48:15,700] INFO django.server: "GET /recipe/25/ HTTP/1.1" 200 20553
[2026-04-21 13:48:20,147] INFO django.server: "GET /compose/ HTTP/1.1" 200 27686
[2026-04-21 13:48:21,255] INFO django.server: "GET / HTTP/1.1" 200 5775
[2026-04-21 13:48:21,786] INFO django.server: "GET /meal-plan/ HTTP/1.1" 200 53478
[2026-04-21 13:48:23,407] INFO django.server: "GET /profile/ HTTP/1.1" 200 31606
[2026-04-21 13:48:23,456] WARNING django.request: Not Found: /media/diplom_1.jpg
[2026-04-21 13:48:23,459] WARNING django.server: "GET /media/diplom_1.jpg HTTP/1.1" 404 6946
[2026-04-21 13:48:23,459] WARNING django.server: "GET /static/images/default_recipe.jpg HTTP/1.1" 404 2002
[2026-04-21 13:51:34,910] INFO django.utils.autoreload: Watching for file changes with StatReloader
[2026-04-21 13:51:36,357] INFO django.server: "GET / HTTP/1.1" 200 5775
[2026-04-21 13:51:39,045] INFO django.server: "GET /profile/ HTTP/1.1" 200 31671
[2026-04-21 13:51:39,084] INFO django.server: "GET /media/recipes/kasha_risovaya.png HTTP/1.1" 304 0
[2026-04-21 13:51:39,088] WARNING django.request: Not Found: /media/diplom_1.jpg
[2026-04-21 13:51:39,091] WARNING django.server: "GET /media/diplom_1.jpg HTTP/1.1" 404 6946
[2026-04-21 13:51:39,091] WARNING django.server: "GET /static/images/default_recipe.jpg HTTP/1.1" 404 2002
[2026-04-21 13:51:40,259] INFO django.server: "GET /recipe/1/ HTTP/1.1" 200 20772
[2026-04-21 13:51:40,298] WARNING django.request: Not Found: /media/diplom_1.jpg
[2026-04-21 13:51:40,298] WARNING django.server: "GET /media/diplom_1.jpg HTTP/1.1" 404 6946
[2026-04-21 13:51:43,459] INFO django.server: "GET /recipe/9/ HTTP/1.1" 200 20797
[2026-04-21 13:51:45,558] INFO django.server: "GET /recipe/36/ HTTP/1.1" 200 20734
[2026-04-21 13:51:50,456] INFO django.server: "GET /recipe/17/ HTTP/1.1" 200 20718
[2026-04-21 13:52:09,418] INFO django.server: "GET /compose/ HTTP/1.1" 200 27686
[2026-04-21 13:52:10,533] INFO django.server: "GET / HTTP/1.1" 200 5775
[2026-04-21 13:52:11,363] INFO django.server: "GET /meal-plan/ HTTP/1.1" 200 53478
[2026-04-21 13:52:12,573] INFO django.server: "GET / HTTP/1.1" 200 5775
[2026-04-21 13:52:13,226] INFO django.server: "GET /compose/ HTTP/1.1" 200 27686
[2026-04-21 13:52:14,046] INFO django.server: "GET / HTTP/1.1" 200 5775
[2026-04-21 13:52:15,251] INFO django.server: "GET /meal-plan/ HTTP/1.1" 200 53478
[2026-04-21 13:52:51,694] INFO django.utils.autoreload: C:\Users\Micie456\PycharmProjects\Diplom\diplom\mainapp\models.py changed, reloading.
[2026-04-21 13:52:52,223] INFO django.utils.autoreload: Watching for file changes with StatReloader
[2026-04-21 13:59:02,719] INFO django.utils.autoreload: Watching for file changes with StatReloader
[2026-04-21 13:59:04,000] INFO django.server: "GET / HTTP/1.1" 200 5775
[2026-04-21 13:59:05,749] INFO django.server: "GET /profile/ HTTP/1.1" 200 31020
[2026-04-21 13:59:05,792] WARNING django.request: Not Found: /media/diplom_1.jpg
[2026-04-21 13:59:05,792] INFO django.server: "GET /media/recipes/kasha_risovaya.png HTTP/1.1" 304 0
[2026-04-21 13:59:05,794] WARNING django.server: "GET /media/diplom_1.jpg HTTP/1.1" 404 6946
[2026-04-21 13:59:05,795] WARNING django.server: "GET /static/images/default_recipe.jpg HTTP/1.1" 404 2002
[2026-04-21 13:59:08,177] INFO django.server: "POST /api/favorites/remove/3/ HTTP/1.1" 200 17
[2026-04-21 13:59:10,081] INFO django.server: "POST /api/favorites/remove/1/ HTTP/1.1" 200 17
[2026-04-21 13:59:11,845] INFO django.server: "POST /api/favorites/remove/4/ HTTP/1.1" 200 17
[2026-04-21 13:59:13,469] INFO django.server: "POST /api/favorites/remove/6/ HTTP/1.1" 200 17
[2026-04-21 13:59:15,159] INFO django.server: "POST /api/favorites/remove/10/ HTTP/1.1" 200 17
[2026-04-21 13:59:16,189] INFO django.server: "GET /recipe/20/ HTTP/1.1" 200 20495
[2026-04-21 13:59:19,226] INFO django.server: "POST /api/favorites/remove/7/ HTTP/1.1" 200 17
[2026-04-21 13:59:21,109] INFO django.server: "POST /api/favorites/remove/2/ HTTP/1.1" 200 17
[2026-04-21 13:59:22,933] INFO django.server: "POST /api/favorites/remove/5/ HTTP/1.1" 200 17
[2026-04-21 13:59:24,530] INFO django.server: "POST /api/favorites/remove/8/ HTTP/1.1" 200 17
[2026-04-21 13:59:26,268] INFO django.server: "POST /api/favorites/remove/9/ HTTP/1.1" 200 17
[2026-04-21 13:59:29,160] INFO django.server: "GET / HTTP/1.1" 200 5775
[2026-04-21 13:59:32,046] INFO django.server: "GET /recipe/1/ HTTP/1.1" 200 20772
[2026-04-21 13:59:32,086] WARNING django.request: Not Found: /media/diplom_1.jpg
[2026-04-21 13:59:32,086] WARNING django.server: "GET /media/diplom_1.jpg HTTP/1.1" 404 6946
[2026-04-21 13:59:33,715] INFO django.server: "GET / HTTP/1.1" 200 5775
[2026-04-21 13:59:34,242] INFO django.server: "GET /meal-plan/ HTTP/1.1" 200 53478
[2026-04-21 13:59:35,899] INFO django.server: "GET /compose/ HTTP/1.1" 200 27686
[2026-04-21 13:59:55,268] INFO django.server: "GET /api/search_recipes/?ingredients=%D0%BA%D1%83%D1%80%D0%B8%D1%86%D0%B0&kitchen=chinese HTTP/1.1" 200 27597
[2026-04-21 14:01:03,941] ERROR django.request: Internal Server Error: /api/favorites/save/
Traceback (most recent call last):
  File "C:\Users\Micie456\PycharmProjects\Diplom\.venv\Lib\site-packages\django\core\handlers\exception.py", line 55, in inner
    response = get_response(request)
               ^^^^^^^^^^^^^^^^^^^^^
  File "C:\Users\Micie456\PycharmProjects\Diplom\.venv\Lib\site-packages\django\core\handlers\base.py", line 198, in _get_response
    response = wrapped_callback(request, *callback_args, **callback_kwargs)
               ^^^^^^^^^^^^^^^^^^^^^^^^^^^^^^^^^^^^^^^^^^^^^^^^^^^^^^^^^^^^
  File "C:\Users\Micie456\PycharmProjects\Diplom\.venv\Lib\site-packages\django\views\decorators\http.py", line 64, in inner
    return func(request, *args, **kwargs)
           ^^^^^^^^^^^^^^^^^^^^^^^^^^^^^^
  File "C:\Users\Micie456\PycharmProjects\Diplom\.venv\Lib\site-packages\django\contrib\auth\decorators.py", line 59, in _view_wrapper
    return view_func(request, *args, **kwargs)
           ^^^^^^^^^^^^^^^^^^^^^^^^^^^^^^^^^^^
  File "C:\Users\Micie456\PycharmProjects\Diplom\diplom\mainapp\views.py", line 824, in save_to_favorites
    recipe = Recipes.objects.filter(spoonacular_id=spoonacular_id).first()
             ^^^^^^^^^^^^^^^^^^^^^^^^^^^^^^^^^^^^^^^^^^^^^^^^^^^^^
  File "C:\Users\Micie456\PycharmProjects\Diplom\.venv\Lib\site-packages\django\db\models\manager.py", line 87, in manager_method
    return getattr(self.get_queryset(), name)(*args, **kwargs)
           ^^^^^^^^^^^^^^^^^^^^^^^^^^^^^^^^^^^^^^^^^^^^^^^^^^^
  File "C:\Users\Micie456\PycharmProjects\Diplom\.venv\Lib\site-packages\django\db\models\query.py", line 1542, in filter
    return self._filter_or_exclude(False, args, kwargs)
           ^^^^^^^^^^^^^^^^^^^^^^^^^^^^^^^^^^^^^^^^^^^^
  File "C:\Users\Micie456\PycharmProjects\Diplom\.venv\Lib\site-packages\django\db\models\query.py", line 1560, in _filter_or_exclude
    clone._filter_or_exclude_inplace(negate, args, kwargs)
  File "C:\Users\Micie456\PycharmProjects\Diplom\.venv\Lib\site-packages\django\db\models\query.py", line 1570, in _filter_or_exclude_inplace
    self._query.add_q(Q(*args, **kwargs))
  File "C:\Users\Micie456\PycharmProjects\Diplom\.venv\Lib\site-packages\django\db\models\sql\query.py", line 1676, in add_q
    clause, _ = self._add_q(q_object, can_reuse)
                ^^^^^^^^^^^^^^^^^^^^^^^^^^^^^^^^
  File "C:\Users\Micie456\PycharmProjects\Diplom\.venv\Lib\site-packages\django\db\models\sql\query.py", line 1708, in _add_q
    child_clause, needed_inner = self.build_filter(
                                 ^^^^^^^^^^^^^^^^^^
  File "C:\Users\Micie456\PycharmProjects\Diplom\.venv\Lib\site-packages\django\db\models\sql\query.py", line 1556, in build_filter
    lookups, parts, reffed_expression = self.solve_lookup_type(arg, summarize)
                                        ^^^^^^^^^^^^^^^^^^^^^^^^^^^^^^^^^^^^^^
  File "C:\Users\Micie456\PycharmProjects\Diplom\.venv\Lib\site-packages\django\db\models\sql\query.py", line 1363, in solve_lookup_type
    _, field, _, lookup_parts = self.names_to_path(lookup_splitted, self.get_meta())
                                ^^^^^^^^^^^^^^^^^^^^^^^^^^^^^^^^^^^^^^^^^^^^^^^^^^^^
  File "C:\Users\Micie456\PycharmProjects\Diplom\.venv\Lib\site-packages\django\db\models\sql\query.py", line 1842, in names_to_path
    raise FieldError(
django.core.exceptions.FieldError: Cannot resolve keyword 'spoonacular_id' into field. Choices are: KitchennameId, KitchennameId_id, calories, cookinghistory, description, favorite, goal_suitability, id, image, meal_type, mealplanitem, name, recipeingredient
[2026-04-21 14:01:03,944] ERROR django.server: "POST /api/favorites/save/ HTTP/1.1" 500 130663
[2026-04-21 14:01:06,474] INFO django.server: "GET /profile/ HTTP/1.1" 200 22338
[2026-04-21 14:01:08,768] INFO django.server: "GET /profile/ HTTP/1.1" 200 22338
[2026-04-21 14:01:09,954] INFO django.server: "GET / HTTP/1.1" 200 5775
[2026-04-21 14:01:21,212] INFO django.server: "GET / HTTP/1.1" 200 5775
[2026-04-21 14:01:23,795] INFO django.server: "GET /profile/ HTTP/1.1" 200 22338
[2026-04-21 14:01:25,043] INFO django.server: "GET / HTTP/1.1" 200 5775
[2026-04-21 14:01:27,472] INFO django.server: "GET /compose/ HTTP/1.1" 200 27686
[2026-04-21 14:01:39,373] INFO django.server: "GET /api/search_recipes/?ingredients=%D0%BA%D1%83%D1%80%D0%B8%D1%86%D0%B0&kitchen=chinese HTTP/1.1" 200 27597
[2026-04-22 16:59:43,034] INFO django.utils.autoreload: Watching for file changes with StatReloader
[2026-04-22 16:59:45,529] INFO django.server: "GET / HTTP/1.1" 200 5775
[2026-04-22 16:59:45,677] INFO django.server: "GET /static/css/style.css HTTP/1.1" 304 0
[2026-04-22 16:59:45,678] INFO django.server: "GET /static/images/Diplom4.jpg HTTP/1.1" 304 0
[2026-04-22 16:59:45,678] INFO django.server: "GET /static/images/Diplom_2.jpg HTTP/1.1" 304 0
[2026-04-22 16:59:45,678] INFO django.server: "GET /static/images/Diplom_3.jpg HTTP/1.1" 304 0
[2026-04-22 16:59:45,679] INFO django.server: "GET /static/images/diplom_1.jpg HTTP/1.1" 304 0
[2026-04-22 16:59:45,679] INFO django.server: "GET /static/images/Diplom_6.png HTTP/1.1" 304 0
[2026-04-22 16:59:45,769] INFO django.server: "GET /static/images/Diplom_5.png HTTP/1.1" 304 0
[2026-04-22 16:59:45,884] INFO django.server: "GET /static/images/background.jpg HTTP/1.1" 304 0
[2026-04-22 16:59:46,027] WARNING django.request: Not Found: /favicon.ico
[2026-04-22 16:59:46,027] WARNING django.server: "GET /favicon.ico HTTP/1.1" 404 6697
[2026-04-22 16:59:53,603] INFO django.server: "GET /compose/ HTTP/1.1" 200 27686
[2026-04-22 16:59:53,634] INFO django.server: "GET /media/ingridients/kokososovoe__moloko.png HTTP/1.1" 304 0
[2026-04-22 17:00:04,399] INFO django.server: "GET /api/search_recipes/?ingredients=%D0%BA%D0%B0%D1%80%D1%82%D0%BE%D1%84%D0%B5%D0%BB%D1%8C+%D0%BC%D0%BE%D1%80%D0%BA%D0%BE%D0%B2%D1%8C&kitchen=eastern_european HTTP/1.1" 200 9366
[2026-04-22 17:00:09,676] ERROR django.request: Internal Server Error: /api/favorites/save/
Traceback (most recent call last):
  File "C:\Users\Micie456\PycharmProjects\Diplom\.venv\Lib\site-packages\django\core\handlers\exception.py", line 55, in inner
    response = get_response(request)
               ^^^^^^^^^^^^^^^^^^^^^
  File "C:\Users\Micie456\PycharmProjects\Diplom\.venv\Lib\site-packages\django\core\handlers\base.py", line 198, in _get_response
    response = wrapped_callback(request, *callback_args, **callback_kwargs)
               ^^^^^^^^^^^^^^^^^^^^^^^^^^^^^^^^^^^^^^^^^^^^^^^^^^^^^^^^^^^^
  File "C:\Users\Micie456\PycharmProjects\Diplom\.venv\Lib\site-packages\django\views\decorators\http.py", line 64, in inner
    return func(request, *args, **kwargs)
           ^^^^^^^^^^^^^^^^^^^^^^^^^^^^^^
  File "C:\Users\Micie456\PycharmProjects\Diplom\.venv\Lib\site-packages\django\contrib\auth\decorators.py", line 59, in _view_wrapper
    return view_func(request, *args, **kwargs)
           ^^^^^^^^^^^^^^^^^^^^^^^^^^^^^^^^^^^
  File "C:\Users\Micie456\PycharmProjects\Diplom\diplom\mainapp\views.py", line 824, in save_to_favorites
    recipe = Recipes.objects.filter(spoonacular_id=spoonacular_id).first()
             ^^^^^^^^^^^^^^^^^^^^^^^^^^^^^^^^^^^^^^^^^^^^^^^^^^^^^
  File "C:\Users\Micie456\PycharmProjects\Diplom\.venv\Lib\site-packages\django\db\models\manager.py", line 87, in manager_method
    return getattr(self.get_queryset(), name)(*args, **kwargs)
           ^^^^^^^^^^^^^^^^^^^^^^^^^^^^^^^^^^^^^^^^^^^^^^^^^^^
  File "C:\Users\Micie456\PycharmProjects\Diplom\.venv\Lib\site-packages\django\db\models\query.py", line 1542, in filter
    return self._filter_or_exclude(False, args, kwargs)
           ^^^^^^^^^^^^^^^^^^^^^^^^^^^^^^^^^^^^^^^^^^^^
  File "C:\Users\Micie456\PycharmProjects\Diplom\.venv\Lib\site-packages\django\db\models\query.py", line 1560, in _filter_or_exclude
    clone._filter_or_exclude_inplace(negate, args, kwargs)
  File "C:\Users\Micie456\PycharmProjects\Diplom\.venv\Lib\site-packages\django\db\models\query.py", line 1570, in _filter_or_exclude_inplace
    self._query.add_q(Q(*args, **kwargs))
  File "C:\Users\Micie456\PycharmProjects\Diplom\.venv\Lib\site-packages\django\db\models\sql\query.py", line 1676, in add_q
    clause, _ = self._add_q(q_object, can_reuse)
                ^^^^^^^^^^^^^^^^^^^^^^^^^^^^^^^^
  File "C:\Users\Micie456\PycharmProjects\Diplom\.venv\Lib\site-packages\django\db\models\sql\query.py", line 1708, in _add_q
    child_clause, needed_inner = self.build_filter(
                                 ^^^^^^^^^^^^^^^^^^
  File "C:\Users\Micie456\PycharmProjects\Diplom\.venv\Lib\site-packages\django\db\models\sql\query.py", line 1556, in build_filter
    lookups, parts, reffed_expression = self.solve_lookup_type(arg, summarize)
                                        ^^^^^^^^^^^^^^^^^^^^^^^^^^^^^^^^^^^^^^
  File "C:\Users\Micie456\PycharmProjects\Diplom\.venv\Lib\site-packages\django\db\models\sql\query.py", line 1363, in solve_lookup_type
    _, field, _, lookup_parts = self.names_to_path(lookup_splitted, self.get_meta())
                                ^^^^^^^^^^^^^^^^^^^^^^^^^^^^^^^^^^^^^^^^^^^^^^^^^^^^
  File "C:\Users\Micie456\PycharmProjects\Diplom\.venv\Lib\site-packages\django\db\models\sql\query.py", line 1842, in names_to_path
    raise FieldError(
django.core.exceptions.FieldError: Cannot resolve keyword 'spoonacular_id' into field. Choices are: KitchennameId, KitchennameId_id, calories, cookinghistory, description, favorite, goal_suitability, id, image, meal_type, mealplanitem, name, recipeingredient
[2026-04-22 17:00:09,679] ERROR django.server: "POST /api/favorites/save/ HTTP/1.1" 500 130535
[2026-04-22 17:00:11,406] INFO django.server: "GET /profile/ HTTP/1.1" 200 22338
[2026-04-22 17:00:13,909] INFO django.server: "GET /profile/ HTTP/1.1" 200 22338
[2026-04-22 17:00:37,530] INFO django.server: "GET / HTTP/1.1" 200 5775
[2026-04-22 17:00:43,277] INFO django.server: "GET / HTTP/1.1" 200 5775
[2026-04-22 17:00:43,548] WARNING django.request: Not Found: /favicon.ico
[2026-04-22 17:00:43,549] WARNING django.server: "GET /favicon.ico HTTP/1.1" 404 6697
[2026-04-22 17:00:44,868] INFO django.server: "GET /profile/ HTTP/1.1" 200 22338
[2026-04-22 17:00:48,190] INFO django.server: "GET / HTTP/1.1" 200 5775
[2026-04-22 17:00:49,382] INFO django.server: "GET /compose/ HTTP/1.1" 200 27686
[2026-04-22 17:00:50,073] INFO django.server: "GET / HTTP/1.1" 200 5775
[2026-04-22 17:00:50,689] INFO django.server: "GET /meal-plan/ HTTP/1.1" 200 53478
[2026-04-22 17:00:54,795] INFO django.server: "POST /api/meal-plan/generate/ HTTP/1.1" 200 12488
[2026-04-22 17:00:54,872] INFO django.server: "GET /media/recipes/34_%D0%9A%D0%BE%D1%82%D0%BB%D0%B5%D1%82%D1%8B_%D0%BF%D0%BE-%D0%BA%D0%B8%D0%B5%D0%B2%D1%81%D0%BA%D0%B8.jpg HTTP/1.1" 200 19054
[2026-04-22 17:00:54,875] INFO django.server: "GET /media/recipes/13_%D0%9A%D1%83%D1%80%D0%B8%D0%BD%D0%BE%D0%B5_%D1%84%D0%B8%D0%BB%D0%B5_%D1%81_%D1%80%D0%B8%D1%81%D0%BE%D0%BC.jpg HTTP/1.1" 200 16382
[2026-04-22 17:01:02,327] INFO django.server: "POST /api/meal-plan/save/ HTTP/1.1" 200 5410
[2026-04-22 17:01:04,474] INFO django.server: "GET /profile/ HTTP/1.1" 200 29145
[2026-04-22 17:01:22,040] INFO django.server: "GET / HTTP/1.1" 200 5775
[2026-04-22 17:01:23,366] INFO django.server: "GET /recipe/4/ HTTP/1.1" 200 20705
[2026-04-22 17:01:23,399] WARNING django.request: Not Found: /media/Diplom4.jpg
[2026-04-22 17:01:23,399] WARNING django.server: "GET /media/Diplom4.jpg HTTP/1.1" 404 6942
[2026-04-22 17:01:27,372] INFO django.server: "GET /recipe/4/ HTTP/1.1" 200 20705
[2026-04-22 17:01:27,411] WARNING django.request: Not Found: /media/Diplom4.jpg
[2026-04-22 17:01:27,411] WARNING django.server: "GET /media/Diplom4.jpg HTTP/1.1" 404 6942
[2026-04-22 17:01:29,404] INFO django.server: "GET / HTTP/1.1" 200 5775
[2026-04-22 17:01:29,991] INFO django.server: "GET /meal-plan/ HTTP/1.1" 200 53477
[2026-04-22 17:01:31,134] INFO django.server: "GET / HTTP/1.1" 200 5775
[2026-04-22 17:01:31,555] INFO django.server: "GET /compose/ HTTP/1.1" 200 27686
[2026-04-22 17:01:46,664] INFO django.server: "GET /api/search_recipes/?ingredients=%D0%BA%D0%B0%D1%80%D1%82%D0%BE%D1%84%D0%B5%D0%BB%D1%8C+%D0%BC%D0%BE%D1%80%D0%BA%D0%BE%D0%B2%D1%8C&kitchen=eastern_european HTTP/1.1" 200 9366
[2026-04-22 17:02:11,333] INFO django.server: "GET /recipe/635686/ HTTP/1.1" 200 45132
[2026-04-22 17:02:22,912] ERROR django.request: Internal Server Error: /api/favorites/save/
Traceback (most recent call last):
  File "C:\Users\Micie456\PycharmProjects\Diplom\.venv\Lib\site-packages\django\core\handlers\exception.py", line 55, in inner
    response = get_response(request)
               ^^^^^^^^^^^^^^^^^^^^^
  File "C:\Users\Micie456\PycharmProjects\Diplom\.venv\Lib\site-packages\django\core\handlers\base.py", line 198, in _get_response
    response = wrapped_callback(request, *callback_args, **callback_kwargs)
               ^^^^^^^^^^^^^^^^^^^^^^^^^^^^^^^^^^^^^^^^^^^^^^^^^^^^^^^^^^^^
  File "C:\Users\Micie456\PycharmProjects\Diplom\.venv\Lib\site-packages\django\views\decorators\http.py", line 64, in inner
    return func(request, *args, **kwargs)
           ^^^^^^^^^^^^^^^^^^^^^^^^^^^^^^
  File "C:\Users\Micie456\PycharmProjects\Diplom\.venv\Lib\site-packages\django\contrib\auth\decorators.py", line 59, in _view_wrapper
    return view_func(request, *args, **kwargs)
           ^^^^^^^^^^^^^^^^^^^^^^^^^^^^^^^^^^^
  File "C:\Users\Micie456\PycharmProjects\Diplom\diplom\mainapp\views.py", line 824, in save_to_favorites
    recipe = Recipes.objects.filter(spoonacular_id=spoonacular_id).first()
             ^^^^^^^^^^^^^^^^^^^^^^^^^^^^^^^^^^^^^^^^^^^^^^^^^^^^^
  File "C:\Users\Micie456\PycharmProjects\Diplom\.venv\Lib\site-packages\django\db\models\manager.py", line 87, in manager_method
    return getattr(self.get_queryset(), name)(*args, **kwargs)
           ^^^^^^^^^^^^^^^^^^^^^^^^^^^^^^^^^^^^^^^^^^^^^^^^^^^
  File "C:\Users\Micie456\PycharmProjects\Diplom\.venv\Lib\site-packages\django\db\models\query.py", line 1542, in filter
    return self._filter_or_exclude(False, args, kwargs)
           ^^^^^^^^^^^^^^^^^^^^^^^^^^^^^^^^^^^^^^^^^^^^
  File "C:\Users\Micie456\PycharmProjects\Diplom\.venv\Lib\site-packages\django\db\models\query.py", line 1560, in _filter_or_exclude
    clone._filter_or_exclude_inplace(negate, args, kwargs)
  File "C:\Users\Micie456\PycharmProjects\Diplom\.venv\Lib\site-packages\django\db\models\query.py", line 1570, in _filter_or_exclude_inplace
    self._query.add_q(Q(*args, **kwargs))
  File "C:\Users\Micie456\PycharmProjects\Diplom\.venv\Lib\site-packages\django\db\models\sql\query.py", line 1676, in add_q
    clause, _ = self._add_q(q_object, can_reuse)
                ^^^^^^^^^^^^^^^^^^^^^^^^^^^^^^^^
  File "C:\Users\Micie456\PycharmProjects\Diplom\.venv\Lib\site-packages\django\db\models\sql\query.py", line 1708, in _add_q
    child_clause, needed_inner = self.build_filter(
                                 ^^^^^^^^^^^^^^^^^^
  File "C:\Users\Micie456\PycharmProjects\Diplom\.venv\Lib\site-packages\django\db\models\sql\query.py", line 1556, in build_filter
    lookups, parts, reffed_expression = self.solve_lookup_type(arg, summarize)
                                        ^^^^^^^^^^^^^^^^^^^^^^^^^^^^^^^^^^^^^^
  File "C:\Users\Micie456\PycharmProjects\Diplom\.venv\Lib\site-packages\django\db\models\sql\query.py", line 1363, in solve_lookup_type
    _, field, _, lookup_parts = self.names_to_path(lookup_splitted, self.get_meta())
                                ^^^^^^^^^^^^^^^^^^^^^^^^^^^^^^^^^^^^^^^^^^^^^^^^^^^^
  File "C:\Users\Micie456\PycharmProjects\Diplom\.venv\Lib\site-packages\django\db\models\sql\query.py", line 1842, in names_to_path
    raise FieldError(
django.core.exceptions.FieldError: Cannot resolve keyword 'spoonacular_id' into field. Choices are: KitchennameId, KitchennameId_id, calories, cookinghistory, description, favorite, goal_suitability, id, image, meal_type, mealplanitem, name, recipeingredient
[2026-04-22 17:02:22,913] ERROR django.server: "POST /api/favorites/save/ HTTP/1.1" 500 130541
[2026-04-22 17:02:25,471] ERROR django.request: Internal Server Error: /api/favorites/save/
Traceback (most recent call last):
  File "C:\Users\Micie456\PycharmProjects\Diplom\.venv\Lib\site-packages\django\core\handlers\exception.py", line 55, in inner
    response = get_response(request)
               ^^^^^^^^^^^^^^^^^^^^^
  File "C:\Users\Micie456\PycharmProjects\Diplom\.venv\Lib\site-packages\django\core\handlers\base.py", line 198, in _get_response
    response = wrapped_callback(request, *callback_args, **callback_kwargs)
               ^^^^^^^^^^^^^^^^^^^^^^^^^^^^^^^^^^^^^^^^^^^^^^^^^^^^^^^^^^^^
  File "C:\Users\Micie456\PycharmProjects\Diplom\.venv\Lib\site-packages\django\views\decorators\http.py", line 64, in inner
    return func(request, *args, **kwargs)
           ^^^^^^^^^^^^^^^^^^^^^^^^^^^^^^
  File "C:\Users\Micie456\PycharmProjects\Diplom\.venv\Lib\site-packages\django\contrib\auth\decorators.py", line 59, in _view_wrapper
    return view_func(request, *args, **kwargs)
           ^^^^^^^^^^^^^^^^^^^^^^^^^^^^^^^^^^^
  File "C:\Users\Micie456\PycharmProjects\Diplom\diplom\mainapp\views.py", line 824, in save_to_favorites
    recipe = Recipes.objects.filter(spoonacular_id=spoonacular_id).first()
             ^^^^^^^^^^^^^^^^^^^^^^^^^^^^^^^^^^^^^^^^^^^^^^^^^^^^^
  File "C:\Users\Micie456\PycharmProjects\Diplom\.venv\Lib\site-packages\django\db\models\manager.py", line 87, in manager_method
    return getattr(self.get_queryset(), name)(*args, **kwargs)
           ^^^^^^^^^^^^^^^^^^^^^^^^^^^^^^^^^^^^^^^^^^^^^^^^^^^
  File "C:\Users\Micie456\PycharmProjects\Diplom\.venv\Lib\site-packages\django\db\models\query.py", line 1542, in filter
    return self._filter_or_exclude(False, args, kwargs)
           ^^^^^^^^^^^^^^^^^^^^^^^^^^^^^^^^^^^^^^^^^^^^
  File "C:\Users\Micie456\PycharmProjects\Diplom\.venv\Lib\site-packages\django\db\models\query.py", line 1560, in _filter_or_exclude
    clone._filter_or_exclude_inplace(negate, args, kwargs)
  File "C:\Users\Micie456\PycharmProjects\Diplom\.venv\Lib\site-packages\django\db\models\query.py", line 1570, in _filter_or_exclude_inplace
    self._query.add_q(Q(*args, **kwargs))
  File "C:\Users\Micie456\PycharmProjects\Diplom\.venv\Lib\site-packages\django\db\models\sql\query.py", line 1676, in add_q
    clause, _ = self._add_q(q_object, can_reuse)
                ^^^^^^^^^^^^^^^^^^^^^^^^^^^^^^^^
  File "C:\Users\Micie456\PycharmProjects\Diplom\.venv\Lib\site-packages\django\db\models\sql\query.py", line 1708, in _add_q
    child_clause, needed_inner = self.build_filter(
                                 ^^^^^^^^^^^^^^^^^^
  File "C:\Users\Micie456\PycharmProjects\Diplom\.venv\Lib\site-packages\django\db\models\sql\query.py", line 1556, in build_filter
    lookups, parts, reffed_expression = self.solve_lookup_type(arg, summarize)
                                        ^^^^^^^^^^^^^^^^^^^^^^^^^^^^^^^^^^^^^^
  File "C:\Users\Micie456\PycharmProjects\Diplom\.venv\Lib\site-packages\django\db\models\sql\query.py", line 1363, in solve_lookup_type
    _, field, _, lookup_parts = self.names_to_path(lookup_splitted, self.get_meta())
                                ^^^^^^^^^^^^^^^^^^^^^^^^^^^^^^^^^^^^^^^^^^^^^^^^^^^^
  File "C:\Users\Micie456\PycharmProjects\Diplom\.venv\Lib\site-packages\django\db\models\sql\query.py", line 1842, in names_to_path
    raise FieldError(
django.core.exceptions.FieldError: Cannot resolve keyword 'spoonacular_id' into field. Choices are: KitchennameId, KitchennameId_id, calories, cookinghistory, description, favorite, goal_suitability, id, image, meal_type, mealplanitem, name, recipeingredient
[2026-04-22 17:02:25,472] ERROR django.server: "POST /api/favorites/save/ HTTP/1.1" 500 130541
[2026-04-22 17:02:27,791] ERROR django.request: Internal Server Error: /api/favorites/save/
Traceback (most recent call last):
  File "C:\Users\Micie456\PycharmProjects\Diplom\.venv\Lib\site-packages\django\core\handlers\exception.py", line 55, in inner
    response = get_response(request)
               ^^^^^^^^^^^^^^^^^^^^^
  File "C:\Users\Micie456\PycharmProjects\Diplom\.venv\Lib\site-packages\django\core\handlers\base.py", line 198, in _get_response
    response = wrapped_callback(request, *callback_args, **callback_kwargs)
               ^^^^^^^^^^^^^^^^^^^^^^^^^^^^^^^^^^^^^^^^^^^^^^^^^^^^^^^^^^^^
  File "C:\Users\Micie456\PycharmProjects\Diplom\.venv\Lib\site-packages\django\views\decorators\http.py", line 64, in inner
    return func(request, *args, **kwargs)
           ^^^^^^^^^^^^^^^^^^^^^^^^^^^^^^
  File "C:\Users\Micie456\PycharmProjects\Diplom\.venv\Lib\site-packages\django\contrib\auth\decorators.py", line 59, in _view_wrapper
    return view_func(request, *args, **kwargs)
           ^^^^^^^^^^^^^^^^^^^^^^^^^^^^^^^^^^^
  File "C:\Users\Micie456\PycharmProjects\Diplom\diplom\mainapp\views.py", line 824, in save_to_favorites
    recipe = Recipes.objects.filter(spoonacular_id=spoonacular_id).first()
             ^^^^^^^^^^^^^^^^^^^^^^^^^^^^^^^^^^^^^^^^^^^^^^^^^^^^^
  File "C:\Users\Micie456\PycharmProjects\Diplom\.venv\Lib\site-packages\django\db\models\manager.py", line 87, in manager_method
    return getattr(self.get_queryset(), name)(*args, **kwargs)
           ^^^^^^^^^^^^^^^^^^^^^^^^^^^^^^^^^^^^^^^^^^^^^^^^^^^
  File "C:\Users\Micie456\PycharmProjects\Diplom\.venv\Lib\site-packages\django\db\models\query.py", line 1542, in filter
    return self._filter_or_exclude(False, args, kwargs)
           ^^^^^^^^^^^^^^^^^^^^^^^^^^^^^^^^^^^^^^^^^^^^
  File "C:\Users\Micie456\PycharmProjects\Diplom\.venv\Lib\site-packages\django\db\models\query.py", line 1560, in _filter_or_exclude
    clone._filter_or_exclude_inplace(negate, args, kwargs)
  File "C:\Users\Micie456\PycharmProjects\Diplom\.venv\Lib\site-packages\django\db\models\query.py", line 1570, in _filter_or_exclude_inplace
    self._query.add_q(Q(*args, **kwargs))
  File "C:\Users\Micie456\PycharmProjects\Diplom\.venv\Lib\site-packages\django\db\models\sql\query.py", line 1676, in add_q
    clause, _ = self._add_q(q_object, can_reuse)
                ^^^^^^^^^^^^^^^^^^^^^^^^^^^^^^^^
  File "C:\Users\Micie456\PycharmProjects\Diplom\.venv\Lib\site-packages\django\db\models\sql\query.py", line 1708, in _add_q
    child_clause, needed_inner = self.build_filter(
                                 ^^^^^^^^^^^^^^^^^^
  File "C:\Users\Micie456\PycharmProjects\Diplom\.venv\Lib\site-packages\django\db\models\sql\query.py", line 1556, in build_filter
    lookups, parts, reffed_expression = self.solve_lookup_type(arg, summarize)
                                        ^^^^^^^^^^^^^^^^^^^^^^^^^^^^^^^^^^^^^^
  File "C:\Users\Micie456\PycharmProjects\Diplom\.venv\Lib\site-packages\django\db\models\sql\query.py", line 1363, in solve_lookup_type
    _, field, _, lookup_parts = self.names_to_path(lookup_splitted, self.get_meta())
                                ^^^^^^^^^^^^^^^^^^^^^^^^^^^^^^^^^^^^^^^^^^^^^^^^^^^^
  File "C:\Users\Micie456\PycharmProjects\Diplom\.venv\Lib\site-packages\django\db\models\sql\query.py", line 1842, in names_to_path
    raise FieldError(
django.core.exceptions.FieldError: Cannot resolve keyword 'spoonacular_id' into field. Choices are: KitchennameId, KitchennameId_id, calories, cookinghistory, description, favorite, goal_suitability, id, image, meal_type, mealplanitem, name, recipeingredient
[2026-04-22 17:02:27,793] ERROR django.server: "POST /api/favorites/save/ HTTP/1.1" 500 130541
[2026-04-22 17:03:21,218] INFO django.server: "GET /recipe/635686/cooking/ HTTP/1.1" 200 21973
[2026-04-22 17:04:27,726] INFO django.server: "GET / HTTP/1.1" 200 5775
[2026-04-22 17:04:30,293] INFO django.server: - Broken pipe from ('127.0.0.1', 59832)
[2026-04-23 17:50:19,014] INFO django.utils.autoreload: Watching for file changes with StatReloader
[2026-04-23 17:50:22,253] INFO django.server: "GET / HTTP/1.1" 200 5775
[2026-04-23 17:50:22,387] INFO django.server: "GET /static/css/style.css HTTP/1.1" 304 0
[2026-04-23 17:50:22,397] INFO django.server: "GET /static/images/Diplom4.jpg HTTP/1.1" 304 0
[2026-04-23 17:50:22,398] INFO django.server: "GET /static/images/Diplom_3.jpg HTTP/1.1" 304 0
[2026-04-23 17:50:22,400] INFO django.server: "GET /static/images/Diplom_2.jpg HTTP/1.1" 304 0
[2026-04-23 17:50:22,400] INFO django.server: "GET /static/images/Diplom_5.png HTTP/1.1" 304 0
[2026-04-23 17:50:22,400] INFO django.server: "GET /static/images/Diplom_6.png HTTP/1.1" 304 0
[2026-04-23 17:50:22,401] INFO django.server: "GET /static/images/diplom_1.jpg HTTP/1.1" 304 0
[2026-04-23 17:50:22,445] INFO django.server: "GET /static/images/background.jpg HTTP/1.1" 304 0
[2026-04-23 17:50:22,653] WARNING django.request: Not Found: /favicon.ico
[2026-04-23 17:50:22,654] WARNING django.server: "GET /favicon.ico HTTP/1.1" 404 6697
[2026-04-23 17:50:24,612] INFO django.server: "GET /profile/ HTTP/1.1" 200 29145
[2026-04-23 17:50:26,395] INFO django.server: "GET / HTTP/1.1" 200 5775
[2026-04-23 17:50:26,911] INFO django.server: "GET /compose/ HTTP/1.1" 200 27686
[2026-04-23 17:50:26,953] INFO django.server: "GET /media/ingridients/kokososovoe__moloko.png HTTP/1.1" 304 0
[2026-04-23 17:50:27,758] INFO django.server: "GET / HTTP/1.1" 200 5775
[2026-04-23 17:50:28,213] INFO django.server: "GET /meal-plan/ HTTP/1.1" 200 53477
[2026-04-23 17:50:31,772] INFO django.server: "GET / HTTP/1.1" 200 5775
[2026-04-23 17:50:33,978] INFO django.server: "GET /compose/ HTTP/1.1" 200 27686
[2026-04-23 17:50:44,893] INFO django.server: "GET /api/search_recipes/?ingredients=%D0%BA%D0%B0%D1%80%D1%82%D0%BE%D1%84%D0%B5%D0%BB%D1%8C+%D0%BC%D0%BE%D1%80%D0%BA%D0%BE%D0%B2%D1%8C&kitchen=eastern_european HTTP/1.1" 200 9366
[2026-04-23 17:50:50,342] ERROR django.request: Internal Server Error: /api/favorites/save/
Traceback (most recent call last):
  File "C:\Users\Micie456\PycharmProjects\Diplom\.venv\Lib\site-packages\django\core\handlers\exception.py", line 55, in inner
    response = get_response(request)
               ^^^^^^^^^^^^^^^^^^^^^
  File "C:\Users\Micie456\PycharmProjects\Diplom\.venv\Lib\site-packages\django\core\handlers\base.py", line 198, in _get_response
    response = wrapped_callback(request, *callback_args, **callback_kwargs)
               ^^^^^^^^^^^^^^^^^^^^^^^^^^^^^^^^^^^^^^^^^^^^^^^^^^^^^^^^^^^^
  File "C:\Users\Micie456\PycharmProjects\Diplom\.venv\Lib\site-packages\django\views\decorators\http.py", line 64, in inner
    return func(request, *args, **kwargs)
           ^^^^^^^^^^^^^^^^^^^^^^^^^^^^^^
  File "C:\Users\Micie456\PycharmProjects\Diplom\.venv\Lib\site-packages\django\contrib\auth\decorators.py", line 59, in _view_wrapper
    return view_func(request, *args, **kwargs)
           ^^^^^^^^^^^^^^^^^^^^^^^^^^^^^^^^^^^
  File "C:\Users\Micie456\PycharmProjects\Diplom\diplom\mainapp\views.py", line 824, in save_to_favorites
    recipe = Recipes.objects.filter(spoonacular_id=spoonacular_id).first()
             ^^^^^^^^^^^^^^^^^^^^^^^^^^^^^^^^^^^^^^^^^^^^^^^^^^^^^
  File "C:\Users\Micie456\PycharmProjects\Diplom\.venv\Lib\site-packages\django\db\models\manager.py", line 87, in manager_method
    return getattr(self.get_queryset(), name)(*args, **kwargs)
           ^^^^^^^^^^^^^^^^^^^^^^^^^^^^^^^^^^^^^^^^^^^^^^^^^^^
  File "C:\Users\Micie456\PycharmProjects\Diplom\.venv\Lib\site-packages\django\db\models\query.py", line 1542, in filter
    return self._filter_or_exclude(False, args, kwargs)
           ^^^^^^^^^^^^^^^^^^^^^^^^^^^^^^^^^^^^^^^^^^^^
  File "C:\Users\Micie456\PycharmProjects\Diplom\.venv\Lib\site-packages\django\db\models\query.py", line 1560, in _filter_or_exclude
    clone._filter_or_exclude_inplace(negate, args, kwargs)
  File "C:\Users\Micie456\PycharmProjects\Diplom\.venv\Lib\site-packages\django\db\models\query.py", line 1570, in _filter_or_exclude_inplace
    self._query.add_q(Q(*args, **kwargs))
  File "C:\Users\Micie456\PycharmProjects\Diplom\.venv\Lib\site-packages\django\db\models\sql\query.py", line 1676, in add_q
    clause, _ = self._add_q(q_object, can_reuse)
                ^^^^^^^^^^^^^^^^^^^^^^^^^^^^^^^^
  File "C:\Users\Micie456\PycharmProjects\Diplom\.venv\Lib\site-packages\django\db\models\sql\query.py", line 1708, in _add_q
    child_clause, needed_inner = self.build_filter(
                                 ^^^^^^^^^^^^^^^^^^
  File "C:\Users\Micie456\PycharmProjects\Diplom\.venv\Lib\site-packages\django\db\models\sql\query.py", line 1556, in build_filter
    lookups, parts, reffed_expression = self.solve_lookup_type(arg, summarize)
                                        ^^^^^^^^^^^^^^^^^^^^^^^^^^^^^^^^^^^^^^
  File "C:\Users\Micie456\PycharmProjects\Diplom\.venv\Lib\site-packages\django\db\models\sql\query.py", line 1363, in solve_lookup_type
    _, field, _, lookup_parts = self.names_to_path(lookup_splitted, self.get_meta())
                                ^^^^^^^^^^^^^^^^^^^^^^^^^^^^^^^^^^^^^^^^^^^^^^^^^^^^
  File "C:\Users\Micie456\PycharmProjects\Diplom\.venv\Lib\site-packages\django\db\models\sql\query.py", line 1842, in names_to_path
    raise FieldError(
django.core.exceptions.FieldError: Cannot resolve keyword 'spoonacular_id' into field. Choices are: KitchennameId, KitchennameId_id, calories, cookinghistory, description, favorite, goal_suitability, id, image, meal_type, mealplanitem, name, recipeingredient
[2026-04-23 17:50:50,346] ERROR django.server: "POST /api/favorites/save/ HTTP/1.1" 500 130597
[2026-04-23 17:51:13,508] INFO django.server: "GET /recipe/635686/ HTTP/1.1" 200 45132
[2026-04-23 18:30:37,726] INFO django.server: "GET / HTTP/1.1" 200 5775
[2026-04-23 18:30:40,570] INFO django.server: "GET /meal-plan/ HTTP/1.1" 200 53477
[2026-04-23 18:30:48,438] INFO django.server: "POST /api/meal-plan/generate/ HTTP/1.1" 200 13219
[2026-04-23 18:30:48,464] WARNING django.request: Not Found: /media/diplom_1.jpg
[2026-04-23 18:30:48,465] WARNING django.server: "GET /media/diplom_1.jpg HTTP/1.1" 404 6946
[2026-04-23 18:30:48,515] INFO django.server: "GET /media/recipes/17_%D0%9A%D1%83%D1%80%D0%B8%D0%BD%D1%8B%D0%B9_%D1%81%D1%83%D0%BF.jpg HTTP/1.1" 200 16283
[2026-04-23 18:30:48,520] INFO django.server: "GET /media/recipes/kasha_risovaya.png HTTP/1.1" 200 595377
[2026-04-23 18:30:52,860] INFO django.server: "POST /api/shopping-list/generate/ HTTP/1.1" 200 3985
[2026-04-23 18:31:50,332] INFO django.server: "POST /api/meal-plan/generate/ HTTP/1.1" 200 12385
[2026-04-23 18:31:50,338] INFO django.server: "GET /media/recipes/21_%D0%93%D0%BE%D1%80%D0%BE%D1%85%D0%BE%D0%B2%D1%8B%D0%B9_%D1%81%D1%83%D0%BF.jpg HTTP/1.1" 200 10386
[2026-04-23 18:31:50,338] INFO django.server: "GET /media/recipes/6_%D0%9E%D0%B2%D1%81%D1%8F%D0%BD%D0%BA%D0%B0_%D0%BD%D0%B0_%D0%BC%D0%BE%D0%BB%D0%BE%D0%BA%D0%B5.jpg HTTP/1.1" 200 17443
[2026-04-23 18:31:51,975] INFO django.server: "POST /api/meal-plan/generate/ HTTP/1.1" 200 12779
[2026-04-23 18:31:51,980] INFO django.server: "GET /media/recipes/11_%D0%91%D1%83%D1%82%D0%B5%D1%80%D0%B1%D1%80%D0%BE%D0%B4_%D1%81_%D1%81%D1%8B%D1%80%D0%BE%D0%BC.jpg HTTP/1.1" 200 16131
[2026-04-23 18:33:38,339] INFO django.server: "POST /api/meal-plan/generate/ HTTP/1.1" 200 12411
[2026-04-23 18:33:38,345] INFO django.server: "GET /media/recipes/8_%D0%9E%D0%BC%D0%BB%D0%B5%D1%82.jpg HTTP/1.1" 200 20294
[2026-04-23 18:33:40,997] INFO django.server: "POST /api/shopping-list/generate/ HTTP/1.1" 200 2597
[2026-04-23 18:33:48,353] INFO django.server: "POST /api/meal-plan/generate/ HTTP/1.1" 200 12845
[2026-04-23 18:33:50,496] INFO django.server: "POST /api/shopping-list/generate/ HTTP/1.1" 200 2846
[2026-04-23 18:33:51,804] INFO django.server: "POST /api/shopping-list/generate/ HTTP/1.1" 200 2846
[2026-04-23 18:33:52,496] INFO django.server: "POST /api/shopping-list/generate/ HTTP/1.1" 200 2846
[2026-04-23 18:33:53,041] INFO django.server: "POST /api/shopping-list/generate/ HTTP/1.1" 200 2846
[2026-04-23 18:33:53,662] INFO django.server: "POST /api/shopping-list/generate/ HTTP/1.1" 200 2846
[2026-04-23 18:33:58,503] INFO django.server: "POST /api/meal-plan/generate/ HTTP/1.1" 200 13404
[2026-04-23 18:33:58,511] INFO django.server: "GET /media/recipes/18_%D0%9A%D0%B0%D1%80%D1%82%D0%BE%D1%84%D0%B5%D0%BB%D1%8C%D0%BD%D0%BE%D0%B5_%D0%BF%D1%8E%D1%80%D0%B5_%D1%81_%D0%BA%D0%BE%D1%82%D0%BB%D0%B5%D1%82%D0%BE%D0%B9.jpg HTTP/1.1" 200 17096
[2026-04-23 18:33:58,511] INFO django.server: "GET /media/recipes/23_%D0%93%D1%83%D0%BB%D1%8F%D1%88_%D0%B8%D0%B7_%D0%B3%D0%BE%D0%B2%D1%8F%D0%B4%D0%B8%D0%BD%D1%8B_%D1%81_%D0%BF%D1%8E%D1%80%D0%B5.jpg HTTP/1.1" 200 13406
[2026-04-23 18:33:58,511] INFO django.server: "GET /media/recipes/34_%D0%9A%D0%BE%D1%82%D0%BB%D0%B5%D1%82%D1%8B_%D0%BF%D0%BE-%D0%BA%D0%B8%D0%B5%D0%B2%D1%81%D0%BA%D0%B8.jpg HTTP/1.1" 200 19054
[2026-04-23 18:34:02,272] INFO django.server: "POST /api/shopping-list/generate/ HTTP/1.1" 200 2499
[2026-04-23 18:34:13,579] INFO django.server: "POST /api/shopping-list/generate/ HTTP/1.1" 200 2499
[2026-04-23 18:34:14,418] INFO django.server: "POST /api/meal-plan/save/ HTTP/1.1" 200 5510
[2026-04-23 18:34:17,896] INFO django.server: "GET /profile/ HTTP/1.1" 200 44061
[2026-04-23 18:34:21,829] INFO django.server: "POST /api/shopping-list/toggle/554/ HTTP/1.1" 200 38
[2026-04-23 18:34:23,157] INFO django.server: "POST /api/shopping-list/toggle/541/ HTTP/1.1" 200 38
[2026-04-23 18:34:23,310] INFO django.server: "POST /api/shopping-list/toggle/541/ HTTP/1.1" 200 37
[2026-04-23 18:34:24,166] INFO django.server: "POST /api/shopping-list/toggle/553/ HTTP/1.1" 200 38
[2026-04-23 18:34:24,825] INFO django.server: "POST /api/shopping-list/toggle/553/ HTTP/1.1" 200 37
[2026-04-23 18:34:26,836] INFO django.server: "POST /api/shopping-list/toggle/553/ HTTP/1.1" 200 38
[2026-04-23 18:34:27,346] INFO django.server: "POST /api/shopping-list/toggle/541/ HTTP/1.1" 200 38
[2026-04-23 18:34:32,118] INFO django.server: "GET /meal-plan/ HTTP/1.1" 200 53477
[2026-04-23 18:34:38,624] INFO django.utils.autoreload: C:\Users\Micie456\PycharmProjects\Diplom\diplom\mainapp\views.py changed, reloading.
[2026-04-23 18:34:39,848] INFO django.utils.autoreload: Watching for file changes with StatReloader
[2026-04-23 18:35:10,771] INFO django.utils.autoreload: C:\Users\Micie456\PycharmProjects\Diplom\diplom\mainapp\views.py changed, reloading.
[2026-04-23 18:35:11,230] INFO django.utils.autoreload: Watching for file changes with StatReloader
[2026-04-23 18:36:55,128] INFO django.utils.autoreload: Watching for file changes with StatReloader
[2026-04-23 18:36:56,828] INFO django.server: "GET / HTTP/1.1" 200 5775
[2026-04-23 18:37:00,762] INFO django.server: "GET /meal-plan/ HTTP/1.1" 200 53477
[2026-04-23 18:37:02,955] INFO django.server: "POST /api/meal-plan/generate/ HTTP/1.1" 200 14947
[2026-04-23 18:37:02,967] WARNING django.request: Not Found: /media/Diplom_2.jpg
[2026-04-23 18:37:02,967] WARNING django.server: "GET /media/Diplom_2.jpg HTTP/1.1" 404 6946
[2026-04-23 18:37:02,999] INFO django.server: "GET /media/recipes/13_%D0%9A%D1%83%D1%80%D0%B8%D0%BD%D0%BE%D0%B5_%D1%84%D0%B8%D0%BB%D0%B5_%D1%81_%D1%80%D0%B8%D1%81%D0%BE%D0%BC.jpg HTTP/1.1" 200 16382
[2026-04-23 18:37:05,269] INFO django.server: "POST /api/shopping-list/generate/ HTTP/1.1" 200 3735
[2026-04-23 18:37:30,372] INFO django.server: "POST /api/shopping-list/generate/ HTTP/1.1" 200 3735
[2026-04-23 18:37:34,522] INFO django.server: "POST /api/meal-plan/generate/ HTTP/1.1" 200 14283
[2026-04-23 18:37:34,531] WARNING django.request: Not Found: /media/Diplom_3.jpg
[2026-04-23 18:37:34,534] WARNING django.request: Not Found: /media/Diplom_2.jpg
[2026-04-23 18:37:34,534] WARNING django.server: "GET /media/Diplom_3.jpg HTTP/1.1" 404 6946
[2026-04-23 18:37:34,534] WARNING django.server: "GET /media/Diplom_2.jpg HTTP/1.1" 404 6946
[2026-04-23 18:37:35,971] INFO django.server: "POST /api/meal-plan/generate/ HTTP/1.1" 200 13368
[2026-04-23 18:37:37,707] INFO django.server: "POST /api/shopping-list/generate/ HTTP/1.1" 200 2498
[2026-04-23 18:37:52,901] INFO django.server: "POST /api/meal-plan/generate/ HTTP/1.1" 200 13240
[2026-04-23 18:37:53,786] INFO django.server: "POST /api/meal-plan/generate/ HTTP/1.1" 200 13779
[2026-04-23 18:37:53,794] WARNING django.request: Not Found: /media/Diplom_3.jpg
[2026-04-23 18:37:53,795] WARNING django.server: "GET /media/Diplom_3.jpg HTTP/1.1" 404 6946
[2026-04-23 18:44:22,298] INFO django.utils.autoreload: C:\Users\Micie456\PycharmProjects\Diplom\diplom\mainapp\models.py changed, reloading.
[2026-04-23 18:44:22,866] INFO django.utils.autoreload: Watching for file changes with StatReloader
[2026-04-23 18:44:37,197] INFO django.utils.autoreload: C:\Users\Micie456\PycharmProjects\Diplom\diplom\mainapp\models.py changed, reloading.
[2026-04-23 18:44:37,672] INFO django.utils.autoreload: Watching for file changes with StatReloader
[2026-04-23 18:45:16,716] INFO django.utils.autoreload: C:\Users\Micie456\PycharmProjects\Diplom\diplom\mainapp\views.py changed, reloading.
[2026-04-23 18:45:17,209] INFO django.utils.autoreload: Watching for file changes with StatReloader
[2026-04-23 18:45:24,345] INFO django.utils.autoreload: C:\Users\Micie456\PycharmProjects\Diplom\diplom\mainapp\views.py changed, reloading.
[2026-04-23 18:45:24,817] INFO django.utils.autoreload: Watching for file changes with StatReloader
[2026-04-23 18:45:37,092] INFO django.utils.autoreload: C:\Users\Micie456\PycharmProjects\Diplom\diplom\mainapp\views.py changed, reloading.
[2026-04-23 18:45:37,561] INFO django.utils.autoreload: Watching for file changes with StatReloader
[2026-04-23 18:45:50,866] INFO django.utils.autoreload: C:\Users\Micie456\PycharmProjects\Diplom\diplom\mainapp\views.py changed, reloading.
[2026-04-23 18:45:51,337] INFO django.utils.autoreload: Watching for file changes with StatReloader
[2026-04-23 18:46:07,812] INFO django.utils.autoreload: C:\Users\Micie456\PycharmProjects\Diplom\diplom\mainapp\views.py changed, reloading.
[2026-04-23 18:46:08,293] INFO django.utils.autoreload: Watching for file changes with StatReloader
[2026-04-23 18:46:19,529] INFO django.utils.autoreload: C:\Users\Micie456\PycharmProjects\Diplom\diplom\mainapp\views.py changed, reloading.
[2026-04-23 18:46:19,997] INFO django.utils.autoreload: Watching for file changes with StatReloader
[2026-04-23 18:46:33,276] INFO django.utils.autoreload: C:\Users\Micie456\PycharmProjects\Diplom\diplom\mainapp\views.py changed, reloading.
[2026-04-23 18:46:33,750] INFO django.utils.autoreload: Watching for file changes with StatReloader
[2026-04-23 18:46:44,977] INFO django.utils.autoreload: C:\Users\Micie456\PycharmProjects\Diplom\diplom\mainapp\views.py changed, reloading.
[2026-04-23 18:46:45,445] INFO django.utils.autoreload: Watching for file changes with StatReloader
[2026-04-23 18:46:50,516] INFO django.utils.autoreload: C:\Users\Micie456\PycharmProjects\Diplom\diplom\mainapp\views.py changed, reloading.
[2026-04-23 18:46:50,999] INFO django.utils.autoreload: Watching for file changes with StatReloader
[2026-04-23 18:47:05,411] INFO django.utils.autoreload: C:\Users\Micie456\PycharmProjects\Diplom\diplom\mainapp\views.py changed, reloading.
[2026-04-23 18:47:05,852] INFO django.utils.autoreload: Watching for file changes with StatReloader
[2026-04-23 18:51:15,184] INFO django.utils.autoreload: C:\Users\Micie456\PycharmProjects\Diplom\diplom\mainapp\views.py changed, reloading.
[2026-04-23 18:51:15,696] INFO django.utils.autoreload: Watching for file changes with StatReloader
[2026-04-23 18:54:04,070] INFO django.utils.autoreload: Watching for file changes with StatReloader
[2026-04-23 18:54:05,845] INFO django.server: "GET / HTTP/1.1" 200 5775
[2026-04-23 18:54:10,441] INFO django.server: "GET /meal-plan/ HTTP/1.1" 200 53729
[2026-04-23 18:54:29,454] INFO django.server: "POST /api/meal-plan/generate/ HTTP/1.1" 200 15962
[2026-04-23 18:54:29,465] WARNING django.request: Not Found: /media/Diplom_2.jpg
[2026-04-23 18:54:29,468] WARNING django.request: Not Found: /media/Diplom_3.jpg
[2026-04-23 18:54:29,470] WARNING django.request: Not Found: /media/Diplom4.jpg
[2026-04-23 18:54:29,471] WARNING django.server: "GET /media/Diplom_2.jpg HTTP/1.1" 404 6946
[2026-04-23 18:54:29,471] WARNING django.server: "GET /media/Diplom_3.jpg HTTP/1.1" 404 6946
[2026-04-23 18:54:29,471] WARNING django.server: "GET /media/Diplom4.jpg HTTP/1.1" 404 6942
[2026-04-23 18:54:33,177] INFO django.server: "POST /api/meal-plan/generate/ HTTP/1.1" 200 17030
[2026-04-23 18:54:33,190] WARNING django.request: Not Found: /media/diplom_1.jpg
[2026-04-23 18:54:33,193] WARNING django.request: Not Found: /media/Diplom4.jpg
[2026-04-23 18:54:33,195] WARNING django.request: Not Found: /media/Diplom_3.jpg
[2026-04-23 18:54:33,199] WARNING django.request: Not Found: /media/Diplom_2.jpg
[2026-04-23 18:54:33,200] WARNING django.server: "GET /media/Diplom4.jpg HTTP/1.1" 404 6942
[2026-04-23 18:54:33,200] WARNING django.server: "GET /media/diplom_1.jpg HTTP/1.1" 404 6946
[2026-04-23 18:54:33,200] WARNING django.server: "GET /media/Diplom_3.jpg HTTP/1.1" 404 6946
[2026-04-23 18:54:33,200] WARNING django.server: "GET /media/Diplom_2.jpg HTTP/1.1" 404 6946
[2026-04-23 18:54:35,132] INFO django.server: "POST /api/meal-plan/generate/ HTTP/1.1" 200 15640
[2026-04-23 18:54:35,144] WARNING django.request: Not Found: /media/Diplom4.jpg
[2026-04-23 18:54:35,147] WARNING django.request: Not Found: /media/Diplom_2.jpg
[2026-04-23 18:54:35,149] WARNING django.request: Not Found: /media/Diplom_3.jpg
[2026-04-23 18:54:35,150] WARNING django.server: "GET /media/Diplom4.jpg HTTP/1.1" 404 6942
[2026-04-23 18:54:35,150] WARNING django.server: "GET /media/Diplom_2.jpg HTTP/1.1" 404 6946
[2026-04-23 18:54:35,150] WARNING django.server: "GET /media/Diplom_3.jpg HTTP/1.1" 404 6946
[2026-04-23 18:54:36,447] INFO django.server: "POST /api/meal-plan/generate/ HTTP/1.1" 200 15889
[2026-04-23 18:54:36,457] WARNING django.request: Not Found: /media/Diplom_2.jpg
[2026-04-23 18:54:36,459] WARNING django.request: Not Found: /media/Diplom4.jpg
[2026-04-23 18:54:36,461] WARNING django.request: Not Found: /media/Diplom_3.jpg
[2026-04-23 18:54:36,462] WARNING django.server: "GET /media/Diplom_2.jpg HTTP/1.1" 404 6946
[2026-04-23 18:54:36,462] WARNING django.server: "GET /media/Diplom4.jpg HTTP/1.1" 404 6942
[2026-04-23 18:54:36,462] WARNING django.server: "GET /media/Diplom_3.jpg HTTP/1.1" 404 6946
[2026-04-23 18:54:38,304] INFO django.server: "POST /api/meal-plan/generate/ HTTP/1.1" 200 16603
[2026-04-23 18:54:38,315] WARNING django.request: Not Found: /media/diplom_1.jpg
[2026-04-23 18:54:38,318] WARNING django.request: Not Found: /media/Diplom4.jpg
[2026-04-23 18:54:38,322] WARNING django.request: Not Found: /media/Diplom_3.jpg
[2026-04-23 18:54:38,322] WARNING django.server: "GET /media/diplom_1.jpg HTTP/1.1" 404 6946
[2026-04-23 18:54:38,322] WARNING django.server: "GET /media/Diplom4.jpg HTTP/1.1" 404 6942
[2026-04-23 18:54:38,323] WARNING django.server: "GET /media/Diplom_3.jpg HTTP/1.1" 404 6946
[2026-04-23 18:54:39,247] INFO django.server: "POST /api/meal-plan/generate/ HTTP/1.1" 200 16825
[2026-04-23 18:54:39,256] WARNING django.request: Not Found: /media/Diplom4.jpg
[2026-04-23 18:54:39,259] WARNING django.request: Not Found: /media/diplom_1.jpg
[2026-04-23 18:54:39,264] WARNING django.request: Not Found: /media/Diplom_3.jpg
[2026-04-23 18:54:39,264] WARNING django.server: "GET /media/Diplom4.jpg HTTP/1.1" 404 6942
[2026-04-23 18:54:39,264] WARNING django.server: "GET /media/diplom_1.jpg HTTP/1.1" 404 6946
[2026-04-23 18:54:39,264] WARNING django.server: "GET /media/Diplom_3.jpg HTTP/1.1" 404 6946
[2026-04-23 18:54:39,294] INFO django.server: "GET /media/recipes/9_%D0%A2%D0%B2%D0%BE%D1%80%D0%BE%D0%B3_%D1%81%D0%BE_%D1%81%D0%BC%D0%B5%D1%82%D0%B0%D0%BD%D0%BE%D0%B9.jpg HTTP/1.1" 200 14612
[2026-04-23 18:54:46,536] INFO django.server: "POST /api/meal-plan/generate/ HTTP/1.1" 200 16161
[2026-04-23 18:54:46,548] WARNING django.request: Not Found: /media/Diplom_3.jpg
[2026-04-23 18:54:46,551] WARNING django.request: Not Found: /media/Diplom4.jpg
[2026-04-23 18:54:46,555] WARNING django.request: Not Found: /media/diplom_1.jpg
[2026-04-23 18:54:46,555] WARNING django.server: "GET /media/Diplom_3.jpg HTTP/1.1" 404 6946
[2026-04-23 18:54:46,555] WARNING django.server: "GET /media/Diplom4.jpg HTTP/1.1" 404 6942
[2026-04-23 18:54:46,556] WARNING django.server: "GET /media/diplom_1.jpg HTTP/1.1" 404 6946
[2026-04-23 18:54:48,647] INFO django.server: "POST /api/meal-plan/generate/ HTTP/1.1" 200 16674
[2026-04-23 18:54:48,657] WARNING django.request: Not Found: /media/Diplom4.jpg
[2026-04-23 18:54:48,661] WARNING django.request: Not Found: /media/diplom_1.jpg
[2026-04-23 18:54:48,665] WARNING django.request: Not Found: /media/Diplom_3.jpg
[2026-04-23 18:54:48,667] WARNING django.request: Not Found: /media/Diplom_2.jpg
[2026-04-23 18:54:48,667] WARNING django.server: "GET /media/Diplom4.jpg HTTP/1.1" 404 6942
[2026-04-23 18:54:48,668] WARNING django.server: "GET /media/diplom_1.jpg HTTP/1.1" 404 6946
[2026-04-23 18:54:48,668] WARNING django.server: "GET /media/Diplom_3.jpg HTTP/1.1" 404 6946
[2026-04-23 18:54:48,668] WARNING django.server: "GET /media/Diplom_2.jpg HTTP/1.1" 404 6946
[2026-04-23 18:54:49,185] INFO django.server: "POST /api/meal-plan/generate/ HTTP/1.1" 200 15309
[2026-04-23 18:54:49,193] WARNING django.request: Not Found: /media/Diplom_2.jpg
[2026-04-23 18:54:49,196] WARNING django.request: Not Found: /media/Diplom4.jpg
[2026-04-23 18:54:49,198] WARNING django.request: Not Found: /media/Diplom_3.jpg
[2026-04-23 18:54:49,198] WARNING django.server: "GET /media/Diplom4.jpg HTTP/1.1" 404 6942
[2026-04-23 18:54:49,198] WARNING django.server: "GET /media/Diplom_2.jpg HTTP/1.1" 404 6946
[2026-04-23 18:54:49,198] WARNING django.server: "GET /media/Diplom_3.jpg HTTP/1.1" 404 6946
[2026-04-23 18:54:51,291] INFO django.server: "POST /api/meal-plan/generate/ HTTP/1.1" 200 16825
[2026-04-23 18:54:51,301] WARNING django.request: Not Found: /media/Diplom4.jpg
[2026-04-23 18:54:51,303] WARNING django.request: Not Found: /media/diplom_1.jpg
[2026-04-23 18:54:51,305] WARNING django.request: Not Found: /media/Diplom_3.jpg
[2026-04-23 18:54:51,305] WARNING django.server: "GET /media/Diplom4.jpg HTTP/1.1" 404 6942
[2026-04-23 18:54:51,305] WARNING django.server: "GET /media/Diplom_3.jpg HTTP/1.1" 404 6946
[2026-04-23 18:54:51,305] WARNING django.server: "GET /media/diplom_1.jpg HTTP/1.1" 404 6946
[2026-04-23 18:54:55,950] INFO django.server: "GET / HTTP/1.1" 200 5775
[2026-04-23 18:54:57,439] INFO django.server: "GET /meal-plan/ HTTP/1.1" 200 53729
[2026-04-23 18:54:59,151] INFO django.server: "POST /api/meal-plan/generate/ HTTP/1.1" 200 13577
[2026-04-23 18:54:59,158] INFO django.server: "GET /media/recipes/14_%D0%9F%D0%BB%D0%BE%D0%B2_%D1%81_%D0%BA%D1%83%D1%80%D0%B8%D1%86%D0%B5%D0%B9.jpg HTTP/1.1" 200 13140
[2026-04-23 18:54:59,158] INFO django.server: "GET /media/recipes/27_%D0%96%D0%B0%D1%80%D0%BA%D0%BE%D0%B5_%D0%B8%D0%B7_%D1%81%D0%B2%D0%B8%D0%BD%D0%B8%D0%BD%D1%8B_%D1%81_%D0%BA%D0%B0%D1%80%D1%82%D0%BE%D1%88%D0%BA%D0%BE%D0%B9.jpg HTTP/1.1" 200 19089
[2026-04-23 18:55:01,419] INFO django.server: "POST /api/meal-plan/generate/ HTTP/1.1" 200 13219
[2026-04-23 18:55:01,426] WARNING django.request: Not Found: /media/diplom_1.jpg
[2026-04-23 18:55:01,428] WARNING django.server: "GET /media/diplom_1.jpg HTTP/1.1" 404 6946
[2026-04-23 18:55:02,749] INFO django.server: "POST /api/meal-plan/generate/ HTTP/1.1" 200 13219
[2026-04-23 18:55:02,757] WARNING django.request: Not Found: /media/diplom_1.jpg
[2026-04-23 18:55:02,757] WARNING django.server: "GET /media/diplom_1.jpg HTTP/1.1" 404 6946
[2026-04-23 18:55:04,215] INFO django.server: "POST /api/meal-plan/generate/ HTTP/1.1" 200 11727
[2026-04-23 18:55:06,281] INFO django.server: "POST /api/meal-plan/generate/ HTTP/1.1" 200 14365
[2026-04-23 18:55:08,444] INFO django.server: "POST /api/meal-plan/generate/ HTTP/1.1" 200 13219
[2026-04-23 18:55:08,452] WARNING django.request: Not Found: /media/diplom_1.jpg
[2026-04-23 18:55:08,453] WARNING django.server: "GET /media/diplom_1.jpg HTTP/1.1" 404 6946
[2026-04-23 18:55:13,160] INFO django.server: "GET / HTTP/1.1" 200 5775
[2026-04-23 18:55:14,404] INFO django.server: "GET /meal-plan/ HTTP/1.1" 200 53729
[2026-04-23 18:55:16,833] INFO django.server: "POST /api/meal-plan/generate/ HTTP/1.1" 200 13601
[2026-04-23 18:55:16,841] WARNING django.request: Not Found: /media/diplom_1.jpg
[2026-04-23 18:55:16,841] WARNING django.server: "GET /media/diplom_1.jpg HTTP/1.1" 404 6946
[2026-04-23 18:55:20,998] INFO django.server: "POST /api/meal-plan/generate/ HTTP/1.1" 200 13229
[2026-04-23 18:55:21,006] WARNING django.request: Not Found: /media/diplom_1.jpg
[2026-04-23 18:55:21,006] WARNING django.server: "GET /media/diplom_1.jpg HTTP/1.1" 404 6946
[2026-04-23 18:55:25,961] INFO django.server: "POST /api/meal-plan/generate/ HTTP/1.1" 200 13601
[2026-04-23 18:55:25,969] WARNING django.request: Not Found: /media/diplom_1.jpg
[2026-04-23 18:55:25,969] WARNING django.server: "GET /media/diplom_1.jpg HTTP/1.1" 404 6946
[2026-04-23 18:55:30,205] INFO django.server: "POST /api/meal-plan/generate/ HTTP/1.1" 200 13235
[2026-04-23 18:55:30,213] WARNING django.request: Not Found: /media/diplom_1.jpg
[2026-04-23 18:55:30,214] WARNING django.server: "GET /media/diplom_1.jpg HTTP/1.1" 404 6946
[2026-04-23 18:55:33,078] INFO django.server: "POST /api/meal-plan/generate/ HTTP/1.1" 200 13601
[2026-04-23 18:55:33,086] WARNING django.request: Not Found: /media/diplom_1.jpg
[2026-04-23 18:55:33,087] WARNING django.server: "GET /media/diplom_1.jpg HTTP/1.1" 404 6946
[2026-04-23 18:55:38,295] INFO django.server: "POST /api/meal-plan/generate/ HTTP/1.1" 200 13213
[2026-04-23 18:55:38,303] WARNING django.request: Not Found: /media/diplom_1.jpg
[2026-04-23 18:55:38,304] WARNING django.server: "GET /media/diplom_1.jpg HTTP/1.1" 404 6946
[2026-04-23 18:55:40,674] INFO django.server: "POST /api/meal-plan/generate/ HTTP/1.1" 200 13601
[2026-04-23 18:55:40,681] WARNING django.request: Not Found: /media/diplom_1.jpg
[2026-04-23 18:55:40,682] WARNING django.server: "GET /media/diplom_1.jpg HTTP/1.1" 404 6946
[2026-04-23 18:55:43,906] INFO django.server: "POST /api/meal-plan/generate/ HTTP/1.1" 200 13333
[2026-04-23 18:55:43,913] WARNING django.request: Not Found: /media/diplom_1.jpg
[2026-04-23 18:55:43,913] WARNING django.server: "GET /media/diplom_1.jpg HTTP/1.1" 404 6946
[2026-04-23 18:55:45,332] INFO django.server: "POST /api/meal-plan/generate/ HTTP/1.1" 200 17181
[2026-04-23 18:55:45,341] WARNING django.request: Not Found: /media/Diplom4.jpg
[2026-04-23 18:55:45,347] WARNING django.request: Not Found: /media/Diplom_5.png
[2026-04-23 18:55:45,349] WARNING django.request: Not Found: /media/Diplom_2.jpg
[2026-04-23 18:55:45,350] WARNING django.server: "GET /media/Diplom4.jpg HTTP/1.1" 404 6942
[2026-04-23 18:55:45,350] WARNING django.server: "GET /media/Diplom_5.png HTTP/1.1" 404 6946
[2026-04-23 18:55:45,350] WARNING django.server: "GET /media/Diplom_2.jpg HTTP/1.1" 404 6946
[2026-04-23 18:55:46,551] INFO django.server: "POST /api/meal-plan/generate/ HTTP/1.1" 200 16932
[2026-04-23 18:55:46,561] WARNING django.request: Not Found: /media/Diplom_5.png
[2026-04-23 18:55:46,565] WARNING django.request: Not Found: /media/Diplom4.jpg
[2026-04-23 18:55:46,567] WARNING django.request: Not Found: /media/Diplom_2.jpg
[2026-04-23 18:55:46,568] WARNING django.server: "GET /media/Diplom_5.png HTTP/1.1" 404 6946
[2026-04-23 18:55:46,568] WARNING django.server: "GET /media/Diplom4.jpg HTTP/1.1" 404 6942
[2026-04-23 18:55:46,568] WARNING django.server: "GET /media/Diplom_2.jpg HTTP/1.1" 404 6946
[2026-04-23 18:55:56,494] INFO django.server: "POST /api/meal-plan/generate/ HTTP/1.1" 200 11267
[2026-04-23 18:55:56,836] INFO django.server: "POST /api/meal-plan/generate/ HTTP/1.1" 200 13145
[2026-04-23 18:55:56,845] WARNING django.request: Not Found: /media/diplom_1.jpg
[2026-04-23 18:55:56,845] WARNING django.server: "GET /media/diplom_1.jpg HTTP/1.1" 404 6946
[2026-04-23 18:55:58,061] INFO django.server: "POST /api/meal-plan/generate/ HTTP/1.1" 200 11401
[2026-04-23 18:55:59,755] INFO django.server: "POST /api/meal-plan/generate/ HTTP/1.1" 200 11853
[2026-04-23 18:56:02,157] INFO django.server: "POST /api/meal-plan/generate/ HTTP/1.1" 200 11738
[2026-04-23 18:56:04,737] INFO django.server: "POST /api/meal-plan/generate/ HTTP/1.1" 200 11225
[2026-04-23 18:56:06,571] INFO django.server: "POST /api/meal-plan/generate/ HTTP/1.1" 200 12711
[2026-04-23 18:56:09,467] INFO django.server: "POST /api/meal-plan/generate/ HTTP/1.1" 200 12950
[2026-04-23 18:56:10,763] INFO django.server: "POST /api/meal-plan/generate/ HTTP/1.1" 200 12251
[2026-04-23 18:56:11,449] INFO django.server: "POST /api/meal-plan/generate/ HTTP/1.1" 200 11853
[2026-04-23 18:56:13,116] INFO django.server: "POST /api/meal-plan/generate/ HTTP/1.1" 200 11225
[2026-04-23 18:56:14,769] INFO django.server: "POST /api/meal-plan/generate/ HTTP/1.1" 200 12411
[2026-04-23 18:56:15,606] INFO django.server: "POST /api/meal-plan/generate/ HTTP/1.1" 200 11738
[2026-04-23 18:56:16,600] INFO django.server: "POST /api/meal-plan/generate/ HTTP/1.1" 200 11225
[2026-04-23 18:56:17,187] INFO django.server: "POST /api/meal-plan/generate/ HTTP/1.1" 200 12319
[2026-04-23 18:56:17,580] INFO django.server: "POST /api/meal-plan/generate/ HTTP/1.1" 200 11293
[2026-04-23 18:56:19,662] INFO django.server: "POST /api/meal-plan/generate/ HTTP/1.1" 200 11570
[2026-04-23 18:56:20,162] INFO django.server: "POST /api/meal-plan/generate/ HTTP/1.1" 200 12671
[2026-04-23 18:56:21,059] INFO django.server: "POST /api/meal-plan/generate/ HTTP/1.1" 200 11638
[2026-04-23 18:56:21,518] INFO django.server: "POST /api/meal-plan/generate/ HTTP/1.1" 200 11333
[2026-04-23 18:56:22,788] INFO django.server: "POST /api/meal-plan/generate/ HTTP/1.1" 200 12950
[2026-04-23 18:56:24,145] INFO django.server: "POST /api/meal-plan/generate/ HTTP/1.1" 200 12671
[2026-04-23 18:56:25,569] INFO django.server: "POST /api/meal-plan/generate/ HTTP/1.1" 200 12411
[2026-04-23 18:56:25,997] INFO django.server: "POST /api/meal-plan/generate/ HTTP/1.1" 200 12317
[2026-04-23 18:56:26,387] INFO django.server: "POST /api/meal-plan/generate/ HTTP/1.1" 200 11987
[2026-04-23 18:58:04,619] INFO django.server: "POST /api/meal-plan/generate/ HTTP/1.1" 200 12124
[2026-04-23 18:58:12,026] INFO django.server: "POST /api/meal-plan/generate/ HTTP/1.1" 200 13643
[2026-04-23 18:58:12,962] INFO django.utils.autoreload: C:\Users\Micie456\PycharmProjects\Diplom\diplom\mainapp\models.py changed, reloading.
[2026-04-23 18:58:13,483] INFO django.utils.autoreload: Watching for file changes with StatReloader
[2026-04-23 18:58:15,435] ERROR django.request: Internal Server Error: /api/meal-plan/generate/
[2026-04-23 18:58:15,436] ERROR django.server: "POST /api/meal-plan/generate/ HTTP/1.1" 500 498
[2026-04-23 18:58:17,949] ERROR django.request: Internal Server Error: /api/meal-plan/generate/
[2026-04-23 18:58:17,949] ERROR django.server: "POST /api/meal-plan/generate/ HTTP/1.1" 500 498
[2026-04-23 18:58:19,989] ERROR django.request: Internal Server Error: /api/meal-plan/generate/
[2026-04-23 18:58:19,990] ERROR django.server: "POST /api/meal-plan/generate/ HTTP/1.1" 500 498
[2026-04-23 18:58:22,138] ERROR django.request: Internal Server Error: /api/meal-plan/generate/
[2026-04-23 18:58:22,138] ERROR django.server: "POST /api/meal-plan/generate/ HTTP/1.1" 500 498
[2026-04-23 18:58:50,742] INFO django.utils.autoreload: C:\Users\Micie456\PycharmProjects\Diplom\diplom\mainapp\views.py changed, reloading.
[2026-04-23 18:58:51,209] INFO django.utils.autoreload: Watching for file changes with StatReloader
[2026-04-23 18:59:06,579] INFO django.utils.autoreload: C:\Users\Micie456\PycharmProjects\Diplom\diplom\mainapp\views.py changed, reloading.
[2026-04-23 18:59:07,040] INFO django.utils.autoreload: Watching for file changes with StatReloader
[2026-04-23 18:59:20,343] INFO django.utils.autoreload: C:\Users\Micie456\PycharmProjects\Diplom\diplom\mainapp\admin.py changed, reloading.
[2026-04-23 18:59:20,845] INFO django.utils.autoreload: Watching for file changes with StatReloader
[2026-04-23 19:01:29,033] INFO django.utils.autoreload: Watching for file changes with StatReloader
[2026-04-23 19:01:30,838] INFO django.server: "GET / HTTP/1.1" 200 5775
[2026-04-23 19:01:32,386] INFO django.server: "GET /meal-plan/ HTTP/1.1" 200 53729
[2026-04-23 19:01:34,885] INFO django.server: "POST /api/meal-plan/generate/ HTTP/1.1" 200 16112
[2026-04-23 19:01:34,895] WARNING django.request: Not Found: /media/Diplom_5.png
[2026-04-23 19:01:34,897] WARNING django.request: Not Found: /media/Diplom4.jpg
[2026-04-23 19:01:34,897] WARNING django.server: "GET /media/Diplom_5.png HTTP/1.1" 404 6946
[2026-04-23 19:01:34,898] WARNING django.server: "GET /media/Diplom4.jpg HTTP/1.1" 404 6942
[2026-04-23 19:01:37,973] INFO django.server: "POST /api/meal-plan/generate/ HTTP/1.1" 200 12751
[2026-04-23 19:01:39,344] INFO django.server: "POST /api/meal-plan/generate/ HTTP/1.1" 200 13863
[2026-04-23 19:01:41,351] INFO django.server: "POST /api/meal-plan/generate/ HTTP/1.1" 200 13362
[2026-04-23 19:01:42,843] INFO django.server: "POST /api/meal-plan/generate/ HTTP/1.1" 200 11655
[2026-04-23 19:01:43,797] INFO django.server: "POST /api/meal-plan/generate/ HTTP/1.1" 200 14058
[2026-04-23 19:01:43,807] WARNING django.request: Not Found: /media/Diplom4.jpg
[2026-04-23 19:01:43,808] WARNING django.server: "GET /media/Diplom4.jpg HTTP/1.1" 404 6942
[2026-04-23 19:01:45,006] INFO django.server: "POST /api/meal-plan/generate/ HTTP/1.1" 200 13128
[2026-04-23 19:01:45,064] INFO django.server: "GET /media/recipes/15_%D0%9C%D0%B0%D0%BA%D0%B0%D1%80%D0%BE%D0%BD%D1%8B_%D0%BF%D0%BE-%D1%84%D0%BB%D0%BE%D1%82%D1%81%D0%BA%D0%B8.jpg HTTP/1.1" 200 22069
[2026-04-23 19:01:45,886] INFO django.server: "POST /api/meal-plan/generate/ HTTP/1.1" 200 14099
[2026-04-23 19:01:45,893] WARNING django.request: Not Found: /media/Diplom_5.png
[2026-04-23 19:01:45,893] WARNING django.server: "GET /media/Diplom_5.png HTTP/1.1" 404 6946
[2026-04-23 19:01:46,694] INFO django.server: "POST /api/meal-plan/generate/ HTTP/1.1" 200 14880
[2026-04-23 19:01:46,703] WARNING django.request: Not Found: /media/Diplom_5.png
[2026-04-23 19:01:46,703] WARNING django.server: "GET /media/Diplom_5.png HTTP/1.1" 404 6946
[2026-04-23 19:01:47,925] INFO django.server: "POST /api/meal-plan/generate/ HTTP/1.1" 200 13044
[2026-04-23 19:01:49,769] INFO django.server: "POST /api/meal-plan/generate/ HTTP/1.1" 200 12723
[2026-04-23 19:01:51,008] INFO django.server: "POST /api/meal-plan/generate/ HTTP/1.1" 200 13350
[2026-04-23 19:01:51,753] INFO django.server: "POST /api/meal-plan/generate/ HTTP/1.1" 200 13863
[2026-04-23 19:01:52,613] INFO django.server: "POST /api/meal-plan/generate/ HTTP/1.1" 200 13582
[2026-04-23 19:02:21,266] INFO django.server: "POST /api/meal-plan/generate/ HTTP/1.1" 200 14376
[2026-04-23 19:02:21,275] WARNING django.request: Not Found: /media/Diplom_5.png
[2026-04-23 19:02:21,275] WARNING django.server: "GET /media/Diplom_5.png HTTP/1.1" 404 6946
[2026-04-23 19:02:22,373] INFO django.server: "POST /api/meal-plan/generate/ HTTP/1.1" 200 16462
[2026-04-23 19:02:22,392] WARNING django.request: Not Found: /media/Diplom_5.png
[2026-04-23 19:02:22,395] WARNING django.request: Not Found: /media/Diplom4.jpg
[2026-04-23 19:02:22,395] WARNING django.server: "GET /media/Diplom_5.png HTTP/1.1" 404 6946
[2026-04-23 19:02:22,395] WARNING django.server: "GET /media/Diplom4.jpg HTTP/1.1" 404 6942
[2026-04-23 19:02:25,194] INFO django.server: "POST /api/meal-plan/generate/ HTTP/1.1" 200 14099
[2026-04-23 19:02:25,200] WARNING django.request: Not Found: /media/Diplom_5.png
[2026-04-23 19:02:25,201] WARNING django.server: "GET /media/Diplom_5.png HTTP/1.1" 404 6946
[2026-04-23 19:02:28,701] INFO django.server: "POST /api/meal-plan/generate/ HTTP/1.1" 200 15144
[2026-04-23 19:02:28,709] WARNING django.request: Not Found: /media/Diplom_5.png
[2026-04-23 19:02:28,709] WARNING django.server: "GET /media/Diplom_5.png HTTP/1.1" 404 6946
[2026-04-23 19:02:30,534] INFO django.server: "POST /api/meal-plan/generate/ HTTP/1.1" 200 14099
[2026-04-23 19:02:30,541] WARNING django.request: Not Found: /media/Diplom_5.png
[2026-04-23 19:02:30,541] WARNING django.server: "GET /media/Diplom_5.png HTTP/1.1" 404 6946
[2026-04-23 19:02:41,037] INFO django.server: "POST /api/meal-plan/generate/ HTTP/1.1" 200 12486
[2026-04-23 19:02:42,636] INFO django.server: "POST /api/meal-plan/generate/ HTTP/1.1" 200 14889
[2026-04-23 19:02:42,644] WARNING django.request: Not Found: /media/Diplom4.jpg
[2026-04-23 19:02:42,645] WARNING django.server: "GET /media/Diplom4.jpg HTTP/1.1" 404 6942
[2026-04-23 19:02:49,545] INFO django.server: "POST /api/meal-plan/generate/ HTTP/1.1" 200 13190
[2026-04-23 19:03:00,615] INFO django.server: "POST /api/meal-plan/generate/ HTTP/1.1" 200 13080
[2026-04-23 19:03:02,782] INFO django.server: "POST /api/meal-plan/generate/ HTTP/1.1" 200 13094
[2026-04-23 19:03:02,790] WARNING django.request: Not Found: /media/Diplom_5.png
[2026-04-23 19:03:02,791] WARNING django.server: "GET /media/Diplom_5.png HTTP/1.1" 404 6946
[2026-04-23 19:03:03,617] INFO django.server: "POST /api/meal-plan/generate/ HTTP/1.1" 200 13190
[2026-04-23 19:03:04,642] INFO django.server: "POST /api/meal-plan/generate/ HTTP/1.1" 200 12549
[2026-04-23 19:03:06,006] INFO django.server: "POST /api/meal-plan/generate/ HTTP/1.1" 200 14438
[2026-04-23 19:03:06,016] WARNING django.request: Not Found: /media/Diplom_5.png
[2026-04-23 19:03:06,016] WARNING django.server: "GET /media/Diplom_5.png HTTP/1.1" 404 6946
[2026-04-23 19:03:07,892] INFO django.server: "POST /api/meal-plan/generate/ HTTP/1.1" 200 12263
[2026-04-23 19:03:10,015] INFO django.server: "POST /api/meal-plan/generate/ HTTP/1.1" 200 12014
[2026-04-23 19:03:12,079] INFO django.server: "POST /api/meal-plan/generate/ HTTP/1.1" 200 12332
[2026-04-23 19:03:13,579] INFO django.server: "POST /api/meal-plan/generate/ HTTP/1.1" 200 12960
[2026-04-23 19:03:14,490] INFO django.server: "POST /api/meal-plan/generate/ HTTP/1.1" 200 12549
[2026-04-23 19:03:17,179] INFO django.server: "POST /api/meal-plan/generate/ HTTP/1.1" 200 12110
[2026-04-23 19:03:18,113] INFO django.server: "POST /api/meal-plan/generate/ HTTP/1.1" 200 13344
[2026-04-23 19:03:19,411] INFO django.server: "POST /api/meal-plan/generate/ HTTP/1.1" 200 13725
[2026-04-23 19:03:19,982] INFO django.server: "POST /api/meal-plan/generate/ HTTP/1.1" 200 12716
[2026-04-23 19:03:21,474] INFO django.server: "POST /api/meal-plan/generate/ HTTP/1.1" 200 14603
[2026-04-23 19:03:21,482] WARNING django.request: Not Found: /media/Diplom4.jpg
[2026-04-23 19:03:21,483] WARNING django.server: "GET /media/Diplom4.jpg HTTP/1.1" 404 6942
[2026-04-23 19:03:23,626] INFO django.server: "POST /api/meal-plan/generate/ HTTP/1.1" 200 12402
[2026-04-23 19:03:24,472] INFO django.server: "POST /api/meal-plan/generate/ HTTP/1.1" 200 13161
[2026-04-23 19:03:24,481] WARNING django.request: Not Found: /media/diplom_1.jpg
[2026-04-23 19:03:24,481] WARNING django.server: "GET /media/diplom_1.jpg HTTP/1.1" 404 6946
[2026-04-23 19:03:27,969] INFO django.server: "POST /api/meal-plan/generate/ HTTP/1.1" 200 13917
[2026-04-23 19:03:27,977] WARNING django.request: Not Found: /media/diplom_1.jpg
[2026-04-23 19:03:27,977] WARNING django.server: "GET /media/diplom_1.jpg HTTP/1.1" 404 6946
[2026-04-23 19:03:31,087] INFO django.server: "POST /api/meal-plan/generate/ HTTP/1.1" 200 13164
[2026-04-23 19:03:31,886] INFO django.server: "POST /api/meal-plan/generate/ HTTP/1.1" 200 13080
[2026-04-23 19:03:32,606] INFO django.server: "POST /api/meal-plan/generate/ HTTP/1.1" 200 13359
[2026-04-23 19:03:32,613] WARNING django.request: Not Found: /media/Diplom_2.jpg
[2026-04-23 19:03:32,613] WARNING django.server: "GET /media/Diplom_2.jpg HTTP/1.1" 404 6946
[2026-04-23 19:03:34,861] INFO django.server: "POST /api/meal-plan/generate/ HTTP/1.1" 200 12561
[2026-04-23 19:03:54,169] INFO django.server: "POST /api/meal-plan/generate/ HTTP/1.1" 200 12408
[2026-04-23 19:04:00,894] INFO django.server: "POST /api/meal-plan/generate/ HTTP/1.1" 200 12231
[2026-04-23 19:04:02,057] INFO django.server: "POST /api/meal-plan/generate/ HTTP/1.1" 200 12231
[2026-04-23 19:04:02,590] INFO django.server: "POST /api/meal-plan/generate/ HTTP/1.1" 200 12072
[2026-04-23 19:04:03,250] INFO django.server: "POST /api/meal-plan/generate/ HTTP/1.1" 200 12231
[2026-04-23 19:04:10,386] INFO django.server: "POST /api/meal-plan/generate/ HTTP/1.1" 200 13092
[2026-04-23 19:04:10,395] WARNING django.request: Not Found: /media/diplom_1.jpg
[2026-04-23 19:04:10,395] WARNING django.server: "GET /media/diplom_1.jpg HTTP/1.1" 404 6946
[2026-04-23 19:04:10,672] INFO django.server: "POST /api/meal-plan/generate/ HTTP/1.1" 200 12822
[2026-04-23 19:04:10,834] INFO django.server: "POST /api/meal-plan/generate/ HTTP/1.1" 200 12999
[2026-04-23 19:04:10,841] WARNING django.request: Not Found: /media/Diplom_2.jpg
[2026-04-23 19:04:10,842] WARNING django.server: "GET /media/Diplom_2.jpg HTTP/1.1" 404 6946
[2026-04-23 19:04:10,995] INFO django.server: "POST /api/meal-plan/generate/ HTTP/1.1" 200 13092
[2026-04-23 19:04:11,003] WARNING django.request: Not Found: /media/diplom_1.jpg
[2026-04-23 19:04:11,003] WARNING django.server: "GET /media/diplom_1.jpg HTTP/1.1" 404 6946
[2026-04-23 19:04:11,148] INFO django.server: "POST /api/meal-plan/generate/ HTTP/1.1" 200 12255
[2026-04-23 19:04:11,435] INFO django.server: "POST /api/meal-plan/generate/ HTTP/1.1" 200 12255
[2026-04-23 19:04:13,732] INFO django.server: "POST /api/meal-plan/generate/ HTTP/1.1" 200 12999
[2026-04-23 19:04:13,739] WARNING django.request: Not Found: /media/Diplom_2.jpg
[2026-04-23 19:04:13,739] WARNING django.server: "GET /media/Diplom_2.jpg HTTP/1.1" 404 6946
[2026-04-23 19:04:14,209] INFO django.server: "POST /api/meal-plan/generate/ HTTP/1.1" 200 13068
[2026-04-23 19:04:14,217] WARNING django.request: Not Found: /media/diplom_1.jpg
[2026-04-23 19:04:14,217] WARNING django.server: "GET /media/diplom_1.jpg HTTP/1.1" 404 6946
[2026-04-23 19:07:08,226] INFO django.server: "POST /api/shopping-list/generate/ HTTP/1.1" 200 3335
[2026-04-23 19:07:17,086] INFO django.server: "POST /api/shopping-list/generate/ HTTP/1.1" 200 3335
[2026-04-23 19:07:19,133] INFO django.server: "POST /api/meal-plan/generate/ HTTP/1.1" 200 12225
[2026-04-23 19:07:21,031] INFO django.server: "POST /api/shopping-list/generate/ HTTP/1.1" 200 2732
[2026-04-23 19:08:06,597] INFO django.server: "POST /api/meal-plan/save/ HTTP/1.1" 200 5093
[2026-04-23 19:08:07,952] INFO django.server: "GET /profile/ HTTP/1.1" 200 51591
[2026-04-23 19:08:23,808] INFO django.server: "GET / HTTP/1.1" 200 5775
[2026-04-25 14:37:48,306] INFO django.utils.autoreload: Watching for file changes with StatReloader
[2026-04-25 14:37:51,392] INFO django.server: "GET / HTTP/1.1" 200 5775
[2026-04-25 14:37:51,578] INFO django.server: "GET /static/css/style.css HTTP/1.1" 304 0
[2026-04-25 14:37:51,581] INFO django.server: "GET /static/images/Diplom4.jpg HTTP/1.1" 304 0
[2026-04-25 14:37:51,581] INFO django.server: "GET /static/images/Diplom_5.png HTTP/1.1" 304 0
[2026-04-25 14:37:51,582] INFO django.server: "GET /static/images/diplom_1.jpg HTTP/1.1" 304 0
[2026-04-25 14:37:51,582] INFO django.server: "GET /static/images/Diplom_3.jpg HTTP/1.1" 304 0
[2026-04-25 14:37:51,582] INFO django.server: "GET /static/images/Diplom_2.jpg HTTP/1.1" 304 0
[2026-04-25 14:37:51,593] INFO django.server: "GET /static/images/Diplom_6.png HTTP/1.1" 304 0
[2026-04-25 14:37:51,602] INFO django.server: "GET /static/images/background.jpg HTTP/1.1" 304 0
[2026-04-25 14:37:51,770] WARNING django.request: Not Found: /favicon.ico
[2026-04-25 14:37:51,770] WARNING django.server: "GET /favicon.ico HTTP/1.1" 404 6697
[2026-04-25 14:37:53,994] INFO django.server: "GET /profile/ HTTP/1.1" 200 51591
[2026-04-25 14:37:59,236] INFO django.server: "GET /compose/ HTTP/1.1" 200 27686
[2026-04-25 14:37:59,268] INFO django.server: "GET /media/ingridients/kokososovoe__moloko.png HTTP/1.1" 304 0
[2026-04-25 14:38:18,588] INFO django.server: "GET /api/search_recipes/?ingredients=%D0%BB%D0%B0%D0%BF%D1%88%D0%B0+%D0%BA%D1%83%D1%80%D0%B8%D1%86%D0%B0&kitchen=japanese HTTP/1.1" 200 9569
[2026-04-25 14:38:30,991] INFO django.server: "GET /api/search_recipes/?ingredients=%D0%BB%D0%B0%D0%BF%D1%88%D0%B0+%D0%BA%D1%83%D1%80%D0%B8%D1%86%D0%B0&kitchen=japanese HTTP/1.1" 200 9569
[2026-04-25 14:38:37,276] INFO django.server: "GET / HTTP/1.1" 200 5775
[2026-04-25 14:38:39,303] INFO django.server: "GET /profile/ HTTP/1.1" 200 51591
[2026-04-25 14:38:41,747] INFO django.server: "GET /meal-plan/ HTTP/1.1" 200 53733
[2026-04-25 14:38:42,933] INFO django.server: "GET / HTTP/1.1" 200 5775
[2026-04-25 14:38:44,102] INFO django.server: "GET /compose/ HTTP/1.1" 200 27686
[2026-04-25 14:38:58,062] INFO django.server: "GET /api/search_recipes/?ingredients=%D0%BA%D1%83%D1%80%D0%B8%D1%86%D0%B0+%D0%BB%D0%B0%D0%BF%D1%88%D0%B0&kitchen=japanese HTTP/1.1" 200 9569
[2026-04-25 14:39:25,652] INFO django.server: "GET /recipe/637908/ HTTP/1.1" 200 39589
[2026-04-25 14:39:28,420] ERROR django.request: Internal Server Error: /api/favorites/save/
Traceback (most recent call last):
  File "C:\Users\Micie456\PycharmProjects\Diplom\.venv\Lib\site-packages\django\core\handlers\exception.py", line 55, in inner
    response = get_response(request)
               ^^^^^^^^^^^^^^^^^^^^^
  File "C:\Users\Micie456\PycharmProjects\Diplom\.venv\Lib\site-packages\django\core\handlers\base.py", line 198, in _get_response
    response = wrapped_callback(request, *callback_args, **callback_kwargs)
               ^^^^^^^^^^^^^^^^^^^^^^^^^^^^^^^^^^^^^^^^^^^^^^^^^^^^^^^^^^^^
  File "C:\Users\Micie456\PycharmProjects\Diplom\.venv\Lib\site-packages\django\views\decorators\http.py", line 64, in inner
    return func(request, *args, **kwargs)
           ^^^^^^^^^^^^^^^^^^^^^^^^^^^^^^
  File "C:\Users\Micie456\PycharmProjects\Diplom\.venv\Lib\site-packages\django\contrib\auth\decorators.py", line 59, in _view_wrapper
    return view_func(request, *args, **kwargs)
           ^^^^^^^^^^^^^^^^^^^^^^^^^^^^^^^^^^^
  File "C:\Users\Micie456\PycharmProjects\Diplom\diplom\mainapp\views.py", line 859, in save_to_favorites
    recipe = Recipes.objects.filter(spoonacular_id=spoonacular_id).first()
             ^^^^^^^^^^^^^^^^^^^^^^^^^^^^^^^^^^^^^^^^^^^^^^^^^^^^^
  File "C:\Users\Micie456\PycharmProjects\Diplom\.venv\Lib\site-packages\django\db\models\manager.py", line 87, in manager_method
    return getattr(self.get_queryset(), name)(*args, **kwargs)
           ^^^^^^^^^^^^^^^^^^^^^^^^^^^^^^^^^^^^^^^^^^^^^^^^^^^
  File "C:\Users\Micie456\PycharmProjects\Diplom\.venv\Lib\site-packages\django\db\models\query.py", line 1542, in filter
    return self._filter_or_exclude(False, args, kwargs)
           ^^^^^^^^^^^^^^^^^^^^^^^^^^^^^^^^^^^^^^^^^^^^
  File "C:\Users\Micie456\PycharmProjects\Diplom\.venv\Lib\site-packages\django\db\models\query.py", line 1560, in _filter_or_exclude
    clone._filter_or_exclude_inplace(negate, args, kwargs)
  File "C:\Users\Micie456\PycharmProjects\Diplom\.venv\Lib\site-packages\django\db\models\query.py", line 1570, in _filter_or_exclude_inplace
    self._query.add_q(Q(*args, **kwargs))
  File "C:\Users\Micie456\PycharmProjects\Diplom\.venv\Lib\site-packages\django\db\models\sql\query.py", line 1676, in add_q
    clause, _ = self._add_q(q_object, can_reuse)
                ^^^^^^^^^^^^^^^^^^^^^^^^^^^^^^^^
  File "C:\Users\Micie456\PycharmProjects\Diplom\.venv\Lib\site-packages\django\db\models\sql\query.py", line 1708, in _add_q
    child_clause, needed_inner = self.build_filter(
                                 ^^^^^^^^^^^^^^^^^^
  File "C:\Users\Micie456\PycharmProjects\Diplom\.venv\Lib\site-packages\django\db\models\sql\query.py", line 1556, in build_filter
    lookups, parts, reffed_expression = self.solve_lookup_type(arg, summarize)
                                        ^^^^^^^^^^^^^^^^^^^^^^^^^^^^^^^^^^^^^^
  File "C:\Users\Micie456\PycharmProjects\Diplom\.venv\Lib\site-packages\django\db\models\sql\query.py", line 1363, in solve_lookup_type
    _, field, _, lookup_parts = self.names_to_path(lookup_splitted, self.get_meta())
                                ^^^^^^^^^^^^^^^^^^^^^^^^^^^^^^^^^^^^^^^^^^^^^^^^^^^^
  File "C:\Users\Micie456\PycharmProjects\Diplom\.venv\Lib\site-packages\django\db\models\sql\query.py", line 1842, in names_to_path
    raise FieldError(
django.core.exceptions.FieldError: Cannot resolve keyword 'spoonacular_id' into field. Choices are: KitchennameId, KitchennameId_id, calories, cookinghistory, cost_level, description, favorite, goal_suitability, id, image, meal_type, mealplanitem, name, recipeingredient
[2026-04-25 14:39:28,423] ERROR django.server: "POST /api/favorites/save/ HTTP/1.1" 500 130696
[2026-04-25 14:39:30,844] ERROR django.request: Internal Server Error: /api/favorites/save/
Traceback (most recent call last):
  File "C:\Users\Micie456\PycharmProjects\Diplom\.venv\Lib\site-packages\django\core\handlers\exception.py", line 55, in inner
    response = get_response(request)
               ^^^^^^^^^^^^^^^^^^^^^
  File "C:\Users\Micie456\PycharmProjects\Diplom\.venv\Lib\site-packages\django\core\handlers\base.py", line 198, in _get_response
    response = wrapped_callback(request, *callback_args, **callback_kwargs)
               ^^^^^^^^^^^^^^^^^^^^^^^^^^^^^^^^^^^^^^^^^^^^^^^^^^^^^^^^^^^^
  File "C:\Users\Micie456\PycharmProjects\Diplom\.venv\Lib\site-packages\django\views\decorators\http.py", line 64, in inner
    return func(request, *args, **kwargs)
           ^^^^^^^^^^^^^^^^^^^^^^^^^^^^^^
  File "C:\Users\Micie456\PycharmProjects\Diplom\.venv\Lib\site-packages\django\contrib\auth\decorators.py", line 59, in _view_wrapper
    return view_func(request, *args, **kwargs)
           ^^^^^^^^^^^^^^^^^^^^^^^^^^^^^^^^^^^
  File "C:\Users\Micie456\PycharmProjects\Diplom\diplom\mainapp\views.py", line 859, in save_to_favorites
    recipe = Recipes.objects.filter(spoonacular_id=spoonacular_id).first()
             ^^^^^^^^^^^^^^^^^^^^^^^^^^^^^^^^^^^^^^^^^^^^^^^^^^^^^
  File "C:\Users\Micie456\PycharmProjects\Diplom\.venv\Lib\site-packages\django\db\models\manager.py", line 87, in manager_method
    return getattr(self.get_queryset(), name)(*args, **kwargs)
           ^^^^^^^^^^^^^^^^^^^^^^^^^^^^^^^^^^^^^^^^^^^^^^^^^^^
  File "C:\Users\Micie456\PycharmProjects\Diplom\.venv\Lib\site-packages\django\db\models\query.py", line 1542, in filter
    return self._filter_or_exclude(False, args, kwargs)
           ^^^^^^^^^^^^^^^^^^^^^^^^^^^^^^^^^^^^^^^^^^^^
  File "C:\Users\Micie456\PycharmProjects\Diplom\.venv\Lib\site-packages\django\db\models\query.py", line 1560, in _filter_or_exclude
    clone._filter_or_exclude_inplace(negate, args, kwargs)
  File "C:\Users\Micie456\PycharmProjects\Diplom\.venv\Lib\site-packages\django\db\models\query.py", line 1570, in _filter_or_exclude_inplace
    self._query.add_q(Q(*args, **kwargs))
  File "C:\Users\Micie456\PycharmProjects\Diplom\.venv\Lib\site-packages\django\db\models\sql\query.py", line 1676, in add_q
    clause, _ = self._add_q(q_object, can_reuse)
                ^^^^^^^^^^^^^^^^^^^^^^^^^^^^^^^^
  File "C:\Users\Micie456\PycharmProjects\Diplom\.venv\Lib\site-packages\django\db\models\sql\query.py", line 1708, in _add_q
    child_clause, needed_inner = self.build_filter(
                                 ^^^^^^^^^^^^^^^^^^
  File "C:\Users\Micie456\PycharmProjects\Diplom\.venv\Lib\site-packages\django\db\models\sql\query.py", line 1556, in build_filter
    lookups, parts, reffed_expression = self.solve_lookup_type(arg, summarize)
                                        ^^^^^^^^^^^^^^^^^^^^^^^^^^^^^^^^^^^^^^
  File "C:\Users\Micie456\PycharmProjects\Diplom\.venv\Lib\site-packages\django\db\models\sql\query.py", line 1363, in solve_lookup_type
    _, field, _, lookup_parts = self.names_to_path(lookup_splitted, self.get_meta())
                                ^^^^^^^^^^^^^^^^^^^^^^^^^^^^^^^^^^^^^^^^^^^^^^^^^^^^
  File "C:\Users\Micie456\PycharmProjects\Diplom\.venv\Lib\site-packages\django\db\models\sql\query.py", line 1842, in names_to_path
    raise FieldError(
django.core.exceptions.FieldError: Cannot resolve keyword 'spoonacular_id' into field. Choices are: KitchennameId, KitchennameId_id, calories, cookinghistory, cost_level, description, favorite, goal_suitability, id, image, meal_type, mealplanitem, name, recipeingredient
[2026-04-25 14:39:30,846] ERROR django.server: "POST /api/favorites/save/ HTTP/1.1" 500 130696
[2026-04-25 14:40:13,267] INFO django.server: "GET /recipe/637908/cooking/ HTTP/1.1" 200 20426
[2026-04-25 14:43:13,448] INFO django.server: "GET /recipe/637908/ HTTP/1.1" 200 39589
[2026-04-25 14:43:40,308] INFO django.server: "GET /recipe/637908/cooking/ HTTP/1.1" 200 20426
[2026-04-25 14:45:07,726] INFO django.utils.autoreload: C:\Users\Micie456\PycharmProjects\Diplom\diplom\mainapp\views.py changed, reloading.
[2026-04-25 14:45:08,287] INFO django.utils.autoreload: Watching for file changes with StatReloader
[2026-04-25 14:45:10,222] INFO django.server: "GET / HTTP/1.1" 200 5775
[2026-04-25 14:45:13,267] INFO django.server: "GET /compose/ HTTP/1.1" 200 27686
[2026-04-25 14:45:24,728] INFO django.server: "GET /api/search_recipes/?ingredients=%D0%BB%D0%B0%D0%BF%D1%88%D0%B0+%D0%BA%D1%83%D1%80%D0%B8%D1%86%D0%B0&kitchen=japanese HTTP/1.1" 200 9569
[2026-04-25 14:45:42,615] INFO django.server: "GET /recipe/637908/ HTTP/1.1" 200 39589
[2026-04-25 14:46:07,100] INFO django.server: "GET /recipe/637908/cooking/ HTTP/1.1" 200 20426
[2026-04-25 14:46:21,246] INFO django.server: "GET /recipe/637908/ HTTP/1.1" 200 39589
[2026-04-25 14:46:42,881] INFO django.server: "GET /recipe/637908/cooking/ HTTP/1.1" 200 20426
[2026-04-25 14:53:20,890] INFO django.utils.autoreload: C:\Users\Micie456\PycharmProjects\Diplom\diplom\mainapp\views.py changed, reloading.
[2026-04-25 14:53:21,373] INFO django.utils.autoreload: Watching for file changes with StatReloader
[2026-04-25 14:53:33,628] INFO django.utils.autoreload: C:\Users\Micie456\PycharmProjects\Diplom\diplom\mainapp\views.py changed, reloading.
[2026-04-25 14:53:34,092] INFO django.utils.autoreload: Watching for file changes with StatReloader
[2026-04-25 14:53:53,602] INFO django.utils.autoreload: C:\Users\Micie456\PycharmProjects\Diplom\diplom\mainapp\views.py changed, reloading.
[2026-04-25 14:53:54,060] INFO django.utils.autoreload: Watching for file changes with StatReloader
[2026-04-25 14:55:26,730] INFO django.utils.autoreload: Watching for file changes with StatReloader
[2026-04-25 14:55:29,168] INFO django.server: "GET / HTTP/1.1" 200 5775
[2026-04-25 14:55:31,465] INFO django.server: "GET /compose/ HTTP/1.1" 200 27686
[2026-04-25 14:55:46,172] INFO django.server: "GET /api/search_recipes/?ingredients=%D0%BA%D1%83%D1%80%D0%B8%D1%86%D0%B0+%D0%BB%D0%B0%D0%BF%D1%88%D0%B0&kitchen=japanese HTTP/1.1" 200 9569
[2026-04-25 14:55:57,694] INFO django.server: "GET /recipe/637908/ HTTP/1.1" 200 39589
[2026-04-25 14:56:27,897] INFO django.server: "GET /recipe/637908/cooking/ HTTP/1.1" 200 20426
[2026-04-25 14:56:44,075] INFO django.server: "GET /recipe/637908/ HTTP/1.1" 200 39589
[2026-04-25 14:56:47,390] INFO django.server: "GET /recipe/637908/cooking/ HTTP/1.1" 200 20426
[2026-04-25 17:13:49,503] INFO django.server: "GET / HTTP/1.1" 200 5775
[2026-04-25 17:13:56,462] INFO django.server: "GET /recipe/2/ HTTP/1.1" 200 20673
[2026-04-25 17:13:56,505] WARNING django.request: Not Found: /media/Diplom_2.jpg
[2026-04-25 17:13:56,505] WARNING django.server: "GET /media/Diplom_2.jpg HTTP/1.1" 404 6946
[2026-04-25 17:14:19,840] INFO django.server: "GET /api/recipe/fetch/2/ HTTP/1.1" 200 9081
[2026-04-25 17:14:33,740] INFO django.server: "GET /recipe/2/cooking/ HTTP/1.1" 200 17690
[2026-04-25 17:14:45,975] INFO django.server: "GET /api/recipe/fetch/2/ HTTP/1.1" 200 9081
[2026-04-25 17:14:51,664] INFO django.server: "GET /recipe/2/ HTTP/1.1" 200 20673
[2026-04-25 17:14:51,706] WARNING django.request: Not Found: /media/Diplom_2.jpg
[2026-04-25 17:14:51,707] WARNING django.server: "GET /media/Diplom_2.jpg HTTP/1.1" 404 6946
[2026-04-25 17:14:53,827] INFO django.server: "GET / HTTP/1.1" 200 5775
[2026-04-25 17:14:56,130] INFO django.server: "GET /meal-plan/ HTTP/1.1" 200 53733
[2026-04-25 17:15:00,352] ERROR django.request: Internal Server Error: /api/meal-plan/generate/
[2026-04-25 17:15:00,353] ERROR django.server: "POST /api/meal-plan/generate/ HTTP/1.1" 500 191
[2026-04-25 17:15:04,962] ERROR django.request: Internal Server Error: /api/meal-plan/generate/
[2026-04-25 17:15:04,962] ERROR django.server: "POST /api/meal-plan/generate/ HTTP/1.1" 500 191
[2026-04-25 17:15:51,882] INFO django.utils.autoreload: C:\Users\Micie456\PycharmProjects\Diplom\diplom\mainapp\views.py changed, reloading.
[2026-04-25 17:15:52,841] INFO django.utils.autoreload: Watching for file changes with StatReloader
[2026-04-25 17:16:16,766] INFO django.utils.autoreload: Watching for file changes with StatReloader
[2026-04-25 17:16:18,341] INFO django.server: "GET / HTTP/1.1" 200 5775
[2026-04-25 17:16:22,281] INFO django.server: "GET /meal-plan/ HTTP/1.1" 200 53733
[2026-04-25 17:16:23,965] INFO django.server: "POST /api/meal-plan/generate/ HTTP/1.1" 200 13275
[2026-04-25 17:16:23,976] WARNING django.request: Not Found: /media/Diplom_2.jpg
[2026-04-25 17:16:23,977] INFO django.server: "GET /media/recipes/9_%D0%A2%D0%B2%D0%BE%D1%80%D0%BE%D0%B3_%D1%81%D0%BE_%D1%81%D0%BC%D0%B5%D1%82%D0%B0%D0%BD%D0%BE%D0%B9.jpg HTTP/1.1" 304 0
[2026-04-25 17:16:23,977] WARNING django.server: "GET /media/Diplom_2.jpg HTTP/1.1" 404 6946
[2026-04-25 17:16:27,424] INFO django.server: "POST /api/meal-plan/generate/ HTTP/1.1" 200 14342
[2026-04-25 17:16:27,447] WARNING django.request: Not Found: /media/Diplom_2.jpg
[2026-04-25 17:16:27,448] INFO django.server: "GET /media/recipes/14_%D0%9F%D0%BB%D0%BE%D0%B2_%D1%81_%D0%BA%D1%83%D1%80%D0%B8%D1%86%D0%B5%D0%B9.jpg HTTP/1.1" 304 0
[2026-04-25 17:16:27,448] INFO django.server: "GET /media/recipes/18_%D0%9A%D0%B0%D1%80%D1%82%D0%BE%D1%84%D0%B5%D0%BB%D1%8C%D0%BD%D0%BE%D0%B5_%D0%BF%D1%8E%D1%80%D0%B5_%D1%81_%D0%BA%D0%BE%D1%82%D0%BB%D0%B5%D1%82%D0%BE%D0%B9.jpg HTTP/1.1" 304 0
[2026-04-25 17:16:27,448] INFO django.server: "GET /media/recipes/34_%D0%9A%D0%BE%D1%82%D0%BB%D0%B5%D1%82%D1%8B_%D0%BF%D0%BE-%D0%BA%D0%B8%D0%B5%D0%B2%D1%81%D0%BA%D0%B8.jpg HTTP/1.1" 304 0
[2026-04-25 17:16:27,448] WARNING django.server: "GET /media/Diplom_2.jpg HTTP/1.1" 404 6946
[2026-04-25 17:16:28,941] INFO django.server: "POST /api/meal-plan/generate/ HTTP/1.1" 200 14426
[2026-04-25 17:16:28,949] WARNING django.request: Not Found: /media/Diplom_2.jpg
[2026-04-25 17:16:28,949] WARNING django.server: "GET /media/Diplom_2.jpg HTTP/1.1" 404 6946
[2026-04-25 17:16:31,341] INFO django.server: "POST /api/meal-plan/generate/ HTTP/1.1" 200 13301
[2026-04-25 17:16:31,347] WARNING django.request: Not Found: /media/diplom_1.jpg
[2026-04-25 17:16:31,347] WARNING django.server: "GET /media/diplom_1.jpg HTTP/1.1" 404 6946
[2026-04-25 17:16:32,208] INFO django.server: "POST /api/meal-plan/generate/ HTTP/1.1" 200 13853
[2026-04-25 17:16:32,216] WARNING django.request: Not Found: /media/Diplom_2.jpg
[2026-04-25 17:16:32,217] WARNING django.server: "GET /media/Diplom_2.jpg HTTP/1.1" 404 6946
[2026-04-25 17:16:35,623] INFO django.server: "POST /api/meal-plan/generate/ HTTP/1.1" 200 13080
[2026-04-25 17:16:38,883] INFO django.server: "POST /api/meal-plan/generate/ HTTP/1.1" 200 13158
[2026-04-25 17:16:40,126] INFO django.server: "POST /api/meal-plan/generate/ HTTP/1.1" 200 12477
[2026-04-25 17:16:50,736] INFO django.server: "POST /api/meal-plan/generate/ HTTP/1.1" 200 13932
[2026-04-25 17:16:50,745] WARNING django.request: Not Found: /media/Diplom_2.jpg
[2026-04-25 17:16:50,745] WARNING django.server: "GET /media/Diplom_2.jpg HTTP/1.1" 404 6946
[2026-04-25 17:16:55,619] INFO django.server: "POST /api/meal-plan/generate/ HTTP/1.1" 200 13515
[2026-04-25 17:16:55,629] INFO django.server: "GET /media/recipes/17_%D0%9A%D1%83%D1%80%D0%B8%D0%BD%D1%8B%D0%B9_%D1%81%D1%83%D0%BF.jpg HTTP/1.1" 304 0
[2026-04-25 17:16:55,629] INFO django.server: "GET /media/recipes/11_%D0%91%D1%83%D1%82%D0%B5%D1%80%D0%B1%D1%80%D0%BE%D0%B4_%D1%81_%D1%81%D1%8B%D1%80%D0%BE%D0%BC.jpg HTTP/1.1" 304 0
[2026-04-25 17:16:55,629] INFO django.server: "GET /media/recipes/6_%D0%9E%D0%B2%D1%81%D1%8F%D0%BD%D0%BA%D0%B0_%D0%BD%D0%B0_%D0%BC%D0%BE%D0%BB%D0%BE%D0%BA%D0%B5.jpg HTTP/1.1" 304 0
[2026-04-25 17:16:55,629] INFO django.server: "GET /media/recipes/21_%D0%93%D0%BE%D1%80%D0%BE%D1%85%D0%BE%D0%B2%D1%8B%D0%B9_%D1%81%D1%83%D0%BF.jpg HTTP/1.1" 304 0
[2026-04-25 17:16:55,631] INFO django.server: "GET /media/recipes/27_%D0%96%D0%B0%D1%80%D0%BA%D0%BE%D0%B5_%D0%B8%D0%B7_%D1%81%D0%B2%D0%B8%D0%BD%D0%B8%D0%BD%D1%8B_%D1%81_%D0%BA%D0%B0%D1%80%D1%82%D0%BE%D1%88%D0%BA%D0%BE%D0%B9.jpg HTTP/1.1" 304 0
[2026-04-25 17:16:58,362] INFO django.server: "POST /api/meal-plan/generate/ HTTP/1.1" 200 13091
[2026-04-25 17:16:58,370] WARNING django.request: Not Found: /media/Diplom4.jpg
[2026-04-25 17:16:58,370] INFO django.server: "GET /media/recipes/8_%D0%9E%D0%BC%D0%BB%D0%B5%D1%82.jpg HTTP/1.1" 304 0
[2026-04-25 17:16:58,371] WARNING django.server: "GET /media/Diplom4.jpg HTTP/1.1" 404 6942
[2026-04-25 17:17:00,196] INFO django.server: "POST /api/meal-plan/generate/ HTTP/1.1" 200 12751
[2026-04-25 17:17:00,200] INFO django.server: "GET /media/recipes/kasha_risovaya.png HTTP/1.1" 304 0
[2026-04-25 17:17:00,999] INFO django.server: "POST /api/meal-plan/generate/ HTTP/1.1" 200 13598
[2026-04-25 17:17:05,445] INFO django.server: "POST /api/meal-plan/generate/ HTTP/1.1" 200 10280
[2026-04-25 17:17:05,456] WARNING django.request: Not Found: /media/Diplom_3.jpg
[2026-04-25 17:17:05,456] INFO django.server: "GET /media/recipes/13_%D0%9A%D1%83%D1%80%D0%B8%D0%BD%D0%BE%D0%B5_%D1%84%D0%B8%D0%BB%D0%B5_%D1%81_%D1%80%D0%B8%D1%81%D0%BE%D0%BC.jpg HTTP/1.1" 304 0
[2026-04-25 17:17:05,456] INFO django.server: "GET /media/recipes/23_%D0%93%D1%83%D0%BB%D1%8F%D1%88_%D0%B8%D0%B7_%D0%B3%D0%BE%D0%B2%D1%8F%D0%B4%D0%B8%D0%BD%D1%8B_%D1%81_%D0%BF%D1%8E%D1%80%D0%B5.jpg HTTP/1.1" 304 0
[2026-04-25 17:17:05,457] WARNING django.server: "GET /media/Diplom_3.jpg HTTP/1.1" 404 6946
[2026-04-25 17:17:08,518] INFO django.server: "POST /api/meal-plan/generate/ HTTP/1.1" 200 10295
[2026-04-25 17:17:08,526] WARNING django.request: Not Found: /media/Diplom_3.jpg
[2026-04-25 17:17:08,527] WARNING django.server: "GET /media/Diplom_3.jpg HTTP/1.1" 404 6946
[2026-04-25 17:17:12,931] INFO django.server: "POST /api/meal-plan/generate/ HTTP/1.1" 200 10280
[2026-04-25 17:17:12,940] WARNING django.request: Not Found: /media/Diplom_3.jpg
[2026-04-25 17:17:12,941] WARNING django.server: "GET /media/Diplom_3.jpg HTTP/1.1" 404 6946
[2026-04-25 17:17:15,756] INFO django.server: "POST /api/meal-plan/generate/ HTTP/1.1" 200 10280
[2026-04-25 17:17:15,766] WARNING django.request: Not Found: /media/Diplom_3.jpg
[2026-04-25 17:17:15,766] WARNING django.server: "GET /media/Diplom_3.jpg HTTP/1.1" 404 6946
[2026-04-25 17:17:17,966] INFO django.server: "POST /api/meal-plan/generate/ HTTP/1.1" 200 13217
[2026-04-25 17:17:17,974] WARNING django.request: Not Found: /media/diplom_1.jpg
[2026-04-25 17:17:17,975] WARNING django.server: "GET /media/diplom_1.jpg HTTP/1.1" 404 6946
[2026-04-25 17:17:18,693] INFO django.server: "POST /api/meal-plan/generate/ HTTP/1.1" 200 13080
[2026-04-25 17:17:19,352] INFO django.server: "POST /api/meal-plan/generate/ HTTP/1.1" 200 13176
[2026-04-25 17:17:19,360] WARNING django.request: Not Found: /media/Diplom_2.jpg
[2026-04-25 17:17:19,360] WARNING django.server: "GET /media/Diplom_2.jpg HTTP/1.1" 404 6946
[2026-04-25 17:17:20,091] INFO django.server: "POST /api/meal-plan/generate/ HTTP/1.1" 200 13848
[2026-04-25 17:17:20,099] WARNING django.request: Not Found: /media/Diplom_2.jpg
[2026-04-25 17:17:20,099] WARNING django.server: "GET /media/Diplom_2.jpg HTTP/1.1" 404 6946
[2026-04-25 17:17:25,734] INFO django.server: "POST /api/meal-plan/generate/ HTTP/1.1" 200 12591
[2026-04-25 17:17:27,379] INFO django.server: "POST /api/meal-plan/generate/ HTTP/1.1" 200 13245
[2026-04-25 17:17:27,385] WARNING django.request: Not Found: /media/diplom_1.jpg
[2026-04-25 17:17:27,385] WARNING django.server: "GET /media/diplom_1.jpg HTTP/1.1" 404 6946
[2026-04-25 17:17:30,388] INFO django.server: "POST /api/meal-plan/generate/ HTTP/1.1" 200 12507
[2026-04-25 17:17:33,367] INFO django.server: "POST /api/meal-plan/generate/ HTTP/1.1" 200 10295
[2026-04-25 17:17:33,376] WARNING django.request: Not Found: /media/Diplom_3.jpg
[2026-04-25 17:17:33,376] WARNING django.server: "GET /media/Diplom_3.jpg HTTP/1.1" 404 6946
[2026-04-25 17:17:42,060] INFO django.server: "POST /api/meal-plan/generate/ HTTP/1.1" 200 10280
[2026-04-25 17:17:42,069] WARNING django.request: Not Found: /media/Diplom_3.jpg
[2026-04-25 17:17:42,069] WARNING django.server: "GET /media/Diplom_3.jpg HTTP/1.1" 404 6946
[2026-04-25 17:17:44,989] INFO django.server: "POST /api/meal-plan/generate/ HTTP/1.1" 200 10280
[2026-04-25 17:17:44,997] WARNING django.request: Not Found: /media/Diplom_3.jpg
[2026-04-25 17:17:44,997] WARNING django.server: "GET /media/Diplom_3.jpg HTTP/1.1" 404 6946
[2026-04-25 17:17:45,692] INFO django.server: "POST /api/meal-plan/generate/ HTTP/1.1" 200 10280
[2026-04-25 17:17:45,701] WARNING django.request: Not Found: /media/Diplom_3.jpg
[2026-04-25 17:17:45,701] WARNING django.server: "GET /media/Diplom_3.jpg HTTP/1.1" 404 6946
[2026-04-25 17:17:48,373] INFO django.server: "POST /api/meal-plan/generate/ HTTP/1.1" 200 10280
[2026-04-25 17:17:48,381] WARNING django.request: Not Found: /media/Diplom_3.jpg
[2026-04-25 17:17:48,381] WARNING django.server: "GET /media/Diplom_3.jpg HTTP/1.1" 404 6946
[2026-04-25 17:17:49,515] INFO django.server: "POST /api/meal-plan/generate/ HTTP/1.1" 200 10295
[2026-04-25 17:17:49,525] WARNING django.request: Not Found: /media/Diplom_3.jpg
[2026-04-25 17:17:49,526] WARNING django.server: "GET /media/Diplom_3.jpg HTTP/1.1" 404 6946
[2026-04-25 17:17:50,061] INFO django.server: "POST /api/meal-plan/generate/ HTTP/1.1" 200 10295
[2026-04-25 17:17:50,069] WARNING django.request: Not Found: /media/Diplom_3.jpg
[2026-04-25 17:17:50,070] WARNING django.server: "GET /media/Diplom_3.jpg HTTP/1.1" 404 6946
[2026-04-25 17:17:51,065] INFO django.server: "POST /api/meal-plan/generate/ HTTP/1.1" 200 10280
[2026-04-25 17:17:51,074] WARNING django.request: Not Found: /media/Diplom_3.jpg
[2026-04-25 17:17:51,074] WARNING django.server: "GET /media/Diplom_3.jpg HTTP/1.1" 404 6946
[2026-04-25 17:17:51,909] INFO django.server: "POST /api/meal-plan/generate/ HTTP/1.1" 200 10295
[2026-04-25 17:17:51,918] WARNING django.request: Not Found: /media/Diplom_3.jpg
[2026-04-25 17:17:51,918] WARNING django.server: "GET /media/Diplom_3.jpg HTTP/1.1" 404 6946
[2026-04-25 17:17:52,556] INFO django.server: "POST /api/meal-plan/generate/ HTTP/1.1" 200 10295
[2026-04-25 17:17:52,564] WARNING django.request: Not Found: /media/Diplom_3.jpg
[2026-04-25 17:17:52,564] WARNING django.server: "GET /media/Diplom_3.jpg HTTP/1.1" 404 6946
[2026-04-25 17:17:53,007] INFO django.server: "POST /api/meal-plan/generate/ HTTP/1.1" 200 10295
[2026-04-25 17:17:53,015] WARNING django.request: Not Found: /media/Diplom_3.jpg
[2026-04-25 17:17:53,016] WARNING django.server: "GET /media/Diplom_3.jpg HTTP/1.1" 404 6946
[2026-04-25 17:17:53,658] INFO django.server: "POST /api/meal-plan/generate/ HTTP/1.1" 200 10280
[2026-04-25 17:17:53,667] WARNING django.request: Not Found: /media/Diplom_3.jpg
[2026-04-25 17:17:53,667] WARNING django.server: "GET /media/Diplom_3.jpg HTTP/1.1" 404 6946
[2026-04-25 17:17:56,297] INFO django.server: "POST /api/meal-plan/generate/ HTTP/1.1" 200 13598
[2026-04-25 17:17:58,876] INFO django.server: "POST /api/meal-plan/generate/ HTTP/1.1" 200 13217
[2026-04-25 17:17:58,886] WARNING django.request: Not Found: /media/diplom_1.jpg
[2026-04-25 17:17:58,886] WARNING django.server: "GET /media/diplom_1.jpg HTTP/1.1" 404 6946
[2026-04-25 17:18:00,671] INFO django.server: "POST /api/meal-plan/generate/ HTTP/1.1" 200 13875
[2026-04-25 17:18:04,549] INFO django.server: "POST /api/meal-plan/generate/ HTTP/1.1" 200 14889
[2026-04-25 17:18:04,557] WARNING django.request: Not Found: /media/Diplom4.jpg
[2026-04-25 17:18:04,558] WARNING django.server: "GET /media/Diplom4.jpg HTTP/1.1" 404 6942
[2026-04-25 17:18:05,303] INFO django.server: "POST /api/meal-plan/generate/ HTTP/1.1" 200 14061
[2026-04-25 17:18:05,312] WARNING django.request: Not Found: /media/Diplom_5.png
[2026-04-25 17:18:05,312] WARNING django.server: "GET /media/Diplom_5.png HTTP/1.1" 404 6946
[2026-04-25 17:18:08,274] INFO django.server: "POST /api/meal-plan/generate/ HTTP/1.1" 200 13350
[2026-04-25 17:18:12,197] INFO django.server: "POST /api/meal-plan/generate/ HTTP/1.1" 200 12238
[2026-04-25 17:18:16,918] INFO django.server: "POST /api/meal-plan/generate/ HTTP/1.1" 200 13217
[2026-04-25 17:18:16,927] WARNING django.request: Not Found: /media/diplom_1.jpg
[2026-04-25 17:18:16,927] WARNING django.server: "GET /media/diplom_1.jpg HTTP/1.1" 404 6946
[2026-04-25 17:18:18,179] INFO django.server: "POST /api/meal-plan/generate/ HTTP/1.1" 200 13777
[2026-04-25 17:18:18,188] WARNING django.request: Not Found: /media/Diplom_2.jpg
[2026-04-25 17:18:18,189] WARNING django.server: "GET /media/Diplom_2.jpg HTTP/1.1" 404 6946
[2026-04-25 17:18:33,176] INFO django.server: "POST /api/shopping-list/generate/ HTTP/1.1" 200 3464
[2026-04-25 17:18:42,385] INFO django.server: "GET / HTTP/1.1" 200 5775
[2026-04-25 17:18:43,524] INFO django.server: "GET /compose/ HTTP/1.1" 200 27686
[2026-04-25 17:19:20,345] INFO django.server: "GET /api/search_recipes/?ingredients=%D0%BB%D0%B0%D0%BF%D1%88%D0%B0+%D0%BA%D1%83%D1%80%D0%B8%D1%86%D0%B0&kitchen=japanese HTTP/1.1" 200 28906
[2026-04-25 17:19:50,207] ERROR django.request: Internal Server Error: /api/favorites/save/
Traceback (most recent call last):
  File "C:\Users\Micie456\PycharmProjects\Diplom\.venv\Lib\site-packages\django\core\handlers\exception.py", line 55, in inner
    response = get_response(request)
               ^^^^^^^^^^^^^^^^^^^^^
  File "C:\Users\Micie456\PycharmProjects\Diplom\.venv\Lib\site-packages\django\core\handlers\base.py", line 198, in _get_response
    response = wrapped_callback(request, *callback_args, **callback_kwargs)
               ^^^^^^^^^^^^^^^^^^^^^^^^^^^^^^^^^^^^^^^^^^^^^^^^^^^^^^^^^^^^
  File "C:\Users\Micie456\PycharmProjects\Diplom\.venv\Lib\site-packages\django\views\decorators\http.py", line 64, in inner
    return func(request, *args, **kwargs)
           ^^^^^^^^^^^^^^^^^^^^^^^^^^^^^^
  File "C:\Users\Micie456\PycharmProjects\Diplom\.venv\Lib\site-packages\django\contrib\auth\decorators.py", line 59, in _view_wrapper
    return view_func(request, *args, **kwargs)
           ^^^^^^^^^^^^^^^^^^^^^^^^^^^^^^^^^^^
  File "C:\Users\Micie456\PycharmProjects\Diplom\diplom\mainapp\views.py", line 879, in save_to_favorites
    recipe = Recipes.objects.filter(spoonacular_id=spoonacular_id).first()
             ^^^^^^^^^^^^^^^^^^^^^^^^^^^^^^^^^^^^^^^^^^^^^^^^^^^^^
  File "C:\Users\Micie456\PycharmProjects\Diplom\.venv\Lib\site-packages\django\db\models\manager.py", line 87, in manager_method
    return getattr(self.get_queryset(), name)(*args, **kwargs)
           ^^^^^^^^^^^^^^^^^^^^^^^^^^^^^^^^^^^^^^^^^^^^^^^^^^^
  File "C:\Users\Micie456\PycharmProjects\Diplom\.venv\Lib\site-packages\django\db\models\query.py", line 1542, in filter
    return self._filter_or_exclude(False, args, kwargs)
           ^^^^^^^^^^^^^^^^^^^^^^^^^^^^^^^^^^^^^^^^^^^^
  File "C:\Users\Micie456\PycharmProjects\Diplom\.venv\Lib\site-packages\django\db\models\query.py", line 1560, in _filter_or_exclude
    clone._filter_or_exclude_inplace(negate, args, kwargs)
  File "C:\Users\Micie456\PycharmProjects\Diplom\.venv\Lib\site-packages\django\db\models\query.py", line 1570, in _filter_or_exclude_inplace
    self._query.add_q(Q(*args, **kwargs))
  File "C:\Users\Micie456\PycharmProjects\Diplom\.venv\Lib\site-packages\django\db\models\sql\query.py", line 1676, in add_q
    clause, _ = self._add_q(q_object, can_reuse)
                ^^^^^^^^^^^^^^^^^^^^^^^^^^^^^^^^
  File "C:\Users\Micie456\PycharmProjects\Diplom\.venv\Lib\site-packages\django\db\models\sql\query.py", line 1708, in _add_q
    child_clause, needed_inner = self.build_filter(
                                 ^^^^^^^^^^^^^^^^^^
  File "C:\Users\Micie456\PycharmProjects\Diplom\.venv\Lib\site-packages\django\db\models\sql\query.py", line 1556, in build_filter
    lookups, parts, reffed_expression = self.solve_lookup_type(arg, summarize)
                                        ^^^^^^^^^^^^^^^^^^^^^^^^^^^^^^^^^^^^^^
  File "C:\Users\Micie456\PycharmProjects\Diplom\.venv\Lib\site-packages\django\db\models\sql\query.py", line 1363, in solve_lookup_type
    _, field, _, lookup_parts = self.names_to_path(lookup_splitted, self.get_meta())
                                ^^^^^^^^^^^^^^^^^^^^^^^^^^^^^^^^^^^^^^^^^^^^^^^^^^^^
  File "C:\Users\Micie456\PycharmProjects\Diplom\.venv\Lib\site-packages\django\db\models\sql\query.py", line 1842, in names_to_path
    raise FieldError(
django.core.exceptions.FieldError: Cannot resolve keyword 'spoonacular_id' into field. Choices are: KitchennameId, KitchennameId_id, calories, cookinghistory, cost_level, description, favorite, goal_suitability, id, image, meal_type, mealplanitem, name, recipeingredient
[2026-04-25 17:19:50,210] ERROR django.server: "POST /api/favorites/save/ HTTP/1.1" 500 130690
[2026-04-25 17:20:50,137] INFO django.server: "GET /recipe/637908/ HTTP/1.1" 200 39589
[2026-04-25 17:21:15,316] INFO django.utils.autoreload: C:\Users\Micie456\PycharmProjects\Diplom\diplom\mainapp\models.py changed, reloading.
[2026-04-25 17:21:15,859] INFO django.utils.autoreload: Watching for file changes with StatReloader
[2026-04-25 17:21:23,350] ERROR django.request: Internal Server Error: /recipe/637908/cooking/
Traceback (most recent call last):
  File "C:\Users\Micie456\PycharmProjects\Diplom\.venv\Lib\site-packages\django\db\backends\utils.py", line 105, in _execute
    return self.cursor.execute(sql, params)
           ^^^^^^^^^^^^^^^^^^^^^^^^^^^^^^^^
psycopg2.errors.UndefinedColumn: ОШИБКА:  столбец mainapp_recipes.spoonacular_id не существует
LINE 1: ...oal_suitability", "mainapp_recipes"."cost_level", "mainapp_r...
                                                             ^


The above exception was the direct cause of the following exception:

Traceback (most recent call last):
  File "C:\Users\Micie456\PycharmProjects\Diplom\.venv\Lib\site-packages\django\core\handlers\exception.py", line 55, in inner
    response = get_response(request)
               ^^^^^^^^^^^^^^^^^^^^^
  File "C:\Users\Micie456\PycharmProjects\Diplom\.venv\Lib\site-packages\django\core\handlers\base.py", line 198, in _get_response
    response = wrapped_callback(request, *callback_args, **callback_kwargs)
               ^^^^^^^^^^^^^^^^^^^^^^^^^^^^^^^^^^^^^^^^^^^^^^^^^^^^^^^^^^^^
  File "C:\Users\Micie456\PycharmProjects\Diplom\diplom\mainapp\views.py", line 314, in recipe_cooking
    recipe = Recipes.objects.filter(id=int(recipe_id)).first()
             ^^^^^^^^^^^^^^^^^^^^^^^^^^^^^^^^^^^^^^^^^^^^^^^^^
  File "C:\Users\Micie456\PycharmProjects\Diplom\.venv\Lib\site-packages\django\db\models\query.py", line 1145, in first
    for obj in queryset[:1]:
               ~~~~~~~~^^^^
  File "C:\Users\Micie456\PycharmProjects\Diplom\.venv\Lib\site-packages\django\db\models\query.py", line 390, in __iter__
    self._fetch_all()
  File "C:\Users\Micie456\PycharmProjects\Diplom\.venv\Lib\site-packages\django\db\models\query.py", line 2000, in _fetch_all
    self._result_cache = list(self._iterable_class(self))
                         ^^^^^^^^^^^^^^^^^^^^^^^^^^^^^^^^
  File "C:\Users\Micie456\PycharmProjects\Diplom\.venv\Lib\site-packages\django\db\models\query.py", line 95, in __iter__
    results = compiler.execute_sql(
              ^^^^^^^^^^^^^^^^^^^^^
  File "C:\Users\Micie456\PycharmProjects\Diplom\.venv\Lib\site-packages\django\db\models\sql\compiler.py", line 1624, in execute_sql
    cursor.execute(sql, params)
  File "C:\Users\Micie456\PycharmProjects\Diplom\.venv\Lib\site-packages\django\db\backends\utils.py", line 122, in execute
    return super().execute(sql, params)
           ^^^^^^^^^^^^^^^^^^^^^^^^^^^^
  File "C:\Users\Micie456\PycharmProjects\Diplom\.venv\Lib\site-packages\django\db\backends\utils.py", line 79, in execute
    return self._execute_with_wrappers(
           ^^^^^^^^^^^^^^^^^^^^^^^^^^^^
  File "C:\Users\Micie456\PycharmProjects\Diplom\.venv\Lib\site-packages\django\db\backends\utils.py", line 92, in _execute_with_wrappers
    return executor(sql, params, many, context)
           ^^^^^^^^^^^^^^^^^^^^^^^^^^^^^^^^^^^^
  File "C:\Users\Micie456\PycharmProjects\Diplom\.venv\Lib\site-packages\django\db\backends\utils.py", line 100, in _execute
    with self.db.wrap_database_errors:
         ^^^^^^^^^^^^^^^^^^^^^^^^^^^^
  File "C:\Users\Micie456\PycharmProjects\Diplom\.venv\Lib\site-packages\django\db\utils.py", line 94, in __exit__
    raise dj_exc_value.with_traceback(traceback) from exc_value
  File "C:\Users\Micie456\PycharmProjects\Diplom\.venv\Lib\site-packages\django\db\backends\utils.py", line 105, in _execute
    return self.cursor.execute(sql, params)
           ^^^^^^^^^^^^^^^^^^^^^^^^^^^^^^^^
django.db.utils.ProgrammingError: ОШИБКА:  столбец mainapp_recipes.spoonacular_id не существует
LINE 1: ...oal_suitability", "mainapp_recipes"."cost_level", "mainapp_r...
                                                             ^

[2026-04-25 17:21:23,354] ERROR django.server: "GET /recipe/637908/cooking/ HTTP/1.1" 500 131788
[2026-04-25 17:21:40,072] ERROR django.request: Internal Server Error: /recipe/637908/cooking/
Traceback (most recent call last):
  File "C:\Users\Micie456\PycharmProjects\Diplom\.venv\Lib\site-packages\django\db\backends\utils.py", line 105, in _execute
    return self.cursor.execute(sql, params)
           ^^^^^^^^^^^^^^^^^^^^^^^^^^^^^^^^
psycopg2.errors.UndefinedColumn: ОШИБКА:  столбец mainapp_recipes.spoonacular_id не существует
LINE 1: ...oal_suitability", "mainapp_recipes"."cost_level", "mainapp_r...
                                                             ^


The above exception was the direct cause of the following exception:

Traceback (most recent call last):
  File "C:\Users\Micie456\PycharmProjects\Diplom\.venv\Lib\site-packages\django\core\handlers\exception.py", line 55, in inner
    response = get_response(request)
               ^^^^^^^^^^^^^^^^^^^^^
  File "C:\Users\Micie456\PycharmProjects\Diplom\.venv\Lib\site-packages\django\core\handlers\base.py", line 198, in _get_response
    response = wrapped_callback(request, *callback_args, **callback_kwargs)
               ^^^^^^^^^^^^^^^^^^^^^^^^^^^^^^^^^^^^^^^^^^^^^^^^^^^^^^^^^^^^
  File "C:\Users\Micie456\PycharmProjects\Diplom\diplom\mainapp\views.py", line 314, in recipe_cooking
    recipe = Recipes.objects.filter(id=int(recipe_id)).first()
             ^^^^^^^^^^^^^^^^^^^^^^^^^^^^^^^^^^^^^^^^^^^^^^^^^
  File "C:\Users\Micie456\PycharmProjects\Diplom\.venv\Lib\site-packages\django\db\models\query.py", line 1145, in first
    for obj in queryset[:1]:
               ~~~~~~~~^^^^
  File "C:\Users\Micie456\PycharmProjects\Diplom\.venv\Lib\site-packages\django\db\models\query.py", line 390, in __iter__
    self._fetch_all()
  File "C:\Users\Micie456\PycharmProjects\Diplom\.venv\Lib\site-packages\django\db\models\query.py", line 2000, in _fetch_all
    self._result_cache = list(self._iterable_class(self))
                         ^^^^^^^^^^^^^^^^^^^^^^^^^^^^^^^^
  File "C:\Users\Micie456\PycharmProjects\Diplom\.venv\Lib\site-packages\django\db\models\query.py", line 95, in __iter__
    results = compiler.execute_sql(
              ^^^^^^^^^^^^^^^^^^^^^
  File "C:\Users\Micie456\PycharmProjects\Diplom\.venv\Lib\site-packages\django\db\models\sql\compiler.py", line 1624, in execute_sql
    cursor.execute(sql, params)
  File "C:\Users\Micie456\PycharmProjects\Diplom\.venv\Lib\site-packages\django\db\backends\utils.py", line 122, in execute
    return super().execute(sql, params)
           ^^^^^^^^^^^^^^^^^^^^^^^^^^^^
  File "C:\Users\Micie456\PycharmProjects\Diplom\.venv\Lib\site-packages\django\db\backends\utils.py", line 79, in execute
    return self._execute_with_wrappers(
           ^^^^^^^^^^^^^^^^^^^^^^^^^^^^
  File "C:\Users\Micie456\PycharmProjects\Diplom\.venv\Lib\site-packages\django\db\backends\utils.py", line 92, in _execute_with_wrappers
    return executor(sql, params, many, context)
           ^^^^^^^^^^^^^^^^^^^^^^^^^^^^^^^^^^^^
  File "C:\Users\Micie456\PycharmProjects\Diplom\.venv\Lib\site-packages\django\db\backends\utils.py", line 100, in _execute
    with self.db.wrap_database_errors:
         ^^^^^^^^^^^^^^^^^^^^^^^^^^^^
  File "C:\Users\Micie456\PycharmProjects\Diplom\.venv\Lib\site-packages\django\db\utils.py", line 94, in __exit__
    raise dj_exc_value.with_traceback(traceback) from exc_value
  File "C:\Users\Micie456\PycharmProjects\Diplom\.venv\Lib\site-packages\django\db\backends\utils.py", line 105, in _execute
    return self.cursor.execute(sql, params)
           ^^^^^^^^^^^^^^^^^^^^^^^^^^^^^^^^
django.db.utils.ProgrammingError: ОШИБКА:  столбец mainapp_recipes.spoonacular_id не существует
LINE 1: ...oal_suitability", "mainapp_recipes"."cost_level", "mainapp_r...
                                                             ^

[2026-04-25 17:21:40,074] ERROR django.server: "GET /recipe/637908/cooking/ HTTP/1.1" 500 131788
[2026-04-25 17:21:56,349] INFO django.server: "GET /api/search_recipes/?ingredients=%D0%BB%D0%B0%D0%BF%D1%88%D0%B0+%D0%BA%D1%83%D1%80%D0%B8%D1%86%D0%B0&kitchen=japanese HTTP/1.1" 200 9569
[2026-04-25 17:22:04,554] INFO django.utils.autoreload: C:\Users\Micie456\PycharmProjects\Diplom\diplom\mainapp\views.py changed, reloading.
[2026-04-25 17:22:05,021] INFO django.utils.autoreload: Watching for file changes with StatReloader
[2026-04-25 17:23:08,683] INFO django.utils.autoreload: Watching for file changes with StatReloader
[2026-04-25 17:23:10,188] INFO django.server: "GET / HTTP/1.1" 200 5775
[2026-04-25 17:23:22,459] INFO django.server: "GET /recipe/2/ HTTP/1.1" 200 20673
[2026-04-25 17:23:22,503] WARNING django.request: Not Found: /media/Diplom_2.jpg
[2026-04-25 17:23:22,503] WARNING django.server: "GET /media/Diplom_2.jpg HTTP/1.1" 404 6946
[2026-04-25 17:23:25,045] INFO django.server: "GET /meal-plan/ HTTP/1.1" 200 53733
[2026-04-25 17:23:26,579] INFO django.server: "GET /compose/ HTTP/1.1" 200 27686
[2026-04-25 17:23:44,321] INFO django.server: "GET /api/search_recipes/?ingredients=%D0%BB%D0%B0%D0%BF%D1%88%D0%B0+%D0%BA%D1%83%D1%80%D0%B8%D1%86%D0%B0&kitchen=japanese HTTP/1.1" 200 9569
[2026-04-25 17:23:51,785] INFO django.server: "POST /api/favorites/save/ HTTP/1.1" 200 184
[2026-04-25 17:23:53,850] INFO django.server: "GET /profile/ HTTP/1.1" 200 55801
[2026-04-25 17:23:53,891] WARNING django.server: "GET /static/images/default_recipe.jpg HTTP/1.1" 404 2002
[2026-04-25 17:24:03,947] INFO django.server: "GET / HTTP/1.1" 200 5775
[2026-04-25 17:24:09,510] INFO django.server: "GET /profile/ HTTP/1.1" 200 55801
[2026-04-25 17:24:09,550] WARNING django.server: "GET /static/images/default_recipe.jpg HTTP/1.1" 404 2002
[2026-04-25 17:24:12,538] INFO django.server: "GET / HTTP/1.1" 200 5775
[2026-04-25 17:24:13,518] INFO django.server: "GET /compose/ HTTP/1.1" 200 27686
[2026-04-25 17:24:24,686] INFO django.server: "GET /api/search_recipes/?ingredients=%D0%BA%D1%83%D1%80%D0%B8%D1%86%D0%B0+%D0%BB%D0%B0%D0%BF%D1%88%D0%B0&kitchen=japanese HTTP/1.1" 200 9569
[2026-04-25 17:24:30,014] INFO django.server: "GET /profile/ HTTP/1.1" 200 55801
[2026-04-25 17:24:30,056] WARNING django.server: "GET /static/images/default_recipe.jpg HTTP/1.1" 404 2002
[2026-04-25 17:24:31,559] INFO django.server: "GET / HTTP/1.1" 200 5775
[2026-04-25 17:24:32,750] INFO django.server: "GET /compose/ HTTP/1.1" 200 27686
[2026-04-25 17:24:42,254] INFO django.server: "GET /api/search_recipes/?ingredients=%D0%BA%D1%83%D1%80%D0%B8%D1%86%D0%B0+%D0%BB%D0%B0%D0%BF%D1%88%D0%B0&kitchen=japanese HTTP/1.1" 200 9569
[2026-04-25 17:24:43,599] INFO django.server: "POST /api/favorites/save/ HTTP/1.1" 200 173
[2026-04-25 17:25:26,346] INFO django.server: "GET /recipe/638382/ HTTP/1.1" 200 49174
[2026-04-25 17:26:48,766] INFO django.server: "GET /recipe/638382/cooking/ HTTP/1.1" 200 23743
[2026-04-25 17:27:35,439] INFO django.server: "GET /recipe/638382/ HTTP/1.1" 200 49174
[2026-04-25 17:27:39,175] INFO django.server: "GET /recipe/638382/cooking/ HTTP/1.1" 200 23743
[2026-04-25 17:28:12,085] INFO django.server: "GET / HTTP/1.1" 200 5775
[2026-04-25 17:28:17,076] INFO django.server: "GET /profile/ HTTP/1.1" 200 55801
[2026-04-25 17:28:17,120] WARNING django.server: "GET /static/images/default_recipe.jpg HTTP/1.1" 404 2002
[2026-04-25 17:28:22,034] INFO django.server: "GET /logout/ HTTP/1.1" 302 0
[2026-04-25 17:28:22,079] INFO django.server: "GET / HTTP/1.1" 200 5767
[2026-04-25 17:28:23,373] INFO django.server: "GET /login/ HTTP/1.1" 200 2146
[2026-04-25 17:28:25,173] INFO django.server: "POST /login/ HTTP/1.1" 302 0
[2026-04-25 17:28:25,223] INFO django.server: "GET / HTTP/1.1" 200 5775
[2026-04-25 17:28:27,129] INFO django.server: "GET /profile/ HTTP/1.1" 200 55801
[2026-04-25 17:28:27,173] WARNING django.server: "GET /static/images/default_recipe.jpg HTTP/1.1" 404 2002
[2026-04-25 17:28:35,787] INFO django.server: "GET / HTTP/1.1" 200 5775
[2026-04-25 17:28:37,391] INFO django.server: "GET /meal-plan/ HTTP/1.1" 200 53733
[2026-04-25 17:28:41,819] INFO django.server: "POST /api/meal-plan/generate/ HTTP/1.1" 200 10284
[2026-04-25 17:28:41,829] WARNING django.request: Not Found: /media/Diplom_3.jpg
[2026-04-25 17:28:41,830] WARNING django.server: "GET /media/Diplom_3.jpg HTTP/1.1" 404 6946
[2026-04-25 17:28:48,845] INFO django.server: "POST /api/meal-plan/generate/ HTTP/1.1" 200 10329
[2026-04-25 17:28:48,854] WARNING django.request: Not Found: /media/Diplom_3.jpg
[2026-04-25 17:28:48,855] WARNING django.server: "GET /media/Diplom_3.jpg HTTP/1.1" 404 6946
[2026-04-25 17:28:49,729] INFO django.server: "POST /api/meal-plan/generate/ HTTP/1.1" 200 10329
[2026-04-25 17:28:49,738] WARNING django.request: Not Found: /media/Diplom_3.jpg
[2026-04-25 17:28:49,738] WARNING django.server: "GET /media/Diplom_3.jpg HTTP/1.1" 404 6946
[2026-04-25 17:28:53,249] INFO django.server: "POST /api/meal-plan/generate/ HTTP/1.1" 200 13320
[2026-04-25 17:28:53,257] WARNING django.request: Not Found: /media/diplom_1.jpg
[2026-04-25 17:28:53,258] WARNING django.server: "GET /media/diplom_1.jpg HTTP/1.1" 404 6946
[2026-04-25 17:28:55,424] INFO django.server: "POST /api/meal-plan/generate/ HTTP/1.1" 200 10284
[2026-04-25 17:28:55,433] WARNING django.request: Not Found: /media/Diplom_3.jpg
[2026-04-25 17:28:55,433] WARNING django.server: "GET /media/Diplom_3.jpg HTTP/1.1" 404 6946
[2026-04-25 17:29:00,607] INFO django.server: "POST /api/meal-plan/generate/ HTTP/1.1" 200 10301
[2026-04-25 17:29:00,616] WARNING django.request: Not Found: /media/Diplom_3.jpg
[2026-04-25 17:29:00,617] WARNING django.server: "GET /media/Diplom_3.jpg HTTP/1.1" 404 6946
[2026-04-25 17:29:01,353] INFO django.server: "POST /api/meal-plan/generate/ HTTP/1.1" 200 10337
[2026-04-25 17:29:01,362] WARNING django.request: Not Found: /media/Diplom_3.jpg
[2026-04-25 17:29:01,362] WARNING django.server: "GET /media/Diplom_3.jpg HTTP/1.1" 404 6946
[2026-04-25 17:29:03,628] INFO django.server: "POST /api/meal-plan/generate/ HTTP/1.1" 200 13217
[2026-04-25 17:29:03,636] WARNING django.request: Not Found: /media/diplom_1.jpg
[2026-04-25 17:29:03,637] WARNING django.server: "GET /media/diplom_1.jpg HTTP/1.1" 404 6946
[2026-04-25 17:29:21,030] INFO django.server: "POST /api/meal-plan/generate/ HTTP/1.1" 200 13301
[2026-04-25 17:29:21,038] WARNING django.request: Not Found: /media/diplom_1.jpg
[2026-04-25 17:29:21,039] WARNING django.server: "GET /media/diplom_1.jpg HTTP/1.1" 404 6946
[2026-04-25 17:29:23,347] INFO django.server: "POST /api/meal-plan/generate/ HTTP/1.1" 200 14001
[2026-04-25 17:29:23,358] WARNING django.request: Not Found: /media/diplom_1.jpg
[2026-04-25 17:29:23,358] WARNING django.server: "GET /media/diplom_1.jpg HTTP/1.1" 404 6946
[2026-04-25 17:29:24,216] INFO django.server: "POST /api/meal-plan/generate/ HTTP/1.1" 200 12318
[2026-04-25 17:29:25,702] INFO django.server: "POST /api/meal-plan/generate/ HTTP/1.1" 200 13335
[2026-04-25 17:29:25,710] WARNING django.request: Not Found: /media/Diplom_2.jpg
[2026-04-25 17:29:25,711] WARNING django.server: "GET /media/Diplom_2.jpg HTTP/1.1" 404 6946
[2026-04-25 17:29:28,059] INFO django.server: "POST /api/meal-plan/generate/ HTTP/1.1" 200 12324
[2026-04-25 17:29:29,030] INFO django.server: "POST /api/meal-plan/generate/ HTTP/1.1" 200 13917
[2026-04-25 17:29:29,040] WARNING django.request: Not Found: /media/diplom_1.jpg
[2026-04-25 17:29:29,040] WARNING django.server: "GET /media/diplom_1.jpg HTTP/1.1" 404 6946
[2026-04-25 17:29:30,027] INFO django.server: "POST /api/meal-plan/generate/ HTTP/1.1" 200 14001
[2026-04-25 17:29:30,035] WARNING django.request: Not Found: /media/diplom_1.jpg
[2026-04-25 17:29:30,035] WARNING django.server: "GET /media/diplom_1.jpg HTTP/1.1" 404 6946
[2026-04-25 17:29:30,880] INFO django.server: "POST /api/meal-plan/generate/ HTTP/1.1" 200 14001
[2026-04-25 17:29:30,887] WARNING django.request: Not Found: /media/diplom_1.jpg
[2026-04-25 17:29:30,888] WARNING django.server: "GET /media/diplom_1.jpg HTTP/1.1" 404 6946
[2026-04-25 17:29:31,469] INFO django.server: "POST /api/meal-plan/generate/ HTTP/1.1" 200 12591
[2026-04-25 17:29:32,568] INFO django.server: "POST /api/meal-plan/generate/ HTTP/1.1" 200 13848
[2026-04-25 17:29:32,576] WARNING django.request: Not Found: /media/Diplom_2.jpg
[2026-04-25 17:29:32,577] WARNING django.server: "GET /media/Diplom_2.jpg HTTP/1.1" 404 6946
[2026-04-25 17:29:33,719] INFO django.server: "POST /api/meal-plan/generate/ HTTP/1.1" 200 12501
[2026-04-25 17:29:35,057] INFO django.server: "POST /api/meal-plan/generate/ HTTP/1.1" 200 13848
[2026-04-25 17:29:35,067] WARNING django.request: Not Found: /media/Diplom_2.jpg
[2026-04-25 17:29:35,067] WARNING django.server: "GET /media/Diplom_2.jpg HTTP/1.1" 404 6946
[2026-04-25 17:29:35,836] INFO django.server: "POST /api/meal-plan/generate/ HTTP/1.1" 200 13245
[2026-04-25 17:29:35,845] WARNING django.request: Not Found: /media/diplom_1.jpg
[2026-04-25 17:29:35,845] WARNING django.server: "GET /media/diplom_1.jpg HTTP/1.1" 404 6946
[2026-04-25 17:29:37,923] INFO django.server: "POST /api/meal-plan/generate/ HTTP/1.1" 200 13320
[2026-04-25 17:29:37,930] WARNING django.request: Not Found: /media/diplom_1.jpg
[2026-04-25 17:29:37,931] WARNING django.server: "GET /media/diplom_1.jpg HTTP/1.1" 404 6946
[2026-04-25 17:29:40,178] INFO django.server: "POST /api/meal-plan/generate/ HTTP/1.1" 200 13245
[2026-04-25 17:29:40,186] WARNING django.request: Not Found: /media/diplom_1.jpg
[2026-04-25 17:29:40,187] WARNING django.server: "GET /media/diplom_1.jpg HTTP/1.1" 404 6946
[2026-04-25 17:29:40,832] INFO django.server: "POST /api/meal-plan/generate/ HTTP/1.1" 200 12408
[2026-04-25 17:29:41,695] INFO django.server: "POST /api/meal-plan/generate/ HTTP/1.1" 200 12561
[2026-04-25 17:29:42,405] INFO django.server: "POST /api/meal-plan/generate/ HTTP/1.1" 200 13917
[2026-04-25 17:29:42,413] WARNING django.request: Not Found: /media/diplom_1.jpg
[2026-04-25 17:29:42,413] WARNING django.server: "GET /media/diplom_1.jpg HTTP/1.1" 404 6946
[2026-04-25 17:29:43,014] INFO django.server: "POST /api/meal-plan/generate/ HTTP/1.1" 200 13344
[2026-04-25 17:29:43,023] WARNING django.request: Not Found: /media/diplom_1.jpg
[2026-04-25 17:29:43,024] WARNING django.server: "GET /media/diplom_1.jpg HTTP/1.1" 404 6946
[2026-04-25 17:29:44,363] INFO django.server: "POST /api/meal-plan/generate/ HTTP/1.1" 200 13848
[2026-04-25 17:29:44,372] WARNING django.request: Not Found: /media/Diplom_2.jpg
[2026-04-25 17:29:44,372] WARNING django.server: "GET /media/Diplom_2.jpg HTTP/1.1" 404 6946
[2026-04-25 17:29:45,047] INFO django.server: "POST /api/meal-plan/generate/ HTTP/1.1" 200 13176
[2026-04-25 17:29:45,056] WARNING django.request: Not Found: /media/Diplom_2.jpg
[2026-04-25 17:29:45,057] WARNING django.server: "GET /media/Diplom_2.jpg HTTP/1.1" 404 6946
[2026-04-25 17:29:45,606] INFO django.server: "POST /api/meal-plan/generate/ HTTP/1.1" 200 13320
[2026-04-25 17:29:45,613] WARNING django.request: Not Found: /media/diplom_1.jpg
[2026-04-25 17:29:45,614] WARNING django.server: "GET /media/diplom_1.jpg HTTP/1.1" 404 6946
[2026-04-25 17:29:53,826] INFO django.server: "POST /api/meal-plan/generate/ HTTP/1.1" 200 17656
[2026-04-25 17:29:53,835] WARNING django.request: Not Found: /media/diplom_1.jpg
[2026-04-25 17:29:53,835] WARNING django.server: "GET /media/diplom_1.jpg HTTP/1.1" 404 6946
[2026-04-25 17:29:53,867] INFO django.server: "GET /media/recipes/30_%D0%A1%D1%8B%D1%80%D0%BD%D0%B8%D0%BA%D0%B8.jpg HTTP/1.1" 200 15257
[2026-04-25 17:48:07,425] INFO django.utils.autoreload: Watching for file changes with StatReloader
[2026-04-25 17:48:09,190] INFO django.server: "GET / HTTP/1.1" 200 5775
[2026-04-25 17:48:11,781] INFO django.server: "GET /meal-plan/ HTTP/1.1" 200 53733
[2026-04-25 17:48:15,743] INFO django.server: "POST /api/meal-plan/generate/ HTTP/1.1" 200 13718
[2026-04-25 17:48:20,319] INFO django.server: "POST /api/meal-plan/generate/ HTTP/1.1" 200 14780
[2026-04-25 17:48:20,330] WARNING django.request: Not Found: /media/diplom_1.jpg
[2026-04-25 17:48:20,330] WARNING django.server: "GET /media/diplom_1.jpg HTTP/1.1" 404 6946
[2026-04-25 17:48:20,367] INFO django.server: "GET /media/recipes/16_%D0%91%D0%BE%D1%80%D1%89.jpg HTTP/1.1" 200 13273
[2026-04-25 17:48:21,538] INFO django.server: "POST /api/meal-plan/generate/ HTTP/1.1" 200 14810
[2026-04-25 17:48:21,546] WARNING django.request: Not Found: /media/diplom_1.jpg
[2026-04-25 17:48:21,546] WARNING django.server: "GET /media/diplom_1.jpg HTTP/1.1" 404 6946
[2026-04-25 17:48:26,847] INFO django.server: "POST /api/meal-plan/generate/ HTTP/1.1" 200 14062
[2026-04-25 17:48:28,050] INFO django.server: "POST /api/meal-plan/generate/ HTTP/1.1" 200 13710
[2026-04-25 17:48:29,903] INFO django.server: "POST /api/meal-plan/generate/ HTTP/1.1" 200 14235
[2026-04-25 17:48:33,227] INFO django.server: "POST /api/meal-plan/generate/ HTTP/1.1" 200 13722
[2026-04-25 17:48:34,883] INFO django.server: "POST /api/meal-plan/generate/ HTTP/1.1" 200 13565
[2026-04-25 17:48:35,554] INFO django.server: "POST /api/meal-plan/generate/ HTTP/1.1" 200 13078
[2026-04-25 17:48:36,390] INFO django.server: "POST /api/meal-plan/generate/ HTTP/1.1" 200 14223
[2026-04-25 17:48:37,644] INFO django.server: "POST /api/meal-plan/generate/ HTTP/1.1" 200 13082
[2026-04-25 17:48:38,775] INFO django.server: "POST /api/meal-plan/generate/ HTTP/1.1" 200 14078
[2026-04-25 17:48:39,797] INFO django.server: "POST /api/meal-plan/generate/ HTTP/1.1" 200 13082
[2026-04-25 17:48:41,183] INFO django.server: "POST /api/meal-plan/generate/ HTTP/1.1" 200 14078
[2026-04-25 17:48:41,708] INFO django.server: "POST /api/meal-plan/generate/ HTTP/1.1" 200 14223
[2026-04-25 17:48:42,496] INFO django.server: "POST /api/meal-plan/generate/ HTTP/1.1" 200 14235
[2026-04-25 17:48:43,080] INFO django.server: "POST /api/meal-plan/generate/ HTTP/1.1" 200 13591
[2026-04-25 17:48:43,709] INFO django.server: "POST /api/meal-plan/generate/ HTTP/1.1" 200 13710
[2026-04-25 17:48:44,475] INFO django.server: "POST /api/meal-plan/generate/ HTTP/1.1" 200 13078
[2026-04-25 17:48:44,951] INFO django.server: "POST /api/meal-plan/generate/ HTTP/1.1" 200 13078
[2026-04-25 17:48:45,473] INFO django.server: "POST /api/meal-plan/generate/ HTTP/1.1" 200 13082
[2026-04-25 17:48:47,679] INFO django.server: "POST /api/meal-plan/generate/ HTTP/1.1" 200 14231
[2026-04-25 17:48:47,687] WARNING django.request: Not Found: /media/Diplom4.jpg
[2026-04-25 17:48:47,687] WARNING django.server: "GET /media/Diplom4.jpg HTTP/1.1" 404 6942
[2026-04-25 17:48:48,717] INFO django.server: "POST /api/meal-plan/generate/ HTTP/1.1" 200 14787
[2026-04-25 17:48:48,727] WARNING django.request: Not Found: /media/Diplom_5.png
[2026-04-25 17:48:48,727] WARNING django.server: "GET /media/Diplom_5.png HTTP/1.1" 404 6946
[2026-04-25 17:48:49,361] INFO django.server: "POST /api/meal-plan/generate/ HTTP/1.1" 200 13760
[2026-04-25 17:49:05,262] INFO django.server: "POST /api/meal-plan/generate/ HTTP/1.1" 200 15072
[2026-04-25 17:49:05,271] WARNING django.request: Not Found: /media/Diplom4.jpg
[2026-04-25 17:49:05,271] WARNING django.server: "GET /media/Diplom4.jpg HTTP/1.1" 404 6942
[2026-04-25 17:49:08,817] INFO django.server: "POST /api/meal-plan/generate/ HTTP/1.1" 200 13722
[2026-04-25 17:49:09,492] INFO django.server: "POST /api/meal-plan/generate/ HTTP/1.1" 200 13082
[2026-04-25 17:49:11,815] INFO django.server: "POST /api/meal-plan/generate/ HTTP/1.1" 200 13549
[2026-04-25 17:49:13,493] INFO django.server: "POST /api/meal-plan/generate/ HTTP/1.1" 200 14259
[2026-04-25 17:49:14,159] INFO django.server: "POST /api/meal-plan/generate/ HTTP/1.1" 200 13496
[2026-04-25 17:49:15,765] INFO django.server: "POST /api/meal-plan/generate/ HTTP/1.1" 200 14231
[2026-04-25 17:49:15,775] WARNING django.request: Not Found: /media/Diplom4.jpg
[2026-04-25 17:49:15,775] WARNING django.server: "GET /media/Diplom4.jpg HTTP/1.1" 404 6942
[2026-04-25 17:49:20,351] INFO django.server: "POST /api/meal-plan/generate/ HTTP/1.1" 200 14223
[2026-04-25 17:49:20,356] INFO django.server: "GET /media/recipes/15_%D0%9C%D0%B0%D0%BA%D0%B0%D1%80%D0%BE%D0%BD%D1%8B_%D0%BF%D0%BE-%D1%84%D0%BB%D0%BE%D1%82%D1%81%D0%BA%D0%B8.jpg HTTP/1.1" 304 0
[2026-04-25 17:49:25,947] INFO django.server: "POST /api/meal-plan/generate/ HTTP/1.1" 200 15124
[2026-04-25 17:49:25,958] WARNING django.request: Not Found: /media/diplom_1.jpg
[2026-04-25 17:49:25,958] WARNING django.server: "GET /media/diplom_1.jpg HTTP/1.1" 404 6946
[2026-04-25 17:49:47,805] INFO django.server: "POST /api/meal-plan/generate/ HTTP/1.1" 200 15055
[2026-04-25 17:49:47,814] WARNING django.request: Not Found: /media/Diplom_2.jpg
[2026-04-25 17:49:47,815] WARNING django.server: "GET /media/Diplom_2.jpg HTTP/1.1" 404 6946
[2026-04-25 17:49:49,094] INFO django.server: "POST /api/meal-plan/generate/ HTTP/1.1" 200 15184
[2026-04-25 17:49:49,102] WARNING django.request: Not Found: /media/Diplom_2.jpg
[2026-04-25 17:49:49,103] WARNING django.server: "GET /media/Diplom_2.jpg HTTP/1.1" 404 6946
[2026-04-25 17:49:50,320] INFO django.server: "POST /api/meal-plan/generate/ HTTP/1.1" 200 14225
[2026-04-25 17:49:50,328] WARNING django.request: Not Found: /media/Diplom_2.jpg
[2026-04-25 17:49:50,329] WARNING django.server: "GET /media/Diplom_2.jpg HTTP/1.1" 404 6946
[2026-04-25 17:49:53,639] INFO django.server: "POST /api/meal-plan/generate/ HTTP/1.1" 200 15214
[2026-04-25 17:49:53,647] WARNING django.request: Not Found: /media/Diplom_2.jpg
[2026-04-25 17:49:53,648] WARNING django.server: "GET /media/Diplom_2.jpg HTTP/1.1" 404 6946
[2026-04-26 12:20:19,631] INFO django.utils.autoreload: Watching for file changes with StatReloader
[2026-04-26 12:20:23,261] INFO django.server: "GET / HTTP/1.1" 200 5775
[2026-04-26 12:20:23,504] INFO django.server: "GET /static/css/style.css HTTP/1.1" 304 0
[2026-04-26 12:20:23,506] INFO django.server: "GET /static/images/diplom_1.jpg HTTP/1.1" 304 0
[2026-04-26 12:20:23,506] INFO django.server: "GET /static/images/Diplom4.jpg HTTP/1.1" 304 0
[2026-04-26 12:20:23,508] INFO django.server: "GET /static/images/Diplom_2.jpg HTTP/1.1" 304 0
[2026-04-26 12:20:23,508] INFO django.server: "GET /static/images/Diplom_5.png HTTP/1.1" 304 0
[2026-04-26 12:20:23,509] INFO django.server: "GET /static/images/Diplom_3.jpg HTTP/1.1" 304 0
[2026-04-26 12:20:23,515] INFO django.server: "GET /static/images/Diplom_6.png HTTP/1.1" 304 0
[2026-04-26 12:20:23,520] INFO django.server: "GET /static/images/background.jpg HTTP/1.1" 304 0
[2026-04-26 12:20:23,737] WARNING django.request: Not Found: /favicon.ico
[2026-04-26 12:20:23,737] WARNING django.server: "GET /favicon.ico HTTP/1.1" 404 6697
[2026-04-26 12:20:32,916] INFO django.server: "GET /recipe/1/ HTTP/1.1" 200 20772
[2026-04-26 12:20:32,953] WARNING django.request: Not Found: /media/diplom_1.jpg
[2026-04-26 12:20:32,954] WARNING django.server: "GET /media/diplom_1.jpg HTTP/1.1" 404 6946
[2026-04-26 12:20:37,151] INFO django.server: "GET / HTTP/1.1" 200 5775
[2026-04-26 12:20:38,494] INFO django.server: "GET /profile/ HTTP/1.1" 200 55867
[2026-04-26 12:20:38,532] INFO django.server: "GET /media/recipes/13_%D0%9A%D1%83%D1%80%D0%B8%D0%BD%D0%BE%D0%B5_%D1%84%D0%B8%D0%BB%D0%B5_%D1%81_%D1%80%D0%B8%D1%81%D0%BE%D0%BC.jpg HTTP/1.1" 304 0
[2026-04-26 12:21:04,925] INFO django.server: "GET /recipe/638382/ HTTP/1.1" 200 49174
[2026-04-26 12:22:08,756] INFO django.server: "GET / HTTP/1.1" 200 5775
[2026-04-26 12:22:13,410] INFO django.server: "GET /profile/ HTTP/1.1" 200 55867
[2026-04-26 12:22:44,449] INFO django.server: "GET /recipe/638382/ HTTP/1.1" 200 49174
[2026-04-26 12:22:50,924] INFO django.server: "GET / HTTP/1.1" 200 5775
[2026-04-26 12:22:52,044] INFO django.server: "GET /meal-plan/ HTTP/1.1" 200 53733
[2026-04-26 12:22:54,271] INFO django.server: "GET /compose/ HTTP/1.1" 200 27686
[2026-04-26 12:22:54,304] INFO django.server: "GET /media/ingridients/kokososovoe__moloko.png HTTP/1.1" 304 0
[2026-04-26 12:23:08,569] INFO django.server: "GET /api/search_recipes/?ingredients=%D0%BA%D1%83%D1%80%D0%B8%D1%86%D0%B0+%D0%BB%D0%B0%D0%BF%D1%88%D0%B0&kitchen=japanese HTTP/1.1" 200 9569
[2026-04-26 12:23:36,286] INFO django.server: "GET /api/search_recipes/?ingredients=%D0%BA%D1%83%D1%80%D0%B8%D1%86%D0%B0+%D0%BB%D0%B0%D0%BF%D1%88%D0%B0&kitchen=chinese HTTP/1.1" 200 27597
[2026-04-26 12:23:59,370] INFO django.server: "GET /api/search_recipes/?ingredients=%D0%BA%D1%83%D1%80%D0%B8%D1%86%D0%B0+%D0%BB%D0%B0%D0%BF%D1%88%D0%B0&kitchen=chinese HTTP/1.1" 200 27597
[2026-04-26 12:24:21,044] INFO django.server: "GET /api/search_recipes/?ingredients=%D0%BA%D1%83%D1%80%D0%B8%D1%86%D0%B0+%D0%BB%D0%B0%D0%BF%D1%88%D0%B0&kitchen=chinese HTTP/1.1" 200 27597
[2026-04-26 12:24:39,578] INFO django.server: "GET /api/search_recipes/?ingredients=%D0%BA%D1%83%D1%80%D0%B8%D1%86%D0%B0&kitchen=chinese HTTP/1.1" 200 27597
[2026-04-26 12:25:22,225] INFO django.server: "GET /recipe/638714/ HTTP/1.1" 200 41664
[2026-04-26 14:29:47,586] INFO django.utils.autoreload: Watching for file changes with StatReloader
[2026-04-26 14:29:50,605] INFO django.server: "GET / HTTP/1.1" 200 5775
[2026-04-26 14:29:52,618] INFO django.server: "GET /meal-plan/ HTTP/1.1" 200 53733
[2026-04-26 14:29:58,801] INFO django.server: "POST /api/meal-plan/generate/ HTTP/1.1" 200 13918
[2026-04-26 14:29:58,812] INFO django.server: "GET /media/recipes/17_%D0%9A%D1%83%D1%80%D0%B8%D0%BD%D1%8B%D0%B9_%D1%81%D1%83%D0%BF.jpg HTTP/1.1" 304 0
[2026-04-26 14:29:58,814] INFO django.server: "GET /media/recipes/16_%D0%91%D0%BE%D1%80%D1%89.jpg HTTP/1.1" 304 0
[2026-04-26 14:29:58,814] INFO django.server: "GET /media/recipes/9_%D0%A2%D0%B2%D0%BE%D1%80%D0%BE%D0%B3_%D1%81%D0%BE_%D1%81%D0%BC%D0%B5%D1%82%D0%B0%D0%BD%D0%BE%D0%B9.jpg HTTP/1.1" 304 0
[2026-04-26 14:29:58,814] INFO django.server: "GET /media/recipes/27_%D0%96%D0%B0%D1%80%D0%BA%D0%BE%D0%B5_%D0%B8%D0%B7_%D1%81%D0%B2%D0%B8%D0%BD%D0%B8%D0%BD%D1%8B_%D1%81_%D0%BA%D0%B0%D1%80%D1%82%D0%BE%D1%88%D0%BA%D0%BE%D0%B9.jpg HTTP/1.1" 304 0
[2026-04-26 14:29:58,815] INFO django.server: "GET /media/recipes/11_%D0%91%D1%83%D1%82%D0%B5%D1%80%D0%B1%D1%80%D0%BE%D0%B4_%D1%81_%D1%81%D1%8B%D1%80%D0%BE%D0%BC.jpg HTTP/1.1" 304 0
[2026-04-26 14:29:58,815] INFO django.server: "GET /media/recipes/34_%D0%9A%D0%BE%D1%82%D0%BB%D0%B5%D1%82%D1%8B_%D0%BF%D0%BE-%D0%BA%D0%B8%D0%B5%D0%B2%D1%81%D0%BA%D0%B8.jpg HTTP/1.1" 304 0
[2026-04-26 14:30:01,076] INFO django.server: "POST /api/meal-plan/generate/ HTTP/1.1" 200 13969
[2026-04-26 14:30:01,083] INFO django.server: "GET /media/recipes/14_%D0%9F%D0%BB%D0%BE%D0%B2_%D1%81_%D0%BA%D1%83%D1%80%D0%B8%D1%86%D0%B5%D0%B9.jpg HTTP/1.1" 304 0
[2026-04-26 14:30:01,659] INFO django.server: "POST /api/meal-plan/generate/ HTTP/1.1" 200 15055
[2026-04-26 14:30:01,681] WARNING django.request: Not Found: /media/Diplom_2.jpg
[2026-04-26 14:30:01,684] WARNING django.server: "GET /media/Diplom_2.jpg HTTP/1.1" 404 6957
[2026-04-26 14:30:02,125] INFO django.server: "POST /api/meal-plan/generate/ HTTP/1.1" 200 14281
[2026-04-26 14:30:03,347] INFO django.server: "POST /api/meal-plan/generate/ HTTP/1.1" 200 14566
[2026-04-26 14:30:03,353] INFO django.server: "GET /media/recipes/18_%D0%9A%D0%B0%D1%80%D1%82%D0%BE%D1%84%D0%B5%D0%BB%D1%8C%D0%BD%D0%BE%D0%B5_%D0%BF%D1%8E%D1%80%D0%B5_%D1%81_%D0%BA%D0%BE%D1%82%D0%BB%D0%B5%D1%82%D0%BE%D0%B9.jpg HTTP/1.1" 304 0
[2026-04-26 14:30:04,144] INFO django.server: "POST /api/meal-plan/generate/ HTTP/1.1" 200 15379
[2026-04-26 14:30:04,153] WARNING django.request: Not Found: /media/diplom_1.jpg
[2026-04-26 14:30:04,154] WARNING django.server: "GET /media/diplom_1.jpg HTTP/1.1" 404 6957
[2026-04-26 14:30:05,665] INFO django.server: "POST /api/meal-plan/generate/ HTTP/1.1" 200 14503
[2026-04-26 14:30:06,794] INFO django.server: "POST /api/meal-plan/generate/ HTTP/1.1" 200 14566
[2026-04-26 14:30:08,815] INFO django.server: "POST /api/meal-plan/generate/ HTTP/1.1" 200 14692
[2026-04-26 14:30:08,824] WARNING django.request: Not Found: /media/Diplom_2.jpg
[2026-04-26 14:30:08,824] WARNING django.server: "GET /media/Diplom_2.jpg HTTP/1.1" 404 6957
[2026-04-26 14:30:10,595] INFO django.server: "POST /api/meal-plan/generate/ HTTP/1.1" 200 14780
[2026-04-26 14:30:10,603] WARNING django.request: Not Found: /media/diplom_1.jpg
[2026-04-26 14:30:10,603] WARNING django.server: "GET /media/diplom_1.jpg HTTP/1.1" 404 6957
[2026-04-26 14:30:11,345] INFO django.server: "POST /api/meal-plan/generate/ HTTP/1.1" 200 14810
[2026-04-26 14:30:11,353] WARNING django.request: Not Found: /media/diplom_1.jpg
[2026-04-26 14:30:11,354] WARNING django.server: "GET /media/diplom_1.jpg HTTP/1.1" 404 6957
[2026-04-26 14:30:13,215] INFO django.server: "POST /api/meal-plan/generate/ HTTP/1.1" 200 15070
[2026-04-26 14:30:15,276] INFO django.server: "POST /api/meal-plan/generate/ HTTP/1.1" 200 15094
[2026-04-26 14:30:15,285] WARNING django.request: Not Found: /media/diplom_1.jpg
[2026-04-26 14:30:15,285] WARNING django.server: "GET /media/diplom_1.jpg HTTP/1.1" 404 6957
[2026-04-26 14:30:22,840] INFO django.server: "POST /api/meal-plan/generate/ HTTP/1.1" 200 15124
[2026-04-26 14:30:22,850] WARNING django.request: Not Found: /media/diplom_1.jpg
[2026-04-26 14:30:22,850] WARNING django.server: "GET /media/diplom_1.jpg HTTP/1.1" 404 6957
[2026-04-26 14:30:32,028] INFO django.server: "POST /api/meal-plan/generate/ HTTP/1.1" 200 15025
[2026-04-26 14:30:32,034] WARNING django.request: Not Found: /media/Diplom_2.jpg
[2026-04-26 14:30:32,036] WARNING django.server: "GET /media/Diplom_2.jpg HTTP/1.1" 404 6957
[2026-04-26 14:30:32,774] INFO django.server: "POST /api/meal-plan/generate/ HTTP/1.1" 200 14473
[2026-04-26 14:30:44,780] INFO django.server: "POST /api/meal-plan/generate/ HTTP/1.1" 200 14452
[2026-04-26 14:34:26,735] INFO django.server: "POST /api/meal-plan/generate/ HTTP/1.1" 200 14513
[2026-04-26 14:34:26,745] WARNING django.request: Not Found: /media/Diplom_2.jpg
[2026-04-26 14:34:26,745] WARNING django.server: "GET /media/Diplom_2.jpg HTTP/1.1" 404 6957
[2026-04-26 14:34:28,168] INFO django.server: "POST /api/meal-plan/generate/ HTTP/1.1" 200 10316
[2026-04-26 14:34:28,178] WARNING django.request: Not Found: /media/Diplom_3.jpg
[2026-04-26 14:34:28,178] INFO django.server: "GET /media/recipes/23_%D0%93%D1%83%D0%BB%D1%8F%D1%88_%D0%B8%D0%B7_%D0%B3%D0%BE%D0%B2%D1%8F%D0%B4%D0%B8%D0%BD%D1%8B_%D1%81_%D0%BF%D1%8E%D1%80%D0%B5.jpg HTTP/1.1" 304 0
[2026-04-26 14:34:28,178] WARNING django.server: "GET /media/Diplom_3.jpg HTTP/1.1" 404 6957
[2026-04-26 14:34:30,777] INFO django.server: "POST /api/meal-plan/generate/ HTTP/1.1" 200 17179
[2026-04-26 14:34:30,789] WARNING django.request: Not Found: /media/Diplom_5.png
[2026-04-26 14:34:30,790] WARNING django.request: Not Found: /media/Diplom4.jpg
[2026-04-26 14:34:30,790] INFO django.server: "GET /media/recipes/8_%D0%9E%D0%BC%D0%BB%D0%B5%D1%82.jpg HTTP/1.1" 304 0
[2026-04-26 14:34:30,791] WARNING django.server: "GET /media/Diplom_5.png HTTP/1.1" 404 6957
[2026-04-26 14:34:30,791] WARNING django.server: "GET /media/Diplom4.jpg HTTP/1.1" 404 6953
[2026-04-26 14:34:35,976] INFO django.server: "POST /api/meal-plan/generate/ HTTP/1.1" 200 16118
[2026-04-26 14:34:35,987] WARNING django.request: Not Found: /media/Diplom4.jpg
[2026-04-26 14:34:35,987] WARNING django.server: "GET /media/Diplom4.jpg HTTP/1.1" 404 6953
[2026-04-26 14:34:37,804] INFO django.server: "POST /api/meal-plan/generate/ HTTP/1.1" 200 17106
[2026-04-26 14:34:37,814] WARNING django.request: Not Found: /media/Diplom_5.png
[2026-04-26 14:34:37,817] WARNING django.request: Not Found: /media/Diplom4.jpg
[2026-04-26 14:34:37,817] WARNING django.server: "GET /media/Diplom_5.png HTTP/1.1" 404 6957
[2026-04-26 14:34:37,817] WARNING django.server: "GET /media/Diplom4.jpg HTTP/1.1" 404 6953
[2026-04-26 14:34:40,462] INFO django.server: "POST /api/meal-plan/generate/ HTTP/1.1" 200 10316
[2026-04-26 14:34:40,472] WARNING django.request: Not Found: /media/Diplom_3.jpg
[2026-04-26 14:34:40,472] WARNING django.server: "GET /media/Diplom_3.jpg HTTP/1.1" 404 6957
[2026-04-26 14:34:41,832] INFO django.server: "POST /api/meal-plan/generate/ HTTP/1.1" 200 10301
[2026-04-26 14:34:41,839] WARNING django.request: Not Found: /media/Diplom_3.jpg
[2026-04-26 14:34:41,839] WARNING django.server: "GET /media/Diplom_3.jpg HTTP/1.1" 404 6957
[2026-04-26 14:34:42,626] INFO django.server: "POST /api/meal-plan/generate/ HTTP/1.1" 200 10329
[2026-04-26 14:34:42,635] WARNING django.request: Not Found: /media/Diplom_3.jpg
[2026-04-26 14:34:42,636] WARNING django.server: "GET /media/Diplom_3.jpg HTTP/1.1" 404 6957
[2026-04-26 14:34:45,495] INFO django.server: "POST /api/meal-plan/generate/ HTTP/1.1" 200 14967
[2026-04-26 14:34:45,506] WARNING django.request: Not Found: /media/Diplom_2.jpg
[2026-04-26 14:34:45,507] WARNING django.server: "GET /media/Diplom_2.jpg HTTP/1.1" 404 6957
[2026-04-26 14:34:47,834] INFO django.server: "POST /api/meal-plan/generate/ HTTP/1.1" 200 10284
[2026-04-26 14:34:47,845] WARNING django.request: Not Found: /media/Diplom_3.jpg
[2026-04-26 14:34:47,845] WARNING django.server: "GET /media/Diplom_3.jpg HTTP/1.1" 404 6957
[2026-04-26 14:35:02,653] INFO django.server: "POST /api/meal-plan/generate/ HTTP/1.1" 200 10337
[2026-04-26 14:35:02,661] WARNING django.request: Not Found: /media/Diplom_3.jpg
[2026-04-26 14:35:02,662] WARNING django.server: "GET /media/Diplom_3.jpg HTTP/1.1" 404 6957
[2026-04-26 14:35:03,469] INFO django.server: "POST /api/meal-plan/generate/ HTTP/1.1" 200 10329
[2026-04-26 14:35:03,479] WARNING django.request: Not Found: /media/Diplom_3.jpg
[2026-04-26 14:35:03,480] WARNING django.server: "GET /media/Diplom_3.jpg HTTP/1.1" 404 6957
[2026-04-26 14:35:06,281] INFO django.server: "POST /api/meal-plan/generate/ HTTP/1.1" 200 15124
[2026-04-26 14:35:06,293] WARNING django.request: Not Found: /media/diplom_1.jpg
[2026-04-26 14:35:06,293] WARNING django.server: "GET /media/diplom_1.jpg HTTP/1.1" 404 6957
[2026-04-26 14:35:09,823] INFO django.server: "POST /api/meal-plan/generate/ HTTP/1.1" 200 14255
[2026-04-26 14:35:09,832] WARNING django.request: Not Found: /media/Diplom_2.jpg
[2026-04-26 14:35:09,832] WARNING django.server: "GET /media/Diplom_2.jpg HTTP/1.1" 404 6957
[2026-04-26 14:35:13,058] INFO django.server: "POST /api/meal-plan/generate/ HTTP/1.1" 200 15309
[2026-04-26 14:35:13,067] WARNING django.request: Not Found: /media/Diplom_2.jpg
[2026-04-26 14:35:13,067] WARNING django.server: "GET /media/Diplom_2.jpg HTTP/1.1" 404 6957
[2026-04-26 14:35:17,162] INFO django.server: "POST /api/meal-plan/generate/ HTTP/1.1" 200 14709
[2026-04-26 14:35:17,172] WARNING django.request: Not Found: /media/Diplom_2.jpg
[2026-04-26 14:35:17,172] WARNING django.server: "GET /media/Diplom_2.jpg HTTP/1.1" 404 6957
[2026-04-26 14:35:21,678] INFO django.server: "POST /api/meal-plan/generate/ HTTP/1.1" 200 14482
[2026-04-26 14:35:22,818] INFO django.server: "POST /api/meal-plan/generate/ HTTP/1.1" 200 14913
[2026-04-26 14:35:22,825] WARNING django.request: Not Found: /media/diplom_1.jpg
[2026-04-26 14:35:22,827] WARNING django.server: "GET /media/diplom_1.jpg HTTP/1.1" 404 6957
[2026-04-26 14:35:23,440] INFO django.server: "POST /api/meal-plan/generate/ HTTP/1.1" 200 15409
[2026-04-26 14:35:23,448] WARNING django.request: Not Found: /media/diplom_1.jpg
[2026-04-26 14:35:23,448] WARNING django.server: "GET /media/diplom_1.jpg HTTP/1.1" 404 6957
[2026-04-26 14:35:23,836] INFO django.server: "POST /api/meal-plan/generate/ HTTP/1.1" 200 14255
[2026-04-26 14:35:23,844] WARNING django.request: Not Found: /media/Diplom_2.jpg
[2026-04-26 14:35:23,844] WARNING django.server: "GET /media/Diplom_2.jpg HTTP/1.1" 404 6957
[2026-04-26 14:35:24,391] INFO django.server: "POST /api/meal-plan/generate/ HTTP/1.1" 200 14815
[2026-04-26 14:35:26,577] INFO django.server: "POST /api/meal-plan/generate/ HTTP/1.1" 200 14791
[2026-04-26 14:35:26,586] WARNING django.request: Not Found: /media/diplom_1.jpg
[2026-04-26 14:35:26,587] WARNING django.server: "GET /media/diplom_1.jpg HTTP/1.1" 404 6957
[2026-04-26 14:35:35,491] INFO django.server: "POST /api/meal-plan/generate/ HTTP/1.1" 200 14743
[2026-04-26 14:35:35,498] WARNING django.request: Not Found: /media/Diplom_2.jpg
[2026-04-26 14:35:35,498] WARNING django.server: "GET /media/Diplom_2.jpg HTTP/1.1" 404 6957
[2026-04-26 14:35:37,151] INFO django.server: "POST /api/meal-plan/generate/ HTTP/1.1" 200 14510
[2026-04-26 14:35:37,161] WARNING django.request: Not Found: /media/Diplom_2.jpg
[2026-04-26 14:35:37,161] WARNING django.server: "GET /media/Diplom_2.jpg HTTP/1.1" 404 6957
[2026-04-26 14:35:38,123] INFO django.server: "POST /api/meal-plan/generate/ HTTP/1.1" 200 14513
[2026-04-26 14:35:38,132] WARNING django.request: Not Found: /media/Diplom_2.jpg
[2026-04-26 14:35:38,133] WARNING django.server: "GET /media/Diplom_2.jpg HTTP/1.1" 404 6957
[2026-04-26 14:35:40,591] INFO django.server: "POST /api/meal-plan/generate/ HTTP/1.1" 200 14587
[2026-04-26 14:35:40,599] WARNING django.request: Not Found: /media/Diplom_2.jpg
[2026-04-26 14:35:40,599] WARNING django.server: "GET /media/Diplom_2.jpg HTTP/1.1" 404 6957
[2026-04-26 14:35:41,343] INFO django.server: "POST /api/meal-plan/generate/ HTTP/1.1" 200 15184
[2026-04-26 14:35:41,351] WARNING django.request: Not Found: /media/Diplom_2.jpg
[2026-04-26 14:35:41,351] WARNING django.server: "GET /media/Diplom_2.jpg HTTP/1.1" 404 6957
[2026-04-26 14:35:43,374] INFO django.server: "POST /api/meal-plan/generate/ HTTP/1.1" 200 14967
[2026-04-26 14:35:43,381] WARNING django.request: Not Found: /media/Diplom_2.jpg
[2026-04-26 14:35:43,382] WARNING django.server: "GET /media/Diplom_2.jpg HTTP/1.1" 404 6957
[2026-04-26 14:35:44,034] INFO django.server: "POST /api/meal-plan/generate/ HTTP/1.1" 200 14997
[2026-04-26 14:35:44,043] WARNING django.request: Not Found: /media/Diplom_2.jpg
[2026-04-26 14:35:44,044] WARNING django.server: "GET /media/Diplom_2.jpg HTTP/1.1" 404 6957
[2026-04-26 14:35:45,545] INFO django.server: "POST /api/meal-plan/generate/ HTTP/1.1" 200 14329
[2026-04-26 14:35:45,551] WARNING django.request: Not Found: /media/Diplom_2.jpg
[2026-04-26 14:35:45,552] WARNING django.server: "GET /media/Diplom_2.jpg HTTP/1.1" 404 6957
[2026-04-26 14:35:46,473] INFO django.server: "POST /api/meal-plan/generate/ HTTP/1.1" 200 14768
[2026-04-26 14:35:46,482] WARNING django.request: Not Found: /media/Diplom_2.jpg
[2026-04-26 14:35:46,482] WARNING django.server: "GET /media/Diplom_2.jpg HTTP/1.1" 404 6957
[2026-04-26 14:35:48,097] INFO django.server: "POST /api/meal-plan/generate/ HTTP/1.1" 200 14696
[2026-04-26 14:35:48,105] WARNING django.request: Not Found: /media/diplom_1.jpg
[2026-04-26 14:35:48,106] WARNING django.server: "GET /media/diplom_1.jpg HTTP/1.1" 404 6957
[2026-04-26 14:35:48,711] INFO django.server: "POST /api/meal-plan/generate/ HTTP/1.1" 200 14780
[2026-04-26 14:35:48,719] WARNING django.request: Not Found: /media/diplom_1.jpg
[2026-04-26 14:35:48,719] WARNING django.server: "GET /media/diplom_1.jpg HTTP/1.1" 404 6957
[2026-04-26 14:35:49,570] INFO django.server: "POST /api/meal-plan/generate/ HTTP/1.1" 200 14255
[2026-04-26 14:35:49,576] WARNING django.request: Not Found: /media/Diplom_2.jpg
[2026-04-26 14:35:49,577] WARNING django.server: "GET /media/Diplom_2.jpg HTTP/1.1" 404 6957
[2026-04-26 14:35:50,334] INFO django.server: "POST /api/meal-plan/generate/ HTTP/1.1" 200 14225
[2026-04-26 14:35:50,342] WARNING django.request: Not Found: /media/Diplom_2.jpg
[2026-04-26 14:35:50,342] WARNING django.server: "GET /media/Diplom_2.jpg HTTP/1.1" 404 6957
[2026-04-26 14:35:52,612] INFO django.server: "POST /api/meal-plan/generate/ HTTP/1.1" 200 10277
[2026-04-26 14:35:52,620] WARNING django.request: Not Found: /media/Diplom_3.jpg
[2026-04-26 14:35:52,621] WARNING django.server: "GET /media/Diplom_3.jpg HTTP/1.1" 404 6957
[2026-04-26 14:35:54,664] INFO django.server: "POST /api/meal-plan/generate/ HTTP/1.1" 200 15051
[2026-04-26 14:35:54,673] WARNING django.request: Not Found: /media/Diplom_2.jpg
[2026-04-26 14:35:54,673] WARNING django.server: "GET /media/Diplom_2.jpg HTTP/1.1" 404 6957
[2026-04-26 14:35:57,331] INFO django.server: "POST /api/meal-plan/generate/ HTTP/1.1" 200 15279
[2026-04-26 14:35:57,340] WARNING django.request: Not Found: /media/Diplom_2.jpg
[2026-04-26 14:35:57,340] WARNING django.server: "GET /media/Diplom_2.jpg HTTP/1.1" 404 6957
[2026-04-26 14:36:03,368] INFO django.server: "POST /api/meal-plan/generate/ HTTP/1.1" 200 14255
[2026-04-26 14:36:03,377] WARNING django.request: Not Found: /media/Diplom_2.jpg
[2026-04-26 14:36:03,377] WARNING django.server: "GET /media/Diplom_2.jpg HTTP/1.1" 404 6957
[2026-04-26 14:36:05,771] INFO django.server: "POST /api/meal-plan/generate/ HTTP/1.1" 200 15051
[2026-04-26 14:36:05,782] WARNING django.request: Not Found: /media/Diplom_2.jpg
[2026-04-26 14:36:05,783] WARNING django.server: "GET /media/Diplom_2.jpg HTTP/1.1" 404 6957
[2026-04-26 14:36:17,467] INFO django.server: "POST /api/meal-plan/generate/ HTTP/1.1" 200 14540
[2026-04-26 14:36:17,475] WARNING django.request: Not Found: /media/Diplom_2.jpg
[2026-04-26 14:36:17,475] WARNING django.server: "GET /media/Diplom_2.jpg HTTP/1.1" 404 6957
[2026-04-26 14:36:25,457] INFO django.server: "POST /api/meal-plan/generate/ HTTP/1.1" 200 15070
[2026-04-26 14:36:26,224] INFO django.server: "POST /api/meal-plan/generate/ HTTP/1.1" 200 14722
[2026-04-26 14:36:26,233] WARNING django.request: Not Found: /media/Diplom_2.jpg
[2026-04-26 14:36:26,234] WARNING django.server: "GET /media/Diplom_2.jpg HTTP/1.1" 404 6957
[2026-04-26 14:36:27,427] INFO django.server: "POST /api/meal-plan/generate/ HTTP/1.1" 200 15214
[2026-04-26 14:36:27,435] WARNING django.request: Not Found: /media/Diplom_2.jpg
[2026-04-26 14:36:27,436] WARNING django.server: "GET /media/Diplom_2.jpg HTTP/1.1" 404 6957
[2026-04-26 14:36:28,099] INFO django.server: "POST /api/meal-plan/generate/ HTTP/1.1" 200 14956
[2026-04-26 14:36:28,107] WARNING django.request: Not Found: /media/Diplom_2.jpg
[2026-04-26 14:36:28,107] WARNING django.server: "GET /media/Diplom_2.jpg HTTP/1.1" 404 6957
[2026-04-26 14:36:35,458] INFO django.server: "POST /api/shopping-list/generate/ HTTP/1.1" 200 3365
[2026-04-26 14:36:39,944] INFO django.server: "POST /api/shopping-list/generate/ HTTP/1.1" 200 3365
[2026-04-26 14:36:40,824] INFO django.server: "POST /api/shopping-list/generate/ HTTP/1.1" 200 3365
[2026-04-26 14:36:44,826] INFO django.server: "POST /api/shopping-list/generate/ HTTP/1.1" 200 3365
[2026-04-26 14:36:46,479] INFO django.server: "POST /api/shopping-list/generate/ HTTP/1.1" 200 3365
[2026-04-26 14:36:48,125] INFO django.server: "POST /api/meal-plan/generate/ HTTP/1.1" 200 15051
[2026-04-26 14:36:48,133] WARNING django.request: Not Found: /media/Diplom_2.jpg
[2026-04-26 14:36:48,134] WARNING django.server: "GET /media/Diplom_2.jpg HTTP/1.1" 404 6957
[2026-04-26 14:36:48,825] INFO django.server: "POST /api/meal-plan/generate/ HTTP/1.1" 200 15279
[2026-04-26 14:36:48,834] WARNING django.request: Not Found: /media/Diplom_2.jpg
[2026-04-26 14:36:48,834] WARNING django.server: "GET /media/Diplom_2.jpg HTTP/1.1" 404 6957
[2026-04-26 14:36:50,260] INFO django.server: "POST /api/shopping-list/generate/ HTTP/1.1" 200 3367
[2026-04-26 14:36:56,750] INFO django.server: "POST /api/shopping-list/generate/ HTTP/1.1" 200 3367
[2026-04-26 14:37:01,402] INFO django.server: "POST /api/shopping-list/generate/ HTTP/1.1" 200 3367
[2026-04-26 14:37:09,473] INFO django.server: "POST /api/meal-plan/generate/ HTTP/1.1" 200 14359
[2026-04-26 14:37:09,482] WARNING django.request: Not Found: /media/Diplom_2.jpg
[2026-04-26 14:37:09,483] WARNING django.server: "GET /media/Diplom_2.jpg HTTP/1.1" 404 6957
[2026-04-26 14:37:14,865] INFO django.server: "POST /api/meal-plan/generate/ HTTP/1.1" 200 14540
[2026-04-26 14:37:14,875] WARNING django.request: Not Found: /media/Diplom_2.jpg
[2026-04-26 14:37:14,876] WARNING django.server: "GET /media/Diplom_2.jpg HTTP/1.1" 404 6957
[2026-04-26 14:37:23,250] INFO django.server: "POST /api/meal-plan/generate/ HTTP/1.1" 200 14926
[2026-04-26 14:37:23,258] WARNING django.request: Not Found: /media/Diplom_2.jpg
[2026-04-26 14:37:23,259] WARNING django.server: "GET /media/Diplom_2.jpg HTTP/1.1" 404 6957
[2026-04-26 14:37:27,952] INFO django.server: "POST /api/meal-plan/generate/ HTTP/1.1" 200 15051
[2026-04-26 14:37:27,960] WARNING django.request: Not Found: /media/Diplom_2.jpg
[2026-04-26 14:37:27,961] WARNING django.server: "GET /media/Diplom_2.jpg HTTP/1.1" 404 6957
[2026-04-26 14:37:30,468] INFO django.server: "POST /api/meal-plan/generate/ HTTP/1.1" 200 15279
[2026-04-26 14:37:30,475] WARNING django.request: Not Found: /media/Diplom_2.jpg
[2026-04-26 14:37:30,476] WARNING django.server: "GET /media/Diplom_2.jpg HTTP/1.1" 404 6957
[2026-04-26 14:37:32,034] INFO django.server: "POST /api/meal-plan/generate/ HTTP/1.1" 200 15051
[2026-04-26 14:37:32,043] WARNING django.request: Not Found: /media/Diplom_2.jpg
[2026-04-26 14:37:32,043] WARNING django.server: "GET /media/Diplom_2.jpg HTTP/1.1" 404 6957
[2026-04-26 14:37:47,271] INFO django.server: "POST /api/meal-plan/generate/ HTTP/1.1" 200 15186
[2026-04-26 14:37:47,283] WARNING django.request: Not Found: /media/Diplom_2.jpg
[2026-04-26 14:37:47,286] WARNING django.request: Not Found: /media/diplom_1.jpg
[2026-04-26 14:37:47,286] WARNING django.server: "GET /media/Diplom_2.jpg HTTP/1.1" 404 6957
[2026-04-26 14:37:47,287] WARNING django.server: "GET /media/diplom_1.jpg HTTP/1.1" 404 6957
[2026-04-26 14:37:59,554] INFO django.server: "POST /api/meal-plan/generate/ HTTP/1.1" 200 14966
[2026-04-26 14:37:59,566] WARNING django.request: Not Found: /media/Diplom_2.jpg
[2026-04-26 14:37:59,570] WARNING django.request: Not Found: /media/diplom_1.jpg
[2026-04-26 14:37:59,570] WARNING django.server: "GET /media/Diplom_2.jpg HTTP/1.1" 404 6957
[2026-04-26 14:37:59,570] INFO django.server: "GET /media/recipes/30_%D0%A1%D1%8B%D1%80%D0%BD%D0%B8%D0%BA%D0%B8.jpg HTTP/1.1" 304 0
[2026-04-26 14:37:59,571] WARNING django.server: "GET /media/diplom_1.jpg HTTP/1.1" 404 6957
[2026-04-26 14:38:02,926] INFO django.server: "POST /api/meal-plan/generate/ HTTP/1.1" 200 15068
[2026-04-26 14:38:02,939] WARNING django.request: Not Found: /media/diplom_1.jpg
[2026-04-26 14:38:02,943] WARNING django.request: Not Found: /media/Diplom_2.jpg
[2026-04-26 14:38:02,943] WARNING django.server: "GET /media/diplom_1.jpg HTTP/1.1" 404 6957
[2026-04-26 14:38:02,944] WARNING django.server: "GET /media/Diplom_2.jpg HTTP/1.1" 404 6957
[2026-04-26 14:38:03,015] INFO django.server: "GET /media/recipes/29_%D0%A1%D0%B0%D0%BB%D0%B0%D1%82_%D0%B8%D0%B7_%D0%BE%D0%B3%D1%83%D1%80%D1%86%D0%BE%D0%B2_%D0%B8_%D0%BF%D0%BE%D0%BC%D0%B8%D0%B4%D0%BE%D1%80%D0%BE%D0%B2.jpg HTTP/1.1" 200 18377
[2026-04-26 14:38:03,846] INFO django.server: "POST /api/meal-plan/generate/ HTTP/1.1" 200 15002
[2026-04-26 14:38:03,856] WARNING django.request: Not Found: /media/diplom_1.jpg
[2026-04-26 14:38:03,861] WARNING django.request: Not Found: /media/Diplom_2.jpg
[2026-04-26 14:38:03,861] WARNING django.server: "GET /media/diplom_1.jpg HTTP/1.1" 404 6957
[2026-04-26 14:38:03,861] WARNING django.server: "GET /media/Diplom_2.jpg HTTP/1.1" 404 6957
[2026-04-26 14:38:24,202] INFO django.server: "POST /api/shopping-list/generate/ HTTP/1.1" 200 5271
[2026-04-26 14:38:34,679] INFO django.server: "POST /api/meal-plan/generate/ HTTP/1.1" 200 14810
[2026-04-26 14:38:34,689] WARNING django.request: Not Found: /media/diplom_1.jpg
[2026-04-26 14:38:34,689] WARNING django.server: "GET /media/diplom_1.jpg HTTP/1.1" 404 6957
[2026-04-26 14:38:35,208] INFO django.server: "POST /api/meal-plan/generate/ HTTP/1.1" 200 14780
[2026-04-26 14:38:35,217] WARNING django.request: Not Found: /media/diplom_1.jpg
[2026-04-26 14:38:35,218] WARNING django.server: "GET /media/diplom_1.jpg HTTP/1.1" 404 6957
[2026-04-26 14:38:36,677] INFO django.server: "POST /api/meal-plan/generate/ HTTP/1.1" 200 14956
[2026-04-26 14:38:36,687] WARNING django.request: Not Found: /media/Diplom_2.jpg
[2026-04-26 14:38:36,688] WARNING django.server: "GET /media/Diplom_2.jpg HTTP/1.1" 404 6957
[2026-04-26 14:38:37,608] INFO django.server: "POST /api/meal-plan/generate/ HTTP/1.1" 200 15021
[2026-04-26 14:38:37,617] WARNING django.request: Not Found: /media/Diplom_2.jpg
[2026-04-26 14:38:37,617] WARNING django.server: "GET /media/Diplom_2.jpg HTTP/1.1" 404 6957
[2026-04-26 14:38:41,004] INFO django.server: "POST /api/meal-plan/generate/ HTTP/1.1" 200 17105
[2026-04-26 14:38:41,014] WARNING django.request: Not Found: /media/Diplom4.jpg
[2026-04-26 14:38:41,018] WARNING django.request: Not Found: /media/Diplom_5.png
[2026-04-26 14:38:41,018] WARNING django.server: "GET /media/Diplom4.jpg HTTP/1.1" 404 6953
[2026-04-26 14:38:41,018] WARNING django.server: "GET /media/Diplom_5.png HTTP/1.1" 404 6957
[2026-04-26 14:38:47,984] INFO django.server: "POST /api/meal-plan/generate/ HTTP/1.1" 200 15930
[2026-04-26 14:38:47,994] WARNING django.request: Not Found: /media/Diplom4.jpg
[2026-04-26 14:38:47,994] INFO django.server: "GET /media/recipes/15_%D0%9C%D0%B0%D0%BA%D0%B0%D1%80%D0%BE%D0%BD%D1%8B_%D0%BF%D0%BE-%D1%84%D0%BB%D0%BE%D1%82%D1%81%D0%BA%D0%B8.jpg HTTP/1.1" 304 0
[2026-04-26 14:38:47,995] WARNING django.server: "GET /media/Diplom4.jpg HTTP/1.1" 404 6953
[2026-04-26 14:38:52,054] INFO django.server: "POST /api/meal-plan/generate/ HTTP/1.1" 200 15214
[2026-04-26 14:38:52,063] WARNING django.request: Not Found: /media/Diplom_2.jpg
[2026-04-26 14:38:52,064] WARNING django.server: "GET /media/Diplom_2.jpg HTTP/1.1" 404 6957
[2026-04-26 14:38:55,160] INFO django.server: "POST /api/meal-plan/generate/ HTTP/1.1" 200 15214
[2026-04-26 14:38:55,170] WARNING django.request: Not Found: /media/Diplom_2.jpg
[2026-04-26 14:38:55,170] WARNING django.server: "GET /media/Diplom_2.jpg HTTP/1.1" 404 6957
[2026-04-26 14:38:58,092] INFO django.server: "POST /api/meal-plan/generate/ HTTP/1.1" 200 14301
[2026-04-26 14:38:58,885] INFO django.server: "POST /api/meal-plan/generate/ HTTP/1.1" 200 15706
[2026-04-26 14:38:58,894] WARNING django.request: Not Found: /media/Diplom4.jpg
[2026-04-26 14:38:58,895] WARNING django.server: "GET /media/Diplom4.jpg HTTP/1.1" 404 6953
[2026-04-26 14:39:37,714] INFO django.server: "POST /api/meal-plan/generate/ HTTP/1.1" 200 16949
[2026-04-26 14:39:37,724] WARNING django.request: Not Found: /media/Diplom_5.png
[2026-04-26 14:39:37,728] WARNING django.request: Not Found: /media/Diplom4.jpg
[2026-04-26 14:39:37,728] WARNING django.server: "GET /media/Diplom_5.png HTTP/1.1" 404 6957
[2026-04-26 14:39:37,728] WARNING django.server: "GET /media/Diplom4.jpg HTTP/1.1" 404 6953
[2026-04-26 14:39:47,327] INFO django.server: "POST /api/meal-plan/generate/ HTTP/1.1" 200 17354
[2026-04-26 14:39:47,334] WARNING django.request: Not Found: /media/Diplom4.jpg
[2026-04-26 14:39:47,335] WARNING django.server: "GET /media/Diplom4.jpg HTTP/1.1" 404 6953
[2026-04-26 14:40:12,798] INFO django.server: "POST /api/meal-plan/generate/ HTTP/1.1" 200 16262
[2026-04-26 14:40:12,807] WARNING django.request: Not Found: /media/Diplom_5.png
[2026-04-26 14:40:12,807] WARNING django.server: "GET /media/Diplom_5.png HTTP/1.1" 404 6957
[2026-04-26 14:40:40,588] INFO django.server: "GET / HTTP/1.1" 200 5775
[2026-04-26 14:40:41,408] INFO django.server: "GET /compose/ HTTP/1.1" 200 27686
[2026-04-26 14:41:03,702] INFO django.server: "GET /api/search_recipes/?ingredients=%D0%BA%D1%83%D1%80%D0%B8%D1%86%D0%B0&kitchen=chinese HTTP/1.1" 200 27597
[2026-04-26 14:41:54,166] ERROR django.request: Internal Server Error: /recipe/638714/
Traceback (most recent call last):
  File "C:\Users\Micie456\PycharmProjects\Diplom\.venv\Lib\site-packages\django\template\defaulttags.py", line 1067, in find_library
    return parser.libraries[name]
           ~~~~~~~~~~~~~~~~^^^^^^
KeyError: 'recipe_extras'

During handling of the above exception, another exception occurred:

Traceback (most recent call last):
  File "C:\Users\Micie456\PycharmProjects\Diplom\.venv\Lib\site-packages\django\core\handlers\exception.py", line 55, in inner
    response = get_response(request)
               ^^^^^^^^^^^^^^^^^^^^^
  File "C:\Users\Micie456\PycharmProjects\Diplom\.venv\Lib\site-packages\django\core\handlers\base.py", line 198, in _get_response
    response = wrapped_callback(request, *callback_args, **callback_kwargs)
               ^^^^^^^^^^^^^^^^^^^^^^^^^^^^^^^^^^^^^^^^^^^^^^^^^^^^^^^^^^^^
  File "C:\Users\Micie456\PycharmProjects\Diplom\diplom\mainapp\views.py", line 209, in recipe_detail
    return render(request, 'recipe_detail.html', context)
           ^^^^^^^^^^^^^^^^^^^^^^^^^^^^^^^^^^^^^^^^^^^^^^
  File "C:\Users\Micie456\PycharmProjects\Diplom\.venv\Lib\site-packages\django\shortcuts.py", line 25, in render
    content = loader.render_to_string(template_name, context, request, using=using)
              ^^^^^^^^^^^^^^^^^^^^^^^^^^^^^^^^^^^^^^^^^^^^^^^^^^^^^^^^^^^^^^^^^^^^^
  File "C:\Users\Micie456\PycharmProjects\Diplom\.venv\Lib\site-packages\django\template\loader.py", line 61, in render_to_string
    template = get_template(template_name, using=using)
               ^^^^^^^^^^^^^^^^^^^^^^^^^^^^^^^^^^^^^^^^
  File "C:\Users\Micie456\PycharmProjects\Diplom\.venv\Lib\site-packages\django\template\loader.py", line 15, in get_template
    return engine.get_template(template_name)
           ^^^^^^^^^^^^^^^^^^^^^^^^^^^^^^^^^^
  File "C:\Users\Micie456\PycharmProjects\Diplom\.venv\Lib\site-packages\django\template\backends\django.py", line 79, in get_template
    return Template(self.engine.get_template(template_name), self)
                    ^^^^^^^^^^^^^^^^^^^^^^^^^^^^^^^^^^^^^^^
  File "C:\Users\Micie456\PycharmProjects\Diplom\.venv\Lib\site-packages\django\template\engine.py", line 186, in get_template
    template, origin = self.find_template(template_name)
                       ^^^^^^^^^^^^^^^^^^^^^^^^^^^^^^^^^
  File "C:\Users\Micie456\PycharmProjects\Diplom\.venv\Lib\site-packages\django\template\engine.py", line 159, in find_template
    template = loader.get_template(name, skip=skip)
               ^^^^^^^^^^^^^^^^^^^^^^^^^^^^^^^^^^^^
  File "C:\Users\Micie456\PycharmProjects\Diplom\.venv\Lib\site-packages\django\template\loaders\cached.py", line 57, in get_template
    template = super().get_template(template_name, skip)
               ^^^^^^^^^^^^^^^^^^^^^^^^^^^^^^^^^^^^^^^^^
  File "C:\Users\Micie456\PycharmProjects\Diplom\.venv\Lib\site-packages\django\template\loaders\base.py", line 28, in get_template
    return Template(
           ^^^^^^^^^
  File "C:\Users\Micie456\PycharmProjects\Diplom\.venv\Lib\site-packages\django\template\base.py", line 157, in __init__
    self.nodelist = self.compile_nodelist()
                    ^^^^^^^^^^^^^^^^^^^^^^^
  File "C:\Users\Micie456\PycharmProjects\Diplom\.venv\Lib\site-packages\django\template\base.py", line 199, in compile_nodelist
    nodelist = parser.parse()
               ^^^^^^^^^^^^^^
  File "C:\Users\Micie456\PycharmProjects\Diplom\.venv\Lib\site-packages\django\template\base.py", line 585, in parse
    raise self.error(token, e)
  File "C:\Users\Micie456\PycharmProjects\Diplom\.venv\Lib\site-packages\django\template\base.py", line 583, in parse
    compiled_result = compile_func(self, token)
                      ^^^^^^^^^^^^^^^^^^^^^^^^^
  File "C:\Users\Micie456\PycharmProjects\Diplom\.venv\Lib\site-packages\django\template\defaulttags.py", line 1129, in load
    lib = find_library(parser, name)
          ^^^^^^^^^^^^^^^^^^^^^^^^^^
  File "C:\Users\Micie456\PycharmProjects\Diplom\.venv\Lib\site-packages\django\template\defaulttags.py", line 1069, in find_library
    raise TemplateSyntaxError(
django.template.exceptions.TemplateSyntaxError: Template: C:\Users\Micie456\PycharmProjects\Diplom\diplom\mainapp\templates\recipe_detail.html, 'recipe_extras' is not a registered tag library. Must be one of:
admin_list
admin_modify
admin_urls
auth
cache
i18n
l10n
log
static
tz
[2026-04-26 14:41:54,169] ERROR django.server: "GET /recipe/638714/ HTTP/1.1" 500 228003
[2026-04-26 14:42:04,008] INFO django.utils.autoreload: Watching for file changes with StatReloader
[2026-04-26 14:42:05,537] INFO django.server: "GET / HTTP/1.1" 200 5775
[2026-04-26 14:42:07,164] INFO django.server: "GET /compose/ HTTP/1.1" 200 27686
[2026-04-26 14:42:16,854] INFO django.server: "GET /api/search_recipes/?ingredients=%D0%BA%D1%83%D1%80%D0%B8%D1%86%D0%B0&kitchen=chinese HTTP/1.1" 200 27597
[2026-04-26 14:42:30,312] INFO django.server: "GET /recipe/638714/ HTTP/1.1" 200 43569
[2026-04-26 14:44:41,124] INFO django.utils.autoreload: C:\Users\Micie456\PycharmProjects\Diplom\diplom\mainapp\views.py changed, reloading.
[2026-04-26 14:44:41,625] INFO django.utils.autoreload: Watching for file changes with StatReloader
[2026-04-26 14:45:28,051] INFO django.utils.autoreload: C:\Users\Micie456\PycharmProjects\Diplom\diplom\mainapp\views.py changed, reloading.
[2026-04-26 14:45:28,534] INFO django.utils.autoreload: Watching for file changes with StatReloader
[2026-04-26 14:49:42,156] INFO django.utils.autoreload: Watching for file changes with StatReloader
[2026-04-26 14:49:43,619] INFO django.server: "GET / HTTP/1.1" 200 5775
[2026-04-26 15:10:27,207] INFO django.utils.autoreload: Watching for file changes with StatReloader
[2026-04-26 15:10:28,821] INFO django.server: "GET / HTTP/1.1" 200 5775
[2026-04-26 15:10:31,625] INFO django.server: "GET /meal-plan/ HTTP/1.1" 200 53733
[2026-04-26 15:10:36,261] INFO django.server: "POST /api/meal-plan/generate/ HTTP/1.1" 200 16122
[2026-04-26 15:10:36,272] WARNING django.request: Not Found: /media/Diplom_5.png
[2026-04-26 15:10:36,273] WARNING django.server: "GET /media/Diplom_5.png HTTP/1.1" 404 6957
[2026-04-26 15:10:41,617] INFO django.server: "POST /api/meal-plan/generate/ HTTP/1.1" 200 15288
[2026-04-26 15:10:41,626] WARNING django.request: Not Found: /media/Diplom_5.png
[2026-04-26 15:10:41,627] WARNING django.server: "GET /media/Diplom_5.png HTTP/1.1" 404 6957
[2026-04-26 15:10:44,168] INFO django.server: "POST /api/meal-plan/generate/ HTTP/1.1" 200 14545
[2026-04-26 15:11:55,550] INFO django.utils.autoreload: C:\Users\Micie456\PycharmProjects\Diplom\diplom\mainapp\views.py changed, reloading.
[2026-04-26 15:11:56,050] INFO django.utils.autoreload: Watching for file changes with StatReloader
[2026-04-26 15:12:03,508] INFO django.server: "GET / HTTP/1.1" 200 5775
[2026-04-26 15:12:05,800] INFO django.server: "GET /meal-plan/ HTTP/1.1" 200 53733
[2026-04-26 15:12:07,052] INFO django.server: "GET / HTTP/1.1" 200 5775
[2026-04-26 15:12:07,515] INFO django.server: "GET /compose/ HTTP/1.1" 200 27686
[2026-04-26 15:12:19,234] INFO django.server: "GET /api/search_recipes/?ingredients=%D0%BA%D1%83%D1%80%D0%B8%D1%86%D0%B0&kitchen=chinese HTTP/1.1" 200 27597
[2026-04-26 15:12:34,815] INFO django.server: "GET /recipe/638714/ HTTP/1.1" 200 43569
[2026-04-26 15:12:47,562] INFO django.server: "GET / HTTP/1.1" 200 5775
[2026-04-26 15:12:48,529] INFO django.server: "GET /compose/ HTTP/1.1" 200 27686
[2026-04-26 15:12:49,174] INFO django.server: "GET / HTTP/1.1" 200 5775
[2026-04-26 15:12:50,497] INFO django.server: "GET /recipe/1/ HTTP/1.1" 200 22653
[2026-04-26 15:12:50,542] WARNING django.request: Not Found: /media/diplom_1.jpg
[2026-04-26 15:12:50,542] WARNING django.server: "GET /media/diplom_1.jpg HTTP/1.1" 404 6957
[2026-04-26 15:13:25,443] INFO django.server: "GET /api/recipe/fetch/1/ HTTP/1.1" 200 13653
[2026-04-26 15:15:28,782] INFO django.utils.autoreload: C:\Users\Micie456\PycharmProjects\Diplom\diplom\mainapp\views.py changed, reloading.
[2026-04-26 15:15:29,278] INFO django.utils.autoreload: Watching for file changes with StatReloader
[2026-04-26 15:29:49,918] INFO django.utils.autoreload: C:\Users\Micie456\PycharmProjects\Diplom\diplom\mainapp\views.py changed, reloading.
[2026-04-26 15:29:52,611] INFO django.utils.autoreload: Watching for file changes with StatReloader
[2026-04-26 15:29:54,053] INFO django.server: "GET / HTTP/1.1" 200 5775
[2026-04-26 15:29:57,546] INFO django.server: "GET /meal-plan/ HTTP/1.1" 200 53733
[2026-04-26 15:29:58,879] INFO django.server: "GET / HTTP/1.1" 200 5775
[2026-04-26 15:29:59,354] INFO django.server: "GET /compose/ HTTP/1.1" 200 27686
[2026-04-26 15:30:13,472] INFO django.server: "GET /api/search_recipes/?ingredients=%D0%BA%D1%83%D1%80%D0%B8%D1%86%D0%B0&kitchen=chinese HTTP/1.1" 200 27597
[2026-04-26 15:30:36,177] INFO django.server: "GET /recipe/638714/ HTTP/1.1" 200 43569
[2026-04-26 15:32:13,084] INFO django.utils.autoreload: C:\Users\Micie456\PycharmProjects\Diplom\diplom\mainapp\views.py changed, reloading.
[2026-04-26 15:32:13,595] INFO django.utils.autoreload: Watching for file changes with StatReloader
[2026-04-26 15:34:16,073] INFO django.utils.autoreload: C:\Users\Micie456\PycharmProjects\Diplom\diplom\mainapp\views.py changed, reloading.
[2026-04-26 15:34:16,539] INFO django.utils.autoreload: Watching for file changes with StatReloader
[2026-04-26 15:34:32,463] INFO django.utils.autoreload: C:\Users\Micie456\PycharmProjects\Diplom\diplom\mainapp\views.py changed, reloading.
[2026-04-26 15:34:32,960] INFO django.utils.autoreload: Watching for file changes with StatReloader
[2026-04-26 15:34:47,663] INFO django.utils.autoreload: C:\Users\Micie456\PycharmProjects\Diplom\diplom\mainapp\views.py changed, reloading.
[2026-04-26 15:34:48,129] INFO django.utils.autoreload: Watching for file changes with StatReloader
[2026-04-26 15:34:56,672] INFO django.utils.autoreload: C:\Users\Micie456\PycharmProjects\Diplom\diplom\mainapp\views.py changed, reloading.
[2026-04-26 15:34:57,118] INFO django.utils.autoreload: Watching for file changes with StatReloader
[2026-04-26 15:35:05,656] INFO django.utils.autoreload: C:\Users\Micie456\PycharmProjects\Diplom\diplom\mainapp\views.py changed, reloading.
[2026-04-26 15:35:06,107] INFO django.utils.autoreload: Watching for file changes with StatReloader
[2026-04-26 15:35:13,619] INFO django.utils.autoreload: C:\Users\Micie456\PycharmProjects\Diplom\diplom\mainapp\views.py changed, reloading.
[2026-04-26 15:35:14,068] INFO django.utils.autoreload: Watching for file changes with StatReloader
[2026-04-26 15:35:22,622] INFO django.utils.autoreload: C:\Users\Micie456\PycharmProjects\Diplom\diplom\mainapp\views.py changed, reloading.
[2026-04-26 15:35:23,087] INFO django.utils.autoreload: Watching for file changes with StatReloader
[2026-04-26 15:35:31,638] INFO django.utils.autoreload: C:\Users\Micie456\PycharmProjects\Diplom\diplom\mainapp\views.py changed, reloading.
[2026-04-26 15:35:32,089] INFO django.utils.autoreload: Watching for file changes with StatReloader
[2026-04-26 15:35:40,640] INFO django.utils.autoreload: C:\Users\Micie456\PycharmProjects\Diplom\diplom\mainapp\views.py changed, reloading.
[2026-04-26 15:35:41,100] INFO django.utils.autoreload: Watching for file changes with StatReloader
[2026-04-26 15:35:46,595] INFO django.utils.autoreload: C:\Users\Micie456\PycharmProjects\Diplom\diplom\mainapp\views.py changed, reloading.
[2026-04-26 15:35:47,069] INFO django.utils.autoreload: Watching for file changes with StatReloader
[2026-04-26 15:35:56,642] INFO django.utils.autoreload: C:\Users\Micie456\PycharmProjects\Diplom\diplom\mainapp\views.py changed, reloading.
[2026-04-26 15:35:57,094] INFO django.utils.autoreload: Watching for file changes with StatReloader
[2026-04-26 15:36:04,626] INFO django.utils.autoreload: C:\Users\Micie456\PycharmProjects\Diplom\diplom\mainapp\views.py changed, reloading.
[2026-04-26 15:36:05,205] INFO django.utils.autoreload: Watching for file changes with StatReloader
[2026-04-26 15:36:11,804] INFO django.utils.autoreload: C:\Users\Micie456\PycharmProjects\Diplom\diplom\mainapp\views.py changed, reloading.
[2026-04-26 15:36:12,406] INFO django.utils.autoreload: Watching for file changes with StatReloader
[2026-04-26 15:36:19,001] INFO django.utils.autoreload: C:\Users\Micie456\PycharmProjects\Diplom\diplom\mainapp\views.py changed, reloading.
[2026-04-26 15:36:19,761] INFO django.utils.autoreload: Watching for file changes with StatReloader
[2026-04-26 15:36:27,380] INFO django.utils.autoreload: C:\Users\Micie456\PycharmProjects\Diplom\diplom\mainapp\views.py changed, reloading.
[2026-04-26 15:36:27,872] INFO django.utils.autoreload: Watching for file changes with StatReloader
[2026-04-26 15:36:34,390] INFO django.utils.autoreload: C:\Users\Micie456\PycharmProjects\Diplom\diplom\mainapp\views.py changed, reloading.
[2026-04-26 15:36:34,866] INFO django.utils.autoreload: Watching for file changes with StatReloader
[2026-04-26 15:36:41,407] INFO django.utils.autoreload: C:\Users\Micie456\PycharmProjects\Diplom\diplom\mainapp\views.py changed, reloading.
[2026-04-26 15:36:41,934] INFO django.utils.autoreload: Watching for file changes with StatReloader
[2026-04-26 16:07:09,933] INFO django.utils.autoreload: Watching for file changes with StatReloader
[2026-04-26 16:07:41,161] INFO django.utils.autoreload: Watching for file changes with StatReloader
[2026-04-26 16:07:43,803] INFO django.server: "GET / HTTP/1.1" 200 5775
[2026-04-26 16:07:46,530] INFO django.server: "GET /compose/ HTTP/1.1" 200 27686
[2026-04-26 16:08:01,884] INFO django.server: "GET /api/search_recipes/?ingredients=%D0%BA%D1%83%D1%80%D0%B8%D1%86%D0%B0&kitchen=chinese HTTP/1.1" 200 27597
[2026-04-26 16:08:34,989] INFO django.server: "GET /recipe/638714/ HTTP/1.1" 200 44259
[2026-04-26 16:08:48,659] INFO django.server: "GET / HTTP/1.1" 200 5775
[2026-04-26 20:16:25,100] INFO django.utils.autoreload: Watching for file changes with StatReloader
[2026-04-26 20:24:39,236] INFO django.server: "GET / HTTP/1.1" 200 5775
[2026-04-26 20:24:41,064] INFO django.server: "GET /meal-plan/ HTTP/1.1" 200 53733
[2026-04-26 20:24:42,205] INFO django.server: "GET / HTTP/1.1" 200 5775
[2026-04-26 20:32:00,671] INFO django.utils.autoreload: Watching for file changes with StatReloader
[2026-04-26 20:32:01,950] INFO django.server: "GET / HTTP/1.1" 200 5775
[2026-04-26 20:32:05,545] INFO django.server: "GET / HTTP/1.1" 200 5775
[2026-04-26 20:32:05,749] INFO django.server: "GET /static/images/Diplom4.jpg HTTP/1.1" 200 9632
[2026-04-26 20:32:05,754] INFO django.server: "GET /static/images/Diplom_3.jpg HTTP/1.1" 200 16226
[2026-04-26 20:32:05,763] INFO django.server: "GET /static/css/style.css HTTP/1.1" 200 11526
[2026-04-26 20:32:05,763] INFO django.server: "GET /static/images/Diplom_2.jpg HTTP/1.1" 200 13406
[2026-04-26 20:32:05,763] INFO django.server: "GET /static/images/diplom_1.jpg HTTP/1.1" 200 21609
[2026-04-26 20:32:05,765] INFO django.server: "GET /static/images/Diplom_5.png HTTP/1.1" 200 175374
[2026-04-26 20:32:05,766] INFO django.server: "GET /static/images/Diplom_6.png HTTP/1.1" 200 245054
[2026-04-26 20:32:11,588] INFO django.server: "GET /static/images/background.jpg HTTP/1.1" 200 162739
[2026-04-26 20:32:11,618] WARNING django.request: Not Found: /favicon.ico
[2026-04-26 20:32:11,618] WARNING django.server: "GET /favicon.ico HTTP/1.1" 404 6697
[2026-04-26 20:32:23,232] INFO django.server: "GET / HTTP/1.1" 200 5775
[2026-04-26 20:32:23,480] INFO django.server: "GET /static/css/style.css HTTP/1.1" 304 0
[2026-04-26 20:34:20,681] INFO django.utils.autoreload: Watching for file changes with StatReloader
[2026-04-26 20:34:22,004] INFO django.server: "GET / HTTP/1.1" 200 5775
[2026-04-26 20:34:22,154] INFO django.server: "GET /static/css/style.css HTTP/1.1" 304 0
[2026-04-26 20:34:42,395] INFO django.server: "GET / HTTP/1.1" 200 5775
[2026-04-26 20:34:42,576] INFO django.server: "GET /static/css/style.css HTTP/1.1" 200 11526
[2026-04-26 20:34:42,579] INFO django.server: "GET /static/images/Diplom_2.jpg HTTP/1.1" 200 13406
[2026-04-26 20:34:42,581] INFO django.server: "GET /static/images/Diplom4.jpg HTTP/1.1" 200 9632
[2026-04-26 20:34:42,584] INFO django.server: "GET /static/images/Diplom_6.png HTTP/1.1" 200 245054
[2026-04-26 20:34:42,585] INFO django.server: "GET /static/images/Diplom_3.jpg HTTP/1.1" 200 16226
[2026-04-26 20:34:42,588] INFO django.server: "GET /static/images/diplom_1.jpg HTTP/1.1" 200 21609
[2026-04-26 20:34:42,589] INFO django.server: "GET /static/images/Diplom_5.png HTTP/1.1" 200 175374
[2026-04-26 20:34:42,591] INFO django.server: "GET /static/images/background.jpg HTTP/1.1" 200 162739
[2026-04-26 20:34:42,719] WARNING django.request: Not Found: /favicon.ico
[2026-04-26 20:34:42,720] WARNING django.server: "GET /favicon.ico HTTP/1.1" 404 6697
[2026-04-26 20:34:45,769] INFO django.server: "GET /meal-plan/ HTTP/1.1" 200 53733
[2026-04-26 20:34:47,732] INFO django.server: "GET / HTTP/1.1" 200 5775
[2026-04-26 20:34:50,887] INFO django.server: "GET /profile/ HTTP/1.1" 200 62203
[2026-04-26 20:35:08,186] INFO django.server: "GET / HTTP/1.1" 200 5775
[2026-04-26 20:35:08,223] INFO django.server: "GET /static/css/style.css HTTP/1.1" 304 0
[2026-04-26 20:35:08,970] INFO django.server: "GET /meal-plan/ HTTP/1.1" 200 53733
[2026-04-26 20:35:09,637] INFO django.server: "GET / HTTP/1.1" 200 5775
[2026-04-26 20:35:10,261] INFO django.server: "GET /meal-plan/ HTTP/1.1" 200 53733
[2026-04-26 20:35:12,127] INFO django.server: "GET /profile/ HTTP/1.1" 200 62203
[2026-04-26 20:35:13,285] INFO django.server: "GET /meal-plan/ HTTP/1.1" 200 53733
[2026-04-26 20:35:15,239] INFO django.server: "POST /api/meal-plan/generate/ HTTP/1.1" 200 15379
[2026-04-26 20:35:15,252] WARNING django.request: Not Found: /media/diplom_1.jpg
[2026-04-26 20:35:15,252] WARNING django.server: "GET /media/diplom_1.jpg HTTP/1.1" 404 6957
[2026-04-26 20:35:18,051] INFO django.server: "POST /api/meal-plan/generate/ HTTP/1.1" 200 15184
[2026-04-26 20:35:18,061] WARNING django.request: Not Found: /media/Diplom_2.jpg
[2026-04-26 20:35:18,062] WARNING django.server: "GET /media/Diplom_2.jpg HTTP/1.1" 404 6957
[2026-04-26 20:35:18,853] INFO django.server: "POST /api/meal-plan/generate/ HTTP/1.1" 200 14225
[2026-04-26 20:35:18,862] WARNING django.request: Not Found: /media/Diplom_2.jpg
[2026-04-26 20:35:18,862] WARNING django.server: "GET /media/Diplom_2.jpg HTTP/1.1" 404 6957
[2026-04-26 20:35:22,515] INFO django.server: "POST /api/meal-plan/generate/ HTTP/1.1" 200 17105
[2026-04-26 20:35:22,527] WARNING django.request: Not Found: /media/Diplom_5.png
[2026-04-26 20:35:22,529] WARNING django.request: Not Found: /media/Diplom4.jpg
[2026-04-26 20:35:22,530] WARNING django.server: "GET /media/Diplom_5.png HTTP/1.1" 404 6957
[2026-04-26 20:35:22,530] WARNING django.server: "GET /media/Diplom4.jpg HTTP/1.1" 404 6953
[2026-04-26 20:35:27,505] INFO django.server: "POST /api/meal-plan/generate/ HTTP/1.1" 200 16191
[2026-04-26 20:35:27,513] WARNING django.request: Not Found: /media/Diplom4.jpg
[2026-04-26 20:35:27,514] WARNING django.server: "GET /media/Diplom4.jpg HTTP/1.1" 404 6953
[2026-04-26 20:35:28,019] INFO django.server: "POST /api/meal-plan/generate/ HTTP/1.1" 200 17021
[2026-04-26 20:35:28,028] WARNING django.request: Not Found: /media/Diplom4.jpg
[2026-04-26 20:35:28,031] WARNING django.request: Not Found: /media/Diplom_5.png
[2026-04-26 20:35:28,031] WARNING django.server: "GET /media/Diplom4.jpg HTTP/1.1" 404 6953
[2026-04-26 20:35:28,031] WARNING django.server: "GET /media/Diplom_5.png HTTP/1.1" 404 6957
[2026-04-26 20:35:28,448] INFO django.server: "POST /api/meal-plan/generate/ HTTP/1.1" 200 16122
[2026-04-26 20:35:28,458] WARNING django.request: Not Found: /media/Diplom_5.png
[2026-04-26 20:35:28,458] WARNING django.server: "GET /media/Diplom_5.png HTTP/1.1" 404 6957
[2026-04-26 20:35:28,828] INFO django.server: "POST /api/meal-plan/generate/ HTTP/1.1" 200 15358
[2026-04-26 20:35:28,839] WARNING django.request: Not Found: /media/Diplom4.jpg
[2026-04-26 20:35:28,840] WARNING django.server: "GET /media/Diplom4.jpg HTTP/1.1" 404 6953
[2026-04-26 20:35:29,186] INFO django.server: "POST /api/meal-plan/generate/ HTTP/1.1" 200 15777
[2026-04-26 20:35:29,194] WARNING django.request: Not Found: /media/Diplom_5.png
[2026-04-26 20:35:29,195] WARNING django.server: "GET /media/Diplom_5.png HTTP/1.1" 404 6957
[2026-04-26 20:35:29,571] INFO django.server: "POST /api/meal-plan/generate/ HTTP/1.1" 200 15861
[2026-04-26 20:35:29,581] WARNING django.request: Not Found: /media/Diplom_5.png
[2026-04-26 20:35:29,582] WARNING django.server: "GET /media/Diplom_5.png HTTP/1.1" 404 6957
[2026-04-26 20:35:29,986] INFO django.server: "POST /api/meal-plan/generate/ HTTP/1.1" 200 16034
[2026-04-26 20:35:29,995] WARNING django.request: Not Found: /media/Diplom4.jpg
[2026-04-26 20:35:29,995] WARNING django.server: "GET /media/Diplom4.jpg HTTP/1.1" 404 6953
[2026-04-26 20:35:35,225] INFO django.server: "POST /api/meal-plan/generate/ HTTP/1.1" 200 15857
[2026-04-26 20:35:35,236] WARNING django.request: Not Found: /media/Diplom4.jpg
[2026-04-26 20:35:35,236] WARNING django.server: "GET /media/Diplom4.jpg HTTP/1.1" 404 6953
[2026-04-26 20:35:37,094] INFO django.server: "POST /api/meal-plan/generate/ HTTP/1.1" 200 15866
[2026-04-26 20:35:37,102] WARNING django.request: Not Found: /media/Diplom_5.png
[2026-04-26 20:35:37,103] WARNING django.server: "GET /media/Diplom_5.png HTTP/1.1" 404 6957
[2026-04-26 20:35:38,187] INFO django.server: "POST /api/meal-plan/generate/ HTTP/1.1" 200 15471
[2026-04-26 20:35:38,195] INFO django.server: "GET /media/recipes/21_%D0%93%D0%BE%D1%80%D0%BE%D1%85%D0%BE%D0%B2%D1%8B%D0%B9_%D1%81%D1%83%D0%BF.jpg HTTP/1.1" 304 0
[2026-04-26 20:35:38,197] INFO django.server: "GET /media/recipes/6_%D0%9E%D0%B2%D1%81%D1%8F%D0%BD%D0%BA%D0%B0_%D0%BD%D0%B0_%D0%BC%D0%BE%D0%BB%D0%BE%D0%BA%D0%B5.jpg HTTP/1.1" 304 0
[2026-04-26 20:35:38,197] INFO django.server: "GET /media/recipes/kasha_risovaya.png HTTP/1.1" 304 0
[2026-04-26 20:35:38,200] WARNING django.request: Not Found: /media/Diplom_5.png
[2026-04-26 20:35:38,201] WARNING django.server: "GET /media/Diplom_5.png HTTP/1.1" 404 6957
[2026-04-26 20:35:38,809] INFO django.server: "POST /api/meal-plan/generate/ HTTP/1.1" 200 13278
[2026-04-26 20:35:41,792] INFO django.server: "POST /api/meal-plan/generate/ HTTP/1.1" 200 13157
[2026-04-26 20:35:42,335] INFO django.server: "POST /api/meal-plan/generate/ HTTP/1.1" 200 14013
[2026-04-26 20:35:42,916] INFO django.server: "POST /api/meal-plan/generate/ HTTP/1.1" 200 13104
[2026-04-26 20:35:43,368] INFO django.server: "POST /api/meal-plan/generate/ HTTP/1.1" 200 13199
[2026-04-26 20:35:44,121] INFO django.server: "POST /api/meal-plan/generate/ HTTP/1.1" 200 15075
[2026-04-26 20:35:44,131] WARNING django.request: Not Found: /media/Diplom_5.png
[2026-04-26 20:35:44,131] WARNING django.server: "GET /media/Diplom_5.png HTTP/1.1" 404 6957
[2026-04-26 20:35:46,276] INFO django.server: "POST /api/meal-plan/generate/ HTTP/1.1" 200 12840
[2026-04-26 20:35:46,704] INFO django.server: "POST /api/meal-plan/generate/ HTTP/1.1" 200 13104
[2026-04-26 20:35:47,421] INFO django.server: "POST /api/meal-plan/generate/ HTTP/1.1" 200 15215
[2026-04-26 20:35:47,430] WARNING django.request: Not Found: /media/Diplom4.jpg
[2026-04-26 20:35:47,431] WARNING django.server: "GET /media/Diplom4.jpg HTTP/1.1" 404 6953
[2026-04-26 20:35:48,672] INFO django.server: "POST /api/meal-plan/generate/ HTTP/1.1" 200 13710
[2026-04-26 20:35:58,275] INFO django.server: "GET / HTTP/1.1" 200 5775
[2026-04-26 20:35:58,315] INFO django.server: "GET /static/css/style.css HTTP/1.1" 304 0
[2026-04-26 20:39:58,486] INFO django.utils.autoreload: C:\Users\Micie456\PycharmProjects\Diplom\diplom\mainapp\views.py changed, reloading.
[2026-04-26 20:39:58,991] INFO django.utils.autoreload: Watching for file changes with StatReloader
[2026-04-26 21:14:53,272] INFO django.utils.autoreload: Watching for file changes with StatReloader
[2026-04-26 21:14:54,941] INFO django.server: "GET / HTTP/1.1" 200 5775
[2026-04-26 21:14:55,171] INFO django.server: "GET /static/css/style.css HTTP/1.1" 200 11683
[2026-04-26 21:14:58,859] INFO django.server: "GET /recipe/1/ HTTP/1.1" 200 22653
[2026-04-26 21:14:58,904] WARNING django.request: Not Found: /media/diplom_1.jpg
[2026-04-26 21:14:58,905] WARNING django.server: "GET /media/diplom_1.jpg HTTP/1.1" 404 6957
[2026-04-26 21:15:32,126] INFO django.server: "GET / HTTP/1.1" 200 5775
[2026-04-26 21:15:32,158] INFO django.server: "GET /static/css/style.css HTTP/1.1" 200 11683
[2026-04-26 21:15:32,159] INFO django.server: "GET /static/images/Diplom4.jpg HTTP/1.1" 200 9632
[2026-04-26 21:15:32,164] INFO django.server: "GET /static/images/diplom_1.jpg HTTP/1.1" 200 21609
[2026-04-26 21:15:32,165] INFO django.server: "GET /static/images/Diplom_3.jpg HTTP/1.1" 200 16226
[2026-04-26 21:15:32,165] INFO django.server: "GET /static/images/Diplom_2.jpg HTTP/1.1" 200 13406
[2026-04-26 21:15:32,167] INFO django.server: "GET /static/images/Diplom_5.png HTTP/1.1" 200 175374
[2026-04-26 21:15:32,168] INFO django.server: "GET /static/images/Diplom_6.png HTTP/1.1" 200 245054
[2026-04-26 21:15:32,298] INFO django.server: "GET /static/images/background.jpg HTTP/1.1" 200 162739
[2026-04-26 21:15:32,372] WARNING django.request: Not Found: /favicon.ico
[2026-04-26 21:15:32,372] WARNING django.server: "GET /favicon.ico HTTP/1.1" 404 6697
[2026-04-26 21:29:44,928] INFO django.server: "GET /recipe/1/ HTTP/1.1" 200 22653
[2026-04-26 21:29:44,968] WARNING django.request: Not Found: /media/diplom_1.jpg
[2026-04-26 21:29:44,969] WARNING django.server: "GET /media/diplom_1.jpg HTTP/1.1" 404 6957
[2026-04-26 21:29:44,969] INFO django.server: "GET /static/css/style.css HTTP/1.1" 200 11683
[2026-04-26 21:29:44,977] INFO django.server: "GET /static/images/background.jpg HTTP/1.1" 200 162739
[2026-04-26 21:36:22,698] INFO django.utils.autoreload: Watching for file changes with StatReloader
[2026-04-26 21:36:28,857] INFO django.server: "GET / HTTP/1.1" 200 7088
[2026-04-26 21:36:29,102] INFO django.server: "GET /static/css/style.css HTTP/1.1" 304 0
[2026-04-26 21:36:29,251] INFO django.server: "GET /static/images/Diplom4.jpg HTTP/1.1" 200 9632
[2026-04-26 21:36:29,254] INFO django.server: "GET /static/images/Diplom_6.png HTTP/1.1" 200 245054
[2026-04-26 21:36:29,257] INFO django.server: "GET /static/images/Diplom_2.jpg HTTP/1.1" 200 13406
[2026-04-26 21:36:29,259] INFO django.server: "GET /static/images/Diplom_3.jpg HTTP/1.1" 200 16226
[2026-04-26 21:36:29,259] INFO django.server: "GET /static/images/Diplom_5.png HTTP/1.1" 200 175374
[2026-04-26 21:36:29,259] INFO django.server: "GET /static/images/diplom_1.jpg HTTP/1.1" 200 21609
[2026-04-26 21:36:59,256] INFO django.server: "GET /recipe/51/ HTTP/1.1" 200 22418
[2026-04-26 21:38:19,125] INFO django.server: "GET /api/recipe/fetch/51/ HTTP/1.1" 200 14940
[2026-04-26 21:40:46,023] INFO django.server: "GET /meal-plan/ HTTP/1.1" 200 53733
[2026-04-26 21:40:46,839] INFO django.server: "GET / HTTP/1.1" 200 7088
[2026-04-26 21:40:47,259] INFO django.server: "GET /compose/ HTTP/1.1" 200 27686
[2026-04-26 21:41:06,446] INFO django.server: "GET /api/search_recipes/?ingredients=%D0%BA%D1%83%D1%80%D0%B8%D1%86%D0%B0&kitchen=chinese HTTP/1.1" 200 27597
[2026-04-26 21:41:37,562] INFO django.server: "GET /recipe/638714/ HTTP/1.1" 200 44259
[2026-04-26 21:42:51,964] INFO django.server: "GET / HTTP/1.1" 200 7088
[2026-04-26 21:42:52,001] INFO django.server: "GET /static/css/style.css HTTP/1.1" 304 0
[2026-04-26 21:43:07,778] INFO django.server: "GET /compose/ HTTP/1.1" 200 27686
[2026-04-26 21:43:10,677] INFO django.server: "GET / HTTP/1.1" 200 7088
[2026-04-26 21:43:11,858] INFO django.server: "GET /profile/ HTTP/1.1" 200 62203
[2026-04-26 21:44:13,302] INFO django.server: "GET / HTTP/1.1" 200 7088
[2026-04-26 21:44:16,026] INFO django.server: "GET /compose/ HTTP/1.1" 200 27686
[2026-04-26 21:44:17,235] INFO django.server: "GET / HTTP/1.1" 200 7088
[2026-04-26 21:44:17,682] INFO django.server: "GET /meal-plan/ HTTP/1.1" 200 53733
[2026-04-26 21:44:21,426] INFO django.server: "POST /api/meal-plan/generate/ HTTP/1.1" 200 13763
[2026-04-26 21:44:21,438] WARNING django.request: Not Found: /media/Diplom_5.png
[2026-04-26 21:44:21,439] WARNING django.server: "GET /media/Diplom_5.png HTTP/1.1" 404 6957
[2026-04-26 21:44:29,696] INFO django.server: "POST /api/meal-plan/generate/ HTTP/1.1" 200 13760
[2026-04-26 21:44:29,705] WARNING django.request: Not Found: /media/Diplom4.jpg
[2026-04-26 21:44:29,705] WARNING django.server: "GET /media/Diplom4.jpg HTTP/1.1" 404 6953
[2026-04-26 21:44:40,927] INFO django.server: "POST /api/meal-plan/generate/ HTTP/1.1" 200 15515
[2026-04-26 21:44:40,936] WARNING django.request: Not Found: /media/Diplom4.jpg
[2026-04-26 21:44:40,936] WARNING django.server: "GET /media/Diplom4.jpg HTTP/1.1" 404 6953
[2026-04-26 21:44:42,630] INFO django.server: "POST /api/meal-plan/generate/ HTTP/1.1" 200 15709
[2026-04-26 21:44:42,640] WARNING django.request: Not Found: /media/Diplom_5.png
[2026-04-26 21:44:42,641] WARNING django.server: "GET /media/Diplom_5.png HTTP/1.1" 404 6957
[2026-04-26 21:44:48,299] INFO django.server: "POST /api/meal-plan/generate/ HTTP/1.1" 200 17105
[2026-04-26 21:44:48,308] WARNING django.request: Not Found: /media/Diplom4.jpg
[2026-04-26 21:44:48,312] WARNING django.request: Not Found: /media/Diplom_5.png
[2026-04-26 21:44:48,313] WARNING django.server: "GET /media/Diplom4.jpg HTTP/1.1" 404 6953
[2026-04-26 21:44:48,313] WARNING django.server: "GET /media/Diplom_5.png HTTP/1.1" 404 6957
[2026-04-26 21:44:49,136] INFO django.server: "POST /api/meal-plan/generate/ HTTP/1.1" 200 15706
[2026-04-26 21:44:49,145] WARNING django.request: Not Found: /media/Diplom4.jpg
[2026-04-26 21:44:49,145] WARNING django.server: "GET /media/Diplom4.jpg HTTP/1.1" 404 6953
[2026-04-26 21:46:02,414] INFO django.server: "POST /api/meal-plan/generate/ HTTP/1.1" 200 16948
[2026-04-26 21:46:02,426] WARNING django.request: Not Found: /media/Diplom4.jpg
[2026-04-26 21:46:02,429] WARNING django.request: Not Found: /media/Diplom_5.png
[2026-04-26 21:46:02,429] WARNING django.server: "GET /media/Diplom4.jpg HTTP/1.1" 404 6953
[2026-04-26 21:46:02,429] WARNING django.server: "GET /media/Diplom_5.png HTTP/1.1" 404 6957
[2026-04-26 21:46:04,134] INFO django.server: "POST /api/meal-plan/generate/ HTTP/1.1" 200 14618
[2026-04-26 21:46:05,599] INFO django.server: "POST /api/meal-plan/generate/ HTTP/1.1" 200 17022
[2026-04-26 21:46:05,607] WARNING django.request: Not Found: /media/Diplom_5.png
[2026-04-26 21:46:05,610] WARNING django.request: Not Found: /media/Diplom4.jpg
[2026-04-26 21:46:05,611] WARNING django.server: "GET /media/Diplom_5.png HTTP/1.1" 404 6957
[2026-04-26 21:46:05,611] WARNING django.server: "GET /media/Diplom4.jpg HTTP/1.1" 404 6953
[2026-04-26 21:46:06,425] INFO django.server: "POST /api/meal-plan/generate/ HTTP/1.1" 200 15930
[2026-04-26 21:46:06,435] WARNING django.request: Not Found: /media/Diplom4.jpg
[2026-04-26 21:46:06,435] WARNING django.server: "GET /media/Diplom4.jpg HTTP/1.1" 404 6953
[2026-04-26 21:46:16,790] INFO django.server: "POST /api/meal-plan/generate/ HTTP/1.1" 200 15750
[2026-04-26 21:46:16,798] WARNING django.request: Not Found: /media/Diplom_5.png
[2026-04-26 21:46:16,799] WARNING django.server: "GET /media/Diplom_5.png HTTP/1.1" 404 6957
[2026-04-26 21:46:22,703] INFO django.server: "POST /api/meal-plan/generate/ HTTP/1.1" 200 13274
[2026-04-26 21:46:24,368] INFO django.server: "POST /api/meal-plan/generate/ HTTP/1.1" 200 12642
[2026-04-26 21:46:25,318] INFO django.server: "POST /api/meal-plan/generate/ HTTP/1.1" 200 13113
[2026-04-26 21:46:34,932] INFO django.server: "POST /api/meal-plan/generate/ HTTP/1.1" 200 13113
[2026-04-26 21:46:35,437] INFO django.server: "POST /api/meal-plan/generate/ HTTP/1.1" 200 12642
[2026-04-26 21:46:35,958] INFO django.server: "POST /api/meal-plan/generate/ HTTP/1.1" 200 12646
[2026-04-26 21:46:36,541] INFO django.server: "POST /api/meal-plan/generate/ HTTP/1.1" 200 13274
[2026-04-26 21:46:37,639] INFO django.server: "POST /api/meal-plan/generate/ HTTP/1.1" 200 13286
[2026-04-26 21:46:39,265] INFO django.server: "POST /api/shopping-list/generate/ HTTP/1.1" 200 2464
[2026-04-26 21:46:45,790] INFO django.server: "POST /api/meal-plan/generate/ HTTP/1.1" 200 14454
[2026-04-26 21:46:45,799] WARNING django.request: Not Found: /media/Diplom_5.png
[2026-04-26 21:46:45,799] WARNING django.server: "GET /media/Diplom_5.png HTTP/1.1" 404 6957
[2026-04-26 21:46:51,257] INFO django.server: "POST /api/meal-plan/generate/ HTTP/1.1" 200 13203
[2026-04-26 21:46:53,366] INFO django.server: "POST /api/shopping-list/generate/ HTTP/1.1" 200 2597
[2026-04-26 21:46:58,643] INFO django.server: "POST /api/meal-plan/generate/ HTTP/1.1" 200 13203
[2026-04-26 21:47:00,489] INFO django.server: "POST /api/meal-plan/generate/ HTTP/1.1" 200 14454
[2026-04-26 21:47:00,498] WARNING django.request: Not Found: /media/Diplom_5.png
[2026-04-26 21:47:00,498] WARNING django.server: "GET /media/Diplom_5.png HTTP/1.1" 404 6957
[2026-04-26 21:47:02,337] INFO django.server: "POST /api/shopping-list/generate/ HTTP/1.1" 200 2880
[2026-04-26 21:47:13,977] INFO django.server: "POST /api/meal-plan/generate/ HTTP/1.1" 200 13938
[2026-04-26 21:47:22,535] INFO django.server: "POST /api/meal-plan/generate/ HTTP/1.1" 200 13206
[2026-04-26 21:47:33,293] INFO django.server: "POST /api/meal-plan/generate/ HTTP/1.1" 200 12732
[2026-04-26 21:47:34,724] INFO django.server: "POST /api/meal-plan/generate/ HTTP/1.1" 200 13203
[2026-04-26 21:47:44,586] INFO django.server: "POST /api/meal-plan/generate/ HTTP/1.1" 200 13206
[2026-04-26 21:47:54,216] INFO django.server: "POST /api/meal-plan/generate/ HTTP/1.1" 200 14451
[2026-04-26 21:47:54,226] WARNING django.request: Not Found: /media/Diplom4.jpg
[2026-04-26 21:47:54,226] WARNING django.server: "GET /media/Diplom4.jpg HTTP/1.1" 404 6953
[2026-04-26 21:48:02,673] INFO django.server: "POST /api/meal-plan/generate/ HTTP/1.1" 200 13203
[2026-04-26 21:48:05,289] INFO django.server: "POST /api/meal-plan/generate/ HTTP/1.1" 200 14922
[2026-04-26 21:48:05,298] WARNING django.request: Not Found: /media/Diplom4.jpg
[2026-04-26 21:48:05,298] WARNING django.server: "GET /media/Diplom4.jpg HTTP/1.1" 404 6953
[2026-04-26 21:48:05,927] INFO django.server: "POST /api/meal-plan/generate/ HTTP/1.1" 200 13938
[2026-04-26 21:48:09,253] INFO django.server: "POST /api/meal-plan/generate/ HTTP/1.1" 200 13467
[2026-04-26 21:48:16,712] INFO django.server: "POST /api/meal-plan/generate/ HTTP/1.1" 200 14922
[2026-04-26 21:48:16,722] WARNING django.request: Not Found: /media/Diplom4.jpg
[2026-04-26 21:48:16,722] WARNING django.server: "GET /media/Diplom4.jpg HTTP/1.1" 404 6953
[2026-04-26 21:48:20,885] INFO django.server: "POST /api/meal-plan/generate/ HTTP/1.1" 200 13203
[2026-04-26 21:48:33,573] INFO django.server: "POST /api/meal-plan/generate/ HTTP/1.1" 200 13938
[2026-04-26 21:48:50,702] INFO django.server: "POST /api/meal-plan/generate/ HTTP/1.1" 200 13203
[2026-04-26 21:48:52,350] INFO django.server: "POST /api/meal-plan/generate/ HTTP/1.1" 200 14451
[2026-04-26 21:48:52,360] WARNING django.request: Not Found: /media/Diplom4.jpg
[2026-04-26 21:48:52,360] WARNING django.server: "GET /media/Diplom4.jpg HTTP/1.1" 404 6953
[2026-04-26 21:48:53,138] INFO django.server: "POST /api/meal-plan/generate/ HTTP/1.1" 200 14925
[2026-04-26 21:48:53,147] WARNING django.request: Not Found: /media/Diplom_5.png
[2026-04-26 21:48:53,147] WARNING django.server: "GET /media/Diplom_5.png HTTP/1.1" 404 6957
[2026-04-26 21:49:03,508] INFO django.server: "POST /api/meal-plan/generate/ HTTP/1.1" 200 13938
[2026-04-26 21:49:09,901] INFO django.server: "POST /api/meal-plan/generate/ HTTP/1.1" 200 13206
[2026-04-26 21:49:18,132] INFO django.server: "POST /api/shopping-list/generate/ HTTP/1.1" 200 2912
[2026-04-27 18:09:29,996] INFO django.utils.autoreload: Watching for file changes with StatReloader
[2026-04-27 18:09:36,363] INFO django.server: "GET / HTTP/1.1" 200 7088
[2026-04-27 18:09:36,528] INFO django.server: "GET /static/css/style.css HTTP/1.1" 304 0
[2026-04-27 18:09:36,831] WARNING django.request: Not Found: /favicon.ico
[2026-04-27 18:09:36,831] WARNING django.server: "GET /favicon.ico HTTP/1.1" 404 6697
[2026-04-27 18:09:40,019] INFO django.server: "GET /profile/ HTTP/1.1" 200 53077
[2026-04-27 18:09:40,062] INFO django.server: "GET /media/recipes/13_%D0%9A%D1%83%D1%80%D0%B8%D0%BD%D0%BE%D0%B5_%D1%84%D0%B8%D0%BB%D0%B5_%D1%81_%D1%80%D0%B8%D1%81%D0%BE%D0%BC.jpg HTTP/1.1" 304 0
[2026-04-27 18:09:44,764] INFO django.server: "POST /api/shopping-list/clear/ HTTP/1.1" 200 17
[2026-04-27 18:09:46,658] INFO django.server: "GET / HTTP/1.1" 200 7088
[2026-04-27 18:09:47,843] INFO django.server: "GET /compose/ HTTP/1.1" 200 27686
[2026-04-27 18:09:47,883] INFO django.server: "GET /media/ingridients/kokososovoe__moloko.png HTTP/1.1" 304 0
[2026-04-27 18:10:05,693] INFO django.server: "GET /api/search_recipes/?ingredients=%D0%BA%D1%83%D1%80%D0%B8%D1%86%D0%B0&kitchen=chinese HTTP/1.1" 200 27597
[2026-04-27 18:16:14,961] INFO django.utils.autoreload: C:\Users\Micie456\PycharmProjects\Diplom\diplom\mainapp\views.py changed, reloading.
[2026-04-27 18:16:15,556] INFO django.utils.autoreload: Watching for file changes with StatReloader
[2026-04-27 18:18:12,251] INFO django.utils.autoreload: C:\Users\Micie456\PycharmProjects\Diplom\diplom\mainapp\views.py changed, reloading.
[2026-04-27 18:18:13,080] INFO django.utils.autoreload: Watching for file changes with StatReloader
[2026-04-27 18:26:10,775] INFO django.server: "GET /recipe/638714/ HTTP/1.1" 200 44259
[2026-04-27 18:31:49,228] INFO django.utils.autoreload: C:\Users\Micie456\PycharmProjects\Diplom\diplom\mainapp\views.py changed, reloading.
[2026-04-27 18:31:49,848] INFO django.utils.autoreload: Watching for file changes with StatReloader
[2026-04-27 18:31:54,637] INFO django.server: "GET / HTTP/1.1" 200 7088
[2026-04-27 18:31:58,860] INFO django.server: "GET /compose/ HTTP/1.1" 200 27686
[2026-04-27 18:32:14,529] INFO django.server: "GET /api/search_recipes/?ingredients=%D0%BA%D1%83%D1%80%D0%B8%D1%86%D0%B0&kitchen=chinese HTTP/1.1" 200 27597
[2026-04-27 18:33:34,485] INFO django.server: "GET /recipe/643832/ HTTP/1.1" 200 41189
[2026-04-27 18:34:15,757] INFO django.server: "GET / HTTP/1.1" 200 7088
[2026-04-28 13:53:54,770] INFO django.utils.autoreload: Watching for file changes with StatReloader
[2026-04-28 13:53:56,647] INFO django.server: "GET / HTTP/1.1" 200 7088
[2026-04-28 13:53:56,803] INFO django.server: "GET /static/css/style.css HTTP/1.1" 304 0
[2026-04-28 13:53:56,959] INFO django.server: "GET /static/images/Diplom_5.png HTTP/1.1" 200 175374
[2026-04-28 13:53:56,960] INFO django.server: "GET /static/images/Diplom_2.jpg HTTP/1.1" 200 13406
[2026-04-28 13:53:56,961] INFO django.server: "GET /static/images/background.jpg HTTP/1.1" 304 0
[2026-04-28 13:53:56,961] INFO django.server: "GET /static/images/Diplom_3.jpg HTTP/1.1" 200 16226
[2026-04-28 13:53:56,966] INFO django.server: "GET /static/images/diplom_1.jpg HTTP/1.1" 200 21609
[2026-04-28 13:53:56,967] INFO django.server: "GET /static/images/Diplom4.jpg HTTP/1.1" 200 9632
[2026-04-28 13:53:56,981] INFO django.server: "GET /static/images/Diplom_6.png HTTP/1.1" 200 245054
[2026-04-28 13:53:57,072] WARNING django.request: Not Found: /favicon.ico
[2026-04-28 13:53:57,072] WARNING django.server: "GET /favicon.ico HTTP/1.1" 404 6697
[2026-04-28 13:55:37,617] INFO django.utils.autoreload: C:\Users\Micie456\PycharmProjects\Diplom\diplom\mainapp\migrations\0013_assign_recipe_images.py changed, reloading.
[2026-04-28 13:55:38,091] INFO django.utils.autoreload: Watching for file changes with StatReloader
[2026-04-28 15:25:52,728] INFO django.utils.autoreload: Watching for file changes with StatReloader
[2026-04-28 15:25:55,629] INFO django.server: "GET / HTTP/1.1" 200 7088
[2026-04-28 15:25:58,776] INFO django.server: "GET / HTTP/1.1" 200 7088
[2026-04-28 15:25:58,952] INFO django.server: "GET /static/images/Diplom_3.jpg HTTP/1.1" 200 16226
[2026-04-28 15:25:58,954] INFO django.server: "GET /static/css/style.css HTTP/1.1" 200 11683
[2026-04-28 15:25:58,962] INFO django.server: "GET /static/images/diplom_1.jpg HTTP/1.1" 200 21609
[2026-04-28 15:25:58,963] INFO django.server: "GET /static/images/Diplom4.jpg HTTP/1.1" 200 9632
[2026-04-28 15:25:58,965] INFO django.server: "GET /static/images/Diplom_2.jpg HTTP/1.1" 200 13406
[2026-04-28 15:25:58,966] INFO django.server: "GET /static/images/Diplom_5.png HTTP/1.1" 200 175374
[2026-04-28 15:25:58,976] INFO django.server: "GET /static/images/background.jpg HTTP/1.1" 200 162739
[2026-04-28 15:25:58,977] INFO django.server: "GET /static/images/Diplom_6.png HTTP/1.1" 200 245054
[2026-04-28 15:25:59,045] WARNING django.request: Not Found: /favicon.ico
[2026-04-28 15:25:59,045] WARNING django.server: "GET /favicon.ico HTTP/1.1" 404 6697
[2026-04-28 16:00:59,564] INFO django.server: "GET /admin/ HTTP/1.1" 200 18176
[2026-04-28 16:00:59,605] INFO django.server: "GET /static/admin/css/dark_mode.css HTTP/1.1" 200 3538
[2026-04-28 16:00:59,605] INFO django.server: "GET /static/admin/css/base.css HTTP/1.1" 200 23100
[2026-04-28 16:00:59,608] INFO django.server: "GET /static/admin/css/responsive.css HTTP/1.1" 200 16273
[2026-04-28 16:00:59,608] INFO django.server: "GET /static/admin/css/dashboard.css HTTP/1.1" 200 441
[2026-04-28 16:00:59,609] INFO django.server: "GET /static/admin/css/nav_sidebar.css HTTP/1.1" 200 2810
[2026-04-28 16:00:59,615] INFO django.server: "GET /static/admin/js/theme.js HTTP/1.1" 200 1653
[2026-04-28 16:00:59,632] INFO django.server: "GET /static/admin/img/icon-changelink.svg HTTP/1.1" 200 978
[2026-04-28 16:00:59,632] INFO django.server: "GET /static/admin/img/icon-deletelink.svg HTTP/1.1" 200 689
[2026-04-28 16:00:59,632] INFO django.server: "GET /static/admin/img/icon-addlink.svg HTTP/1.1" 200 593
[2026-04-28 16:00:59,636] INFO django.server: "GET /static/admin/js/nav_sidebar.js HTTP/1.1" 200 3063
[2026-04-28 16:01:03,747] INFO django.server: "GET /admin/mainapp/recipes/ HTTP/1.1" 200 49084
[2026-04-28 16:01:03,795] INFO django.server: "GET /static/admin/css/changelists.css HTTP/1.1" 200 7498
[2026-04-28 16:01:03,798] INFO django.server: "GET /static/admin/js/jquery.init.js HTTP/1.1" 200 347
[2026-04-28 16:01:03,814] INFO django.server: "GET /static/admin/js/core.js HTTP/1.1" 200 6208
[2026-04-28 16:01:03,814] INFO django.server: "GET /static/admin/js/admin/RelatedObjectLookups.js HTTP/1.1" 200 9777
[2026-04-28 16:01:03,818] INFO django.server: "GET /static/admin/js/urlify.js HTTP/1.1" 200 7887
[2026-04-28 16:01:03,820] INFO django.server: "GET /static/admin/js/actions.js HTTP/1.1" 200 8076
[2026-04-28 16:01:03,861] INFO django.server: "GET /admin/jsi18n/ HTTP/1.1" 200 16820
[2026-04-28 16:01:03,875] INFO django.server: "GET /static/admin/js/vendor/jquery/jquery.js HTTP/1.1" 200 285314
[2026-04-28 16:01:03,890] INFO django.server: "GET /static/admin/img/search.svg HTTP/1.1" 200 607
[2026-04-28 16:01:03,892] INFO django.server: "GET /static/admin/js/prepopulate.js HTTP/1.1" 200 1531
[2026-04-28 16:01:03,910] INFO django.server: "GET /static/admin/js/filters.js HTTP/1.1" 200 978
[2026-04-28 16:01:03,960] INFO django.server: "GET /static/admin/js/vendor/xregexp/xregexp.js HTTP/1.1" 200 325171
[2026-04-28 16:01:03,982] INFO django.server: "GET /static/admin/img/icon-viewlink.svg HTTP/1.1" 200 928
[2026-04-28 16:01:03,982] INFO django.server: "GET /static/admin/img/tooltag-add.svg HTTP/1.1" 200 593
[2026-04-28 16:01:08,049] INFO django.server: "GET /admin/mainapp/recipes/53/change/ HTTP/1.1" 200 23470
[2026-04-28 16:01:08,091] INFO django.server: "GET /static/admin/css/forms.css HTTP/1.1" 200 8831
[2026-04-28 16:01:08,097] INFO django.server: "GET /static/admin/js/prepopulate_init.js HTTP/1.1" 200 586
[2026-04-28 16:01:08,101] INFO django.server: "GET /static/admin/css/widgets.css HTTP/1.1" 200 11811
[2026-04-28 16:01:08,118] INFO django.server: "GET /static/admin/js/change_form.js HTTP/1.1" 200 606
[2026-04-28 16:01:08,124] INFO django.server: "GET /admin/jsi18n/ HTTP/1.1" 200 16820
[2026-04-28 16:01:12,266] INFO django.server: "GET /admin/mainapp/recipes/ HTTP/1.1" 200 49084
[2026-04-28 16:01:18,358] INFO django.server: "GET / HTTP/1.1" 200 7088
[2026-04-28 16:01:21,044] INFO django.server: "GET /admin/ HTTP/1.1" 200 18176
[2026-04-28 16:01:22,607] INFO django.server: "GET /admin/mainapp/recipes/ HTTP/1.1" 200 49084
[2026-04-28 16:01:22,678] INFO django.server: "GET /admin/jsi18n/ HTTP/1.1" 200 16820
[2026-04-28 16:01:23,970] INFO django.server: "GET /admin/mainapp/recipes/53/change/ HTTP/1.1" 200 23470
[2026-04-28 16:01:24,037] INFO django.server: "GET /admin/jsi18n/ HTTP/1.1" 200 16820
[2026-04-28 16:01:54,567] INFO django.server: "POST /admin/mainapp/recipes/53/change/ HTTP/1.1" 302 0
[2026-04-28 16:01:54,646] INFO django.server: "GET /admin/mainapp/recipes/ HTTP/1.1" 200 49346
[2026-04-28 16:01:54,734] INFO django.server: "GET /admin/jsi18n/ HTTP/1.1" 200 16820
[2026-04-28 16:01:54,789] INFO django.server: "GET /static/admin/img/icon-yes-dark.svg HTTP/1.1" 200 558
[2026-04-28 16:01:58,034] INFO django.server: "GET / HTTP/1.1" 200 7232
[2026-04-28 16:01:58,068] WARNING django.server: "GET /static/images/recipes/teriakichicken.png HTTP/1.1" 404 2026
[2026-04-28 16:02:01,434] INFO django.server: "GET / HTTP/1.1" 200 7232
[2026-04-28 16:02:01,461] INFO django.server: "GET /static/css/style.css HTTP/1.1" 200 11683
[2026-04-28 16:02:01,463] INFO django.server: "GET /static/images/Diplom4.jpg HTTP/1.1" 200 9632
[2026-04-28 16:02:01,468] WARNING django.server: "GET /static/images/recipes/teriakichicken.png HTTP/1.1" 404 2026
[2026-04-28 16:02:01,468] INFO django.server: "GET /static/images/diplom_1.jpg HTTP/1.1" 200 21609
[2026-04-28 16:02:01,468] INFO django.server: "GET /static/images/Diplom_2.jpg HTTP/1.1" 200 13406
[2026-04-28 16:02:01,469] INFO django.server: "GET /static/images/Diplom_3.jpg HTTP/1.1" 200 16226
[2026-04-28 16:02:01,471] INFO django.server: "GET /static/images/Diplom_5.png HTTP/1.1" 200 175374
[2026-04-28 16:02:01,473] INFO django.server: "GET /static/images/Diplom_6.png HTTP/1.1" 200 245054
[2026-04-28 16:02:01,591] INFO django.server: "GET /static/images/background.jpg HTTP/1.1" 200 162739
[2026-04-28 16:02:01,663] WARNING django.request: Not Found: /favicon.ico
[2026-04-28 16:02:01,664] WARNING django.server: "GET /favicon.ico HTTP/1.1" 404 6697
[2026-04-28 16:06:42,214] INFO django.server: "GET /admin/ HTTP/1.1" 200 18220
[2026-04-28 16:06:43,700] INFO django.server: "GET /admin/mainapp/recipes/ HTTP/1.1" 200 49084
[2026-04-28 16:06:43,778] INFO django.server: "GET /admin/jsi18n/ HTTP/1.1" 200 16820
[2026-04-28 16:06:45,220] INFO django.server: "GET /admin/mainapp/recipes/53/change/ HTTP/1.1" 200 23785
[2026-04-28 16:06:45,297] INFO django.server: "GET /admin/jsi18n/ HTTP/1.1" 200 16820
[2026-04-28 16:06:52,537] INFO django.server: "POST /admin/mainapp/recipes/53/change/ HTTP/1.1" 302 0
[2026-04-28 16:06:52,602] INFO django.server: "GET /admin/mainapp/recipes/ HTTP/1.1" 200 49346
[2026-04-28 16:06:52,683] INFO django.server: "GET /admin/jsi18n/ HTTP/1.1" 200 16820
[2026-04-28 16:06:56,826] INFO django.server: "GET / HTTP/1.1" 200 7234
[2026-04-28 16:06:56,867] WARNING django.server: "GET /static/images/recipes/Chicken_teriyaki.jpg HTTP/1.1" 404 2032
[2026-04-28 16:06:59,045] INFO django.server: "GET / HTTP/1.1" 200 7234
[2026-04-28 16:06:59,075] INFO django.server: "GET /static/css/style.css HTTP/1.1" 200 11683
[2026-04-28 16:06:59,076] INFO django.server: "GET /static/images/Diplom4.jpg HTTP/1.1" 200 9632
[2026-04-28 16:06:59,083] WARNING django.server: "GET /static/images/recipes/Chicken_teriyaki.jpg HTTP/1.1" 404 2032
[2026-04-28 16:06:59,084] INFO django.server: "GET /static/images/Diplom_2.jpg HTTP/1.1" 200 13406
[2026-04-28 16:06:59,084] INFO django.server: "GET /static/images/diplom_1.jpg HTTP/1.1" 200 21609
[2026-04-28 16:06:59,085] INFO django.server: "GET /static/images/Diplom_3.jpg HTTP/1.1" 200 16226
[2026-04-28 16:06:59,087] INFO django.server: "GET /static/images/Diplom_5.png HTTP/1.1" 200 175374
[2026-04-28 16:06:59,088] INFO django.server: "GET /static/images/Diplom_6.png HTTP/1.1" 200 245054
[2026-04-28 16:06:59,099] INFO django.server: "GET /static/images/background.jpg HTTP/1.1" 200 162739
[2026-04-28 16:06:59,327] WARNING django.request: Not Found: /favicon.ico
[2026-04-28 16:06:59,327] WARNING django.server: "GET /favicon.ico HTTP/1.1" 404 6697
[2026-04-28 16:07:19,887] INFO django.server: "GET / HTTP/1.1" 200 7234
[2026-04-28 16:07:19,918] INFO django.server: "GET /static/css/style.css HTTP/1.1" 200 11683
[2026-04-28 16:07:19,919] INFO django.server: "GET /static/images/Diplom4.jpg HTTP/1.1" 200 9632
[2026-04-28 16:07:19,923] INFO django.server: "GET /static/images/Diplom_2.jpg HTTP/1.1" 200 13406
[2026-04-28 16:07:19,923] WARNING django.server: "GET /static/images/recipes/Chicken_teriyaki.jpg HTTP/1.1" 404 2032
[2026-04-28 16:07:19,924] INFO django.server: "GET /static/images/diplom_1.jpg HTTP/1.1" 200 21609
[2026-04-28 16:07:19,924] INFO django.server: "GET /static/images/Diplom_3.jpg HTTP/1.1" 200 16226
[2026-04-28 16:07:19,927] INFO django.server: "GET /static/images/Diplom_5.png HTTP/1.1" 200 175374
[2026-04-28 16:07:19,927] INFO django.server: "GET /static/images/Diplom_6.png HTTP/1.1" 200 245054
[2026-04-28 16:07:19,939] INFO django.server: "GET /static/images/background.jpg HTTP/1.1" 200 162739
[2026-04-28 16:07:20,083] WARNING django.request: Not Found: /favicon.ico
[2026-04-28 16:07:20,083] WARNING django.server: "GET /favicon.ico HTTP/1.1" 404 6697
[2026-04-28 16:07:25,227] INFO django.utils.autoreload: Watching for file changes with StatReloader
[2026-04-28 16:07:27,077] INFO django.server: "GET / HTTP/1.1" 200 7234
[2026-04-28 16:07:27,264] WARNING django.server: "GET /static/images/recipes/Chicken_teriyaki.jpg HTTP/1.1" 404 2032
[2026-04-28 16:09:25,665] INFO django.utils.autoreload: Watching for file changes with StatReloader
[2026-04-28 16:09:27,010] INFO django.server: "GET / HTTP/1.1" 200 7234
[2026-04-28 16:09:27,222] WARNING django.server: "GET /static/images/recipes/Chicken_teriyaki.jpg HTTP/1.1" 404 2032
[2026-04-28 16:09:35,409] INFO django.server: "GET /admin/ HTTP/1.1" 200 18301
[2026-04-28 16:09:36,676] INFO django.server: "GET /admin/mainapp/recipes/ HTTP/1.1" 200 49084
[2026-04-28 16:09:36,757] INFO django.server: "GET /admin/jsi18n/ HTTP/1.1" 200 16820
[2026-04-28 16:09:38,011] INFO django.server: "GET /admin/mainapp/recipes/53/change/ HTTP/1.1" 200 23789
[2026-04-28 16:09:38,086] INFO django.server: "GET /admin/jsi18n/ HTTP/1.1" 200 16820
[2026-04-28 16:10:10,246] INFO django.server: "POST /admin/mainapp/recipes/53/change/ HTTP/1.1" 302 0
[2026-04-28 16:10:10,310] INFO django.server: "GET /admin/mainapp/recipes/ HTTP/1.1" 200 49346
[2026-04-28 16:10:10,395] INFO django.server: "GET /admin/jsi18n/ HTTP/1.1" 200 16820
[2026-04-28 16:10:13,124] INFO django.server: "GET / HTTP/1.1" 200 7242
[2026-04-28 16:10:13,159] WARNING django.server: "GET /static/images/recipes/Chicken_teriyaki_R0mQvFS.jpg HTTP/1.1" 404 2056
[2026-04-28 16:10:16,324] INFO django.server: "GET / HTTP/1.1" 200 7242
[2026-04-28 16:10:16,366] WARNING django.server: "GET /static/images/recipes/Chicken_teriyaki_R0mQvFS.jpg HTTP/1.1" 404 2056
[2026-04-28 16:10:16,480] INFO django.server: "GET /static/images/Diplom4.jpg HTTP/1.1" 200 9632
[2026-04-28 16:10:16,492] INFO django.server: "GET /static/images/Diplom_6.png HTTP/1.1" 200 245054
[2026-04-28 16:10:16,509] INFO django.server: "GET /static/images/diplom_1.jpg HTTP/1.1" 200 21609
[2026-04-28 16:10:16,511] INFO django.server: "GET /static/css/style.css HTTP/1.1" 200 11683
[2026-04-28 16:10:16,512] INFO django.server: "GET /static/images/Diplom_2.jpg HTTP/1.1" 200 13406
[2026-04-28 16:10:16,514] INFO django.server: "GET /static/images/Diplom_5.png HTTP/1.1" 200 175374
[2026-04-28 16:10:16,515] INFO django.server: "GET /static/images/Diplom_3.jpg HTTP/1.1" 200 16226
[2026-04-28 16:10:16,528] INFO django.server: "GET /static/images/background.jpg HTTP/1.1" 200 162739
[2026-04-28 16:10:16,759] WARNING django.request: Not Found: /favicon.ico
[2026-04-28 16:10:16,759] WARNING django.server: "GET /favicon.ico HTTP/1.1" 404 6697
[2026-04-28 16:11:42,015] INFO django.utils.autoreload: Watching for file changes with StatReloader
[2026-04-28 16:11:43,160] INFO django.server: "GET / HTTP/1.1" 200 7304
[2026-04-28 16:11:43,340] WARNING django.request: Not Found: /media/diplom_1.jpg
[2026-04-28 16:11:43,342] WARNING django.request: Not Found: /media/Diplom4.jpg
[2026-04-28 16:11:43,347] WARNING django.request: Not Found: /media/Diplom_2.jpg
[2026-04-28 16:11:43,347] WARNING django.server: "GET /media/diplom_1.jpg HTTP/1.1" 404 6957
[2026-04-28 16:11:43,348] WARNING django.server: "GET /media/Diplom4.jpg HTTP/1.1" 404 6953
[2026-04-28 16:11:43,351] WARNING django.request: Not Found: /media/Diplom_5.png
[2026-04-28 16:11:43,352] WARNING django.server: "GET /media/Diplom_2.jpg HTTP/1.1" 404 6957
[2026-04-28 16:11:43,357] WARNING django.request: Not Found: /media/Diplom_6.png
[2026-04-28 16:11:43,357] WARNING django.server: "GET /media/Diplom_5.png HTTP/1.1" 404 6957
[2026-04-28 16:11:43,359] WARNING django.request: Not Found: /media/Diplom_3.jpg
[2026-04-28 16:11:43,360] WARNING django.server: "GET /media/Diplom_6.png HTTP/1.1" 404 6957
[2026-04-28 16:11:43,360] WARNING django.server: "GET /media/Diplom_3.jpg HTTP/1.1" 404 6957
[2026-04-28 16:11:43,403] INFO django.server: "GET /media/recipes/Chicken_teriyaki_R0mQvFS.jpg HTTP/1.1" 200 136236
[2026-04-28 16:13:14,876] INFO django.server: "GET / HTTP/1.1" 200 7304
[2026-04-28 16:13:14,909] INFO django.server: "GET /media/recipes/Chicken_teriyaki_R0mQvFS.jpg HTTP/1.1" 304 0
[2026-04-28 16:13:14,910] INFO django.server: "GET /media/Diplom_2.jpg HTTP/1.1" 200 13406
[2026-04-28 16:13:14,910] INFO django.server: "GET /media/Diplom_3.jpg HTTP/1.1" 200 16226
[2026-04-28 16:13:14,910] INFO django.server: "GET /media/Diplom4.jpg HTTP/1.1" 200 9632
[2026-04-28 16:13:14,911] INFO django.server: "GET /media/diplom_1.jpg HTTP/1.1" 200 21609
[2026-04-28 16:13:14,912] INFO django.server: "GET /media/Diplom_5.png HTTP/1.1" 200 175374
[2026-04-28 16:13:14,925] INFO django.server: "GET /media/Diplom_6.png HTTP/1.1" 200 245054
[2026-04-28 16:14:48,124] INFO django.utils.autoreload: Watching for file changes with StatReloader
[2026-04-28 16:14:53,383] INFO django.server: "GET / HTTP/1.1" 200 7304
[2026-04-28 16:14:53,565] INFO django.server: "GET /media/diplom_1.jpg HTTP/1.1" 304 0
[2026-04-28 16:14:53,565] INFO django.server: "GET /media/Diplom4.jpg HTTP/1.1" 304 0
[2026-04-28 16:14:53,568] INFO django.server: "GET /media/Diplom_2.jpg HTTP/1.1" 304 0
[2026-04-28 16:14:53,569] INFO django.server: "GET /media/Diplom_5.png HTTP/1.1" 304 0
[2026-04-28 16:14:53,569] INFO django.server: "GET /media/Diplom_3.jpg HTTP/1.1" 304 0
[2026-04-28 16:14:53,569] INFO django.server: "GET /media/recipes/Chicken_teriyaki_R0mQvFS.jpg HTTP/1.1" 304 0
[2026-04-28 16:14:53,571] INFO django.server: "GET /media/Diplom_6.png HTTP/1.1" 304 0
[2026-04-28 16:18:20,946] INFO django.server: "GET /admin/ HTTP/1.1" 200 18382
[2026-04-28 16:18:22,210] INFO django.server: "GET /admin/mainapp/recipes/ HTTP/1.1" 200 49084
[2026-04-28 16:18:22,393] INFO django.server: "GET /admin/jsi18n/ HTTP/1.1" 200 16820
[2026-04-28 16:18:23,407] INFO django.server: "GET /admin/mainapp/recipes/54/change/ HTTP/1.1" 200 23454
[2026-04-28 16:18:23,479] INFO django.server: "GET /admin/jsi18n/ HTTP/1.1" 200 16820
[2026-04-28 16:18:37,313] INFO django.server: "POST /admin/mainapp/recipes/54/change/ HTTP/1.1" 302 0
[2026-04-28 16:18:37,379] INFO django.server: "GET /admin/mainapp/recipes/ HTTP/1.1" 200 49334
[2026-04-28 16:18:37,459] INFO django.server: "GET /admin/jsi18n/ HTTP/1.1" 200 16820
[2026-04-28 16:18:40,378] INFO django.server: "GET / HTTP/1.1" 200 7311
[2026-04-28 16:18:40,420] INFO django.server: "GET /media/diplom_1.jpg HTTP/1.1" 304 0
[2026-04-28 16:18:40,421] INFO django.server: "GET /media/Diplom4.jpg HTTP/1.1" 304 0
[2026-04-28 16:18:40,421] INFO django.server: "GET /media/Diplom_2.jpg HTTP/1.1" 304 0
[2026-04-28 16:18:40,421] INFO django.server: "GET /media/Diplom_5.png HTTP/1.1" 304 0
[2026-04-28 16:18:40,422] INFO django.server: "GET /media/recipes/Chicken_teriyaki_R0mQvFS.jpg HTTP/1.1" 304 0
[2026-04-28 16:18:40,426] INFO django.server: "GET /media/Diplom_3.jpg HTTP/1.1" 304 0
[2026-04-28 16:18:40,428] INFO django.server: "GET /media/Diplom_6.png HTTP/1.1" 304 0
[2026-04-28 16:18:40,524] INFO django.server: "GET /media/recipes/pasta-karbonara.jpg HTTP/1.1" 200 231354
